ID,Year,Day,Observer,Midichlorian,Sex
A1,2,166,Han,10645.35571,Male
A1,10,156,Han,10070.88169,Male
A1,13,158,Re,9725.236588,Male
A1,9,204,Chewbacca,9659.047817,Male
A1,10,248,Poe,9818.790221,Male
A1,15,263,Leia,9930.700298,Male
A1,1,257,Finn,10118.30419,Male
A1,11,161,Han,10253.66887,Male
A1,10,160,Poe,9651.589695,Male
A1,12,234,Luke,9967.240326,Male
A10,6,193,Chewbacca,9742.459666,Female
A10,6,245,Luke,10007.48198,Female
A10,15,219,Leia,10387.30049,Female
A10,9,252,Han,10213.79786,Female
A10,16,202,Chewbacca,9686.394839,Female
A10,1,239,Poe,9813.027319,Female
A10,10,242,Re,9914.850723,Female
A10,14,169,Chewbacca,9858.848377,Female
A10,14,248,Finn,9886.99173,Female
A10,10,216,Re,10372.82286,Female
A11,14,200,Chewbacca,10292.82523,Male
A11,14,241,Leia,10158.69943,Male
A11,13,191,Re,9753.320534,Male
A11,11,260,Leia,10346.50932,Male
A11,7,243,Chewbacca,9700.909517,Male
A11,17,241,Kylo,9947.934415,Male
A11,3,247,Finn,10117.89313,Male
A11,4,227,Leia,10354.58686,Male
A11,3,205,Chewbacca,9782.61941,Male
A11,6,208,Han,10217.39016,Male
A12,8,223,Leia,10109.01872,Female
A12,1,150,Re,10046.32201,Female
A12,12,264,Re,9499.076441,Female
A12,2,203,Kylo,9994.796827,Female
A12,5,210,Luke,10090.37179,Female
A12,12,188,Han,9846.522551,Female
A12,15,180,Luke,10004.13472,Female
A12,17,182,Finn,10425.75084,Female
A12,15,235,Re,10217.30144,Female
A12,15,151,Chewbacca,10087.40892,Female
A13,14,259,Poe,9973.414159,Male
A13,1,187,Kylo,9706.668186,Male
A13,4,187,Kylo,9851.336506,Male
A13,10,226,Han,10335.37766,Male
A13,1,260,Re,9487.237112,Male
A13,17,170,Luke,9834.017263,Male
A13,14,260,Han,9731.168129,Male
A13,5,201,Poe,10126.51406,Male
A13,10,256,Re,10162.79636,Male
A13,4,264,Han,9991.518756,Male
A14,10,193,Kylo,9771.920388,Female
A14,10,220,Re,9706.88054,Female
A14,7,234,Han,9680.962562,Female
A14,12,206,Kylo,9946.711188,Female
A14,4,200,Chewbacca,10509.13075,Female
A14,12,150,Poe,9831.785335,Female
A14,11,208,Chewbacca,10128.29497,Female
A14,3,162,Re,9656.105391,Female
A14,1,183,Luke,9946.95312,Female
A14,15,263,Kylo,10192.78785,Female
A15,13,197,Luke,10080.40415,Male
A15,17,150,Kylo,10088.81723,Male
A15,2,215,Re,9749.022396,Male
A15,3,158,Finn,10108.92812,Male
A15,6,229,Han,10042.31251,Male
A15,16,239,Poe,10053.18067,Male
A15,5,183,Finn,10007.37046,Male
A15,1,194,Re,10018.33148,Male
A15,1,211,Re,9934.571898,Male
A15,13,255,Finn,10269.353,Male
A16,16,199,Poe,9623.465765,Female
A16,7,219,Luke,9977.550081,Female
A16,8,176,Han,10203.00602,Female
A16,12,166,Re,10272.71998,Female
A16,12,262,Leia,9739.124465,Female
A16,12,217,Leia,10209.44091,Female
A16,8,187,Luke,10152.11793,Female
A16,14,231,Poe,9977.189748,Female
A16,7,190,Leia,9885.867461,Female
A16,6,158,Finn,9986.479646,Female
A17,16,212,Poe,9555.555073,Male
A17,8,185,Finn,9875.743198,Male
A17,4,213,Kylo,9951.313495,Male
A17,13,216,Chewbacca,10130.11373,Male
A17,9,205,Finn,9753.290432,Male
A17,16,230,Re,10039.94444,Male
A17,3,250,Finn,10021.11315,Male
A17,2,222,Re,9814.563953,Male
A17,2,257,Poe,10121.91023,Male
A17,2,168,Finn,9999.876259,Male
A18,13,194,Kylo,10000.7086,Female
A18,8,251,Finn,9886.170755,Female
A18,17,234,Leia,10017.26964,Female
A18,5,151,Leia,9811.295731,Female
A18,2,220,Luke,9964.903777,Female
A18,16,159,Leia,9906.956299,Female
A18,16,228,Leia,10097.18105,Female
A18,9,188,Kylo,9993.122945,Female
A18,6,183,Poe,10181.31086,Female
A18,4,199,Leia,9918.057917,Female
A19,13,250,Leia,10090.33314,Male
A19,17,236,Kylo,9923.378289,Male
A19,16,235,Luke,10122.25926,Male
A19,10,199,Leia,9937.800267,Male
A19,4,225,Kylo,10072.09331,Male
A19,5,166,Re,9844.010046,Male
A19,1,197,Chewbacca,9906.553478,Male
A19,11,262,Han,10150.55025,Male
A19,10,162,Finn,9996.854911,Male
A19,4,260,Re,9923.506639,Male
A2,8,204,Luke,10057.98492,Female
A2,4,231,Poe,10088.50423,Female
A2,14,202,Kylo,9934.554284,Female
A2,7,220,Finn,10083.02336,Female
A2,7,256,Poe,9779.993281,Female
A2,6,182,Kylo,10509.06241,Female
A2,5,241,Poe,10339.51135,Female
A2,17,181,Kylo,10021.3305,Female
A2,5,195,Re,10165.30519,Female
A2,16,184,Kylo,9997.067098,Female
A20,15,188,Han,10264.49204,Male
A20,5,174,Finn,9887.77153,Male
A20,12,259,Leia,10051.0012,Male
A20,1,254,Han,10005.90451,Male
A20,8,231,Luke,10184.94,Male
A20,2,207,Han,10080.19291,Male
A20,17,224,Han,9553.985412,Male
A20,7,262,Poe,9737.415631,Male
A20,2,254,Finn,9733.63568,Male
A20,4,157,Luke,10033.55309,Male
A21,14,258,Chewbacca,10383.79184,Female
A21,16,187,Finn,9423.59828,Female
A21,3,166,Luke,9943.400228,Female
A21,15,194,Poe,9948.690473,Female
A21,8,219,Finn,10088.52222,Female
A21,11,155,Han,10238.31346,Female
A21,7,252,Luke,10126.27643,Female
A21,16,173,Luke,10115.63912,Female
A21,13,243,Kylo,9997.660486,Female
A21,16,259,Poe,10182.89984,Female
A22,5,255,Poe,9934.117254,Male
A22,8,251,Luke,10225.10743,Male
A22,8,221,Finn,10163.08253,Male
A22,9,224,Poe,10077.30159,Male
A22,10,217,Luke,9749.59393,Male
A22,2,201,Chewbacca,9708.681218,Male
A22,1,193,Poe,10350.92127,Male
A22,12,227,Re,9900.974183,Male
A22,14,170,Poe,9697.104631,Male
A22,11,165,Poe,10183.67571,Male
A23,11,203,Leia,9989.724492,Female
A23,10,186,Han,9864.646771,Female
A23,6,170,Chewbacca,10037.2628,Female
A23,13,194,Luke,10351.71601,Female
A23,2,185,Chewbacca,10384.89877,Female
A23,9,254,Re,9764.861631,Female
A23,3,190,Leia,10040.37108,Female
A23,3,241,Leia,10685.87965,Female
A23,17,238,Finn,9695.022815,Female
A23,5,172,Luke,9902.762189,Female
A24,1,264,Finn,9925.88935,Male
A24,3,232,Chewbacca,10010.07923,Male
A24,13,242,Kylo,9597.162285,Male
A24,15,254,Poe,10213.27402,Male
A24,8,260,Finn,9767.033478,Male
A24,10,258,Han,9793.44661,Male
A24,15,178,Chewbacca,10015.77938,Male
A24,17,261,Leia,9703.818629,Male
A24,15,160,Poe,9860.396247,Male
A24,13,223,Leia,9995.571932,Male
A25,5,179,Chewbacca,9941.814166,Female
A25,11,166,Leia,10124.5957,Female
A25,1,232,Han,9723.925657,Female
A25,17,254,Kylo,9978.524871,Female
A25,2,202,Finn,10496.01497,Female
A25,10,222,Chewbacca,9730.775967,Female
A25,6,220,Kylo,9909.543137,Female
A25,4,164,Re,10128.42312,Female
A25,15,259,Finn,9714.287061,Female
A25,2,203,Chewbacca,9864.716677,Female
A26,1,187,Kylo,9427.011087,Male
A26,12,211,Finn,10415.49975,Male
A26,6,212,Leia,9947.259593,Male
A26,15,233,Han,9892.39923,Male
A26,9,166,Leia,9579.726225,Male
A26,11,160,Chewbacca,10037.88101,Male
A26,14,236,Finn,10100.40255,Male
A26,9,162,Leia,9952.958353,Male
A26,15,216,Chewbacca,10070.42646,Male
A26,8,188,Luke,10077.90922,Male
A27,14,263,Luke,10402.20376,Female
A27,9,234,Poe,10571.10709,Female
A27,5,183,Re,9606.958709,Female
A27,14,222,Re,9626.798564,Female
A27,1,170,Han,10049.94268,Female
A27,3,253,Leia,10298.32142,Female
A27,6,165,Leia,10026.27547,Female
A27,15,222,Re,10355.44916,Female
A27,15,158,Finn,9861.475146,Female
A27,4,259,Luke,9547.064856,Female
A28,13,174,Kylo,10111.23297,Male
A28,7,252,Kylo,10206.28451,Male
A28,15,185,Chewbacca,9896.676715,Male
A28,3,234,Poe,10402.15543,Male
A28,9,200,Han,9900.747369,Male
A28,13,215,Poe,10388.54808,Male
A28,15,180,Finn,9861.424508,Male
A28,1,230,Chewbacca,10033.20869,Male
A28,11,197,Leia,10004.17884,Male
A28,4,190,Leia,9545.319442,Male
A29,4,188,Han,10096.21102,Female
A29,15,195,Luke,10328.77848,Female
A29,8,186,Finn,10049.1055,Female
A29,7,256,Re,10155.2262,Female
A29,12,181,Poe,9977.144252,Female
A29,4,205,Finn,10169.96529,Female
A29,10,252,Re,9776.576078,Female
A29,15,176,Leia,10182.45899,Female
A29,13,184,Han,10122.61863,Female
A29,4,247,Poe,10133.71653,Female
A3,13,251,Poe,10060.98531,Male
A3,2,210,Re,10035.94993,Male
A3,10,169,Chewbacca,9714.922766,Male
A3,1,157,Re,9917.053182,Male
A3,14,152,Re,10198.8401,Male
A3,10,195,Han,10340.28896,Male
A3,12,218,Luke,9910.293279,Male
A3,5,235,Han,9809.092308,Male
A3,7,234,Poe,9763.365477,Male
A3,4,169,Luke,10045.41138,Male
A30,12,232,Re,9824.737275,Female
A30,1,188,Poe,9874.390599,Female
A30,4,197,Finn,10078.64346,Female
A30,3,175,Finn,9903.262226,Female
A30,14,201,Poe,10229.62263,Female
A30,1,195,Chewbacca,9838.207145,Female
A30,7,259,Re,10125.63138,Female
A30,9,264,Chewbacca,9969.607242,Female
A30,14,190,Finn,9635.963952,Female
A30,10,150,Leia,9810.729557,Female
A31,7,259,Chewbacca,10582.3967,Male
A31,15,172,Re,9798.628548,Male
A31,7,177,Re,10334.78224,Male
A31,14,258,Re,9821.873033,Male
A31,6,253,Leia,9840.793127,Male
A31,9,193,Leia,10174.71951,Male
A31,17,185,Poe,10017.58958,Male
A31,12,248,Luke,9583.366439,Male
A31,5,209,Poe,9784.753083,Male
A31,10,264,Re,9718.06516,Male
A32,5,185,Finn,10517.39947,Female
A32,14,228,Re,10025.79298,Female
A32,7,213,Finn,9990.456495,Female
A32,5,165,Leia,9892.518274,Female
A32,14,228,Kylo,9687.316772,Female
A32,15,229,Han,9888.099571,Female
A32,12,265,Leia,9809.537211,Female
A32,10,239,Leia,9977.159226,Female
A32,13,230,Leia,9925.970871,Female
A32,5,255,Han,10067.19228,Female
A33,1,241,Chewbacca,9825.386105,Male
A33,8,176,Kylo,9713.126898,Male
A33,8,253,Re,10205.02142,Male
A33,11,157,Chewbacca,9974.056204,Male
A33,5,197,Chewbacca,10187.16841,Male
A33,16,237,Poe,10104.92865,Male
A33,4,176,Poe,9760.02603,Male
A33,6,241,Poe,9846.386927,Male
A33,6,158,Kylo,10218.03781,Male
A33,7,173,Finn,9815.375086,Male
A34,15,157,Han,10174.49358,Female
A34,5,210,Re,9420.615353,Female
A34,4,197,Han,9860.53456,Female
A34,4,207,Kylo,9581.227557,Female
A34,11,208,Kylo,10333.93034,Female
A34,4,169,Finn,9897.519389,Female
A34,2,155,Re,9428.810447,Female
A34,6,156,Chewbacca,10317.63332,Female
A34,16,232,Luke,9791.789373,Female
A34,4,223,Poe,9638.06571,Female
A35,14,213,Kylo,10531.50536,Male
A35,2,184,Han,10137.16709,Male
A35,11,191,Kylo,9486.936288,Male
A35,6,220,Finn,9850.470264,Male
A35,1,151,Luke,10300.53229,Male
A35,7,247,Poe,9947.87671,Male
A35,2,199,Luke,9676.60953,Male
A35,13,254,Re,9948.791823,Male
A35,13,254,Luke,10278.18305,Male
A35,7,261,Leia,10200.34947,Male
A36,2,238,Re,10380.8563,Female
A36,6,193,Finn,10362.27605,Female
A36,12,247,Chewbacca,9920.873403,Female
A36,11,193,Re,9827.936397,Female
A36,6,177,Chewbacca,9815.034465,Female
A36,17,261,Chewbacca,10165.64299,Female
A36,12,252,Chewbacca,10381.43209,Female
A36,8,170,Han,10351.73513,Female
A36,8,212,Leia,9151.365197,Female
A36,17,193,Finn,9979.450547,Female
A37,15,160,Han,9920.414421,Male
A37,10,232,Luke,10281.63986,Male
A37,7,189,Finn,10047.79343,Male
A37,16,205,Leia,9866.107371,Male
A37,8,193,Leia,10190.02409,Male
A37,1,187,Poe,9987.256905,Male
A37,6,212,Han,10163.06357,Male
A37,2,207,Kylo,10406.19186,Male
A37,14,236,Leia,9816.7139,Male
A37,5,215,Poe,10036.64095,Male
A38,1,249,Kylo,9900.879583,Female
A38,14,224,Chewbacca,9698.460869,Female
A38,1,150,Kylo,10485.46198,Female
A38,16,226,Leia,10201.49857,Female
A38,2,210,Kylo,10268.47546,Female
A38,2,204,Re,10053.6187,Female
A38,14,254,Han,9937.359584,Female
A38,5,200,Luke,10090.26035,Female
A38,7,180,Luke,9845.808339,Female
A38,14,205,Finn,9927.842728,Female
A39,6,172,Kylo,9603.659445,Male
A39,17,248,Han,10186.88716,Male
A39,15,209,Chewbacca,10377.84093,Male
A39,2,226,Luke,10317.90049,Male
A39,9,242,Poe,10044.83716,Male
A39,16,205,Leia,9662.993198,Male
A39,12,236,Poe,9661.61978,Male
A39,16,170,Kylo,9730.6838,Male
A39,12,219,Kylo,10103.69345,Male
A39,8,252,Finn,9715.876426,Male
A4,5,243,Luke,10356.23154,Female
A4,6,159,Poe,9348.22424,Female
A4,1,227,Han,10419.71747,Female
A4,6,252,Chewbacca,9907.515974,Female
A4,15,210,Chewbacca,9893.079157,Female
A4,17,185,Kylo,9892.673186,Female
A4,5,210,Chewbacca,9623.643717,Female
A4,16,252,Leia,9727.441166,Female
A4,15,157,Re,10177.18717,Female
A4,16,220,Re,9915.806918,Female
A40,7,246,Leia,10005.7069,Male
A40,10,252,Leia,10171.25547,Male
A40,4,165,Finn,10054.03586,Male
A40,16,183,Poe,9663.342742,Male
A40,8,206,Chewbacca,9656.917233,Male
A40,5,232,Leia,10032.43556,Male
A40,4,175,Chewbacca,10028.70275,Male
A40,2,155,Poe,10026.20603,Male
A40,12,218,Re,9912.118829,Male
A40,4,219,Kylo,10349.75387,Male
A41,11,245,Finn,9455.720536,Female
A41,8,159,Kylo,9890.252049,Female
A41,15,235,Luke,10456.72253,Female
A41,6,189,Luke,10045.24026,Female
A41,1,261,Poe,10374.12666,Female
A41,7,227,Luke,9967.063118,Female
A41,6,236,Re,10108.37625,Female
A41,7,248,Finn,9613.459708,Female
A41,9,216,Chewbacca,9837.785467,Female
A41,8,224,Han,9741.865027,Female
A42,3,221,Re,9845.900012,Male
A42,14,172,Luke,9866.769841,Male
A42,4,232,Poe,9599.674438,Male
A42,14,202,Finn,9690.167027,Male
A42,1,164,Han,9638.938188,Male
A42,12,198,Luke,9791.550271,Male
A42,10,238,Han,10266.30007,Male
A42,16,210,Kylo,10078.82693,Male
A42,15,152,Re,10178.72925,Male
A42,1,252,Leia,10224.28365,Male
A43,16,231,Chewbacca,9961.43918,Female
A43,9,198,Han,9715.489618,Female
A43,17,215,Chewbacca,9914.988315,Female
A43,12,186,Kylo,9996.966175,Female
A43,3,252,Chewbacca,9951.76648,Female
A43,7,182,Chewbacca,10001.71576,Female
A43,9,259,Finn,9853.097748,Female
A43,15,243,Luke,9910.953516,Female
A43,11,256,Leia,9616.382532,Female
A43,17,193,Chewbacca,10628.53505,Female
A44,14,204,Finn,9974.797959,Male
A44,9,217,Finn,10056.17711,Male
A44,15,236,Kylo,10123.48707,Male
A44,1,237,Kylo,10185.39947,Male
A44,8,213,Chewbacca,10122.57981,Male
A44,10,253,Chewbacca,10119.12162,Male
A44,4,198,Finn,10054.92312,Male
A44,8,155,Re,9936.653654,Male
A44,9,174,Leia,9707.004117,Male
A44,7,247,Poe,10306.75356,Male
A45,4,239,Finn,9974.161541,Female
A45,8,201,Luke,10065.83377,Female
A45,10,215,Finn,9720.458352,Female
A45,4,192,Leia,9943.331378,Female
A45,16,232,Han,9989.247025,Female
A45,15,250,Finn,9765.574578,Female
A45,16,208,Leia,10469.81667,Female
A45,1,255,Poe,10120.64877,Female
A45,4,165,Han,10102.09849,Female
A45,14,241,Luke,9892.107925,Female
A46,1,173,Re,9743.139325,Male
A46,10,181,Leia,9872.188162,Male
A46,1,173,Poe,9659.643391,Male
A46,7,265,Re,10458.71749,Male
A46,4,259,Re,10170.11701,Male
A46,7,191,Luke,9807.333556,Male
A46,15,212,Han,9923.828051,Male
A46,10,224,Kylo,9804.258883,Male
A46,16,257,Re,10100.30693,Male
A46,3,251,Finn,10317.28016,Male
A47,4,193,Leia,10096.4755,Female
A47,3,219,Finn,10401.77668,Female
A47,17,230,Luke,9616.34266,Female
A47,8,187,Kylo,10044.86061,Female
A47,4,259,Kylo,10243.85729,Female
A47,11,252,Chewbacca,10110.88478,Female
A47,10,228,Re,10216.12102,Female
A47,7,245,Luke,10173.48039,Female
A47,5,224,Chewbacca,9827.472202,Female
A47,10,237,Poe,9866.216454,Female
A48,4,199,Poe,9645.197475,Male
A48,1,178,Finn,9856.908898,Male
A48,7,183,Luke,10010.82477,Male
A48,15,215,Re,9629.68703,Male
A48,6,240,Re,9971.628165,Male
A48,8,186,Finn,10244.12811,Male
A48,13,212,Poe,10023.41006,Male
A48,17,207,Re,9910.761959,Male
A48,17,243,Chewbacca,9802.500406,Male
A48,2,173,Leia,9546.839625,Male
A49,17,251,Poe,9467.107009,Female
A49,10,234,Poe,10361.58558,Female
A49,11,164,Finn,10192.02516,Female
A49,14,177,Chewbacca,10199.67041,Female
A49,6,201,Poe,10284.05949,Female
A49,15,263,Poe,9988.422158,Female
A49,13,172,Finn,10226.09436,Female
A49,9,168,Re,9640.742221,Female
A49,13,157,Han,9946.979618,Female
A49,10,251,Finn,10255.9102,Female
A5,14,209,Chewbacca,10042.28816,Male
A5,13,192,Poe,9961.303227,Male
A5,2,165,Kylo,10292.77944,Male
A5,13,196,Finn,9869.786363,Male
A5,6,194,Re,10441.45488,Male
A5,10,204,Poe,9785.719149,Male
A5,1,251,Chewbacca,9859.320111,Male
A5,17,218,Poe,9628.711946,Male
A5,10,186,Poe,9828.708554,Male
A5,5,170,Luke,9998.488881,Male
A50,12,165,Re,10169.54031,Female
A50,6,180,Luke,10011.34287,Female
A50,1,168,Poe,9829.22321,Female
A50,4,175,Han,10259.94365,Female
A50,16,155,Han,10040.14396,Female
A50,15,190,Chewbacca,10443.32463,Female
A50,1,178,Han,10452.86388,Female
A50,11,260,Leia,10255.66616,Female
A50,17,234,Luke,10310.84511,Female
A50,1,264,Re,10165.59901,Female
A6,8,192,Han,9827.042696,Male
A6,8,223,Luke,9586.932262,Male
A6,8,227,Luke,9887.428761,Male
A6,2,157,Chewbacca,9827.969979,Male
A6,11,218,Han,9631.19093,Male
A6,11,234,Han,9811.108199,Male
A6,13,190,Han,9986.280326,Male
A6,8,245,Poe,9798.353522,Male
A6,2,254,Kylo,10311.07163,Male
A6,8,172,Han,10006.52928,Male
A7,12,248,Finn,10329.0541,Female
A7,5,166,Kylo,9828.915916,Female
A7,13,187,Chewbacca,9990.970499,Female
A7,12,176,Kylo,9719.47649,Female
A7,11,203,Finn,9437.581494,Female
A7,16,219,Luke,9884.773731,Female
A7,16,202,Kylo,9952.289013,Female
A7,1,210,Poe,9910.710231,Female
A7,4,246,Leia,10074.25143,Female
A7,7,195,Poe,9889.191611,Female
A8,10,163,Leia,9824.673577,Male
A8,16,207,Finn,10169.0656,Male
A8,3,217,Luke,9822.123392,Male
A8,5,209,Han,9905.490653,Male
A8,7,259,Poe,10083.00397,Male
A8,11,196,Han,10123.00688,Male
A8,14,238,Kylo,9593.761627,Male
A8,14,156,Re,9723.265052,Male
A8,14,161,Re,9736.673328,Male
A8,14,195,Re,9710.618999,Male
A9,2,158,Luke,10140.82637,Female
A9,6,206,Finn,10186.57511,Female
A9,3,231,Luke,10290.17631,Female
A9,8,216,Leia,10189.37974,Female
A9,16,228,Re,10264.69958,Female
A9,14,254,Luke,10093.19977,Female
A9,14,195,Kylo,10051.60574,Female
A9,13,253,Kylo,10030.64804,Female
A9,2,222,Luke,10013.08202,Female
A9,6,223,Poe,9777.108516,Female
B1,3,155,Poe,9762.625662,Male
B1,5,191,Chewbacca,9941.123588,Male
B1,16,216,Re,9873.430042,Male
B1,7,216,Finn,10016.14806,Male
B1,13,198,Finn,9911.449405,Male
B1,10,237,Han,9842.17293,Male
B1,7,260,Poe,9622.351141,Male
B1,7,203,Kylo,10052.15949,Male
B1,13,229,Luke,9828.653789,Male
B1,1,164,Poe,9956.412746,Male
B10,6,201,Chewbacca,9889.401864,Female
B10,4,251,Luke,9979.726098,Female
B10,7,153,Finn,9914.474289,Female
B10,11,188,Re,9667.058957,Female
B10,11,156,Han,10226.75305,Female
B10,15,197,Leia,10008.6962,Female
B10,15,199,Poe,9647.861496,Female
B10,5,258,Chewbacca,9821.955042,Female
B10,9,218,Chewbacca,9952.3091,Female
B10,2,216,Poe,10135.37217,Female
B11,14,230,Finn,9817.064784,Male
B11,7,183,Chewbacca,10378.87102,Male
B11,17,234,Luke,10426.12716,Male
B11,8,175,Kylo,9846.302249,Male
B11,14,257,Kylo,9518.272996,Male
B11,15,166,Luke,9892.638265,Male
B11,1,191,Poe,10112.92427,Male
B11,17,185,Luke,10137.43884,Male
B11,14,261,Re,10048.63761,Male
B11,9,162,Leia,10039.54776,Male
B12,9,177,Kylo,9731.654431,Female
B12,4,164,Leia,10008.19984,Female
B12,4,152,Finn,9931.908857,Female
B12,12,154,Leia,9952.413229,Female
B12,10,151,Han,10066.33494,Female
B12,3,169,Re,9648.635563,Female
B12,7,171,Kylo,10364.37279,Female
B12,12,162,Poe,9828.896498,Female
B12,7,202,Chewbacca,9781.468763,Female
B12,8,224,Chewbacca,9756.975201,Female
B13,8,205,Kylo,10671.8343,Male
B13,16,150,Chewbacca,10365.40332,Male
B13,1,219,Poe,10232.76191,Male
B13,2,184,Chewbacca,9709.153302,Male
B13,15,239,Chewbacca,10130.95794,Male
B13,17,202,Kylo,10106.17219,Male
B13,8,221,Leia,10052.22962,Male
B13,15,233,Kylo,9921.301641,Male
B13,4,180,Han,9542.897559,Male
B13,15,234,Finn,10356.49516,Male
B14,14,167,Leia,9816.355745,Female
B14,3,213,Re,9954.473714,Female
B14,17,199,Re,9934.142909,Female
B14,17,220,Leia,10040.81984,Female
B14,16,244,Leia,10247.96151,Female
B14,5,232,Finn,10294.61167,Female
B14,8,235,Chewbacca,9363.953737,Female
B14,14,151,Re,9945.950101,Female
B14,11,164,Leia,9870.113614,Female
B14,8,150,Kylo,9960.267769,Female
B15,14,170,Luke,10164.83987,Male
B15,14,184,Leia,10229.35916,Male
B15,1,166,Poe,10202.20894,Male
B15,8,235,Finn,9659.79446,Male
B15,8,216,Chewbacca,9762.038457,Male
B15,17,261,Luke,9990.056834,Male
B15,11,168,Han,10093.94997,Male
B15,16,214,Finn,10187.74007,Male
B15,1,217,Luke,9654.014027,Male
B15,3,210,Re,9703.850789,Male
B16,5,183,Han,9568.106305,Female
B16,6,254,Han,10097.30163,Female
B16,17,262,Poe,10690.2598,Female
B16,17,216,Poe,9763.119685,Female
B16,11,236,Han,10191.33199,Female
B16,11,175,Poe,10341.93628,Female
B16,12,164,Finn,10031.22234,Female
B16,16,192,Poe,9800.578113,Female
B16,7,225,Re,10186.08914,Female
B16,6,237,Finn,9822.717506,Female
B17,5,184,Finn,10304.43715,Male
B17,15,249,Re,9937.061248,Male
B17,4,206,Chewbacca,10213.81084,Male
B17,2,171,Han,10499.90642,Male
B17,2,152,Finn,10213.65627,Male
B17,1,257,Han,9898.535646,Male
B17,16,251,Chewbacca,9816.680706,Male
B17,15,222,Han,10170.0572,Male
B17,1,172,Han,9851.754539,Male
B17,16,216,Han,10164.95828,Male
B18,16,174,Kylo,9960.718992,Female
B18,1,261,Kylo,9857.053824,Female
B18,15,223,Re,9948.244031,Female
B18,5,252,Finn,10029.63668,Female
B18,13,236,Re,10327.48668,Female
B18,14,162,Poe,9898.632916,Female
B18,12,212,Poe,10249.6337,Female
B18,17,154,Kylo,9719.41152,Female
B18,5,236,Re,10325.07188,Female
B18,5,252,Chewbacca,10291.0731,Female
B19,7,171,Chewbacca,9729.455102,Male
B19,15,179,Leia,9980.619505,Male
B19,8,168,Poe,10169.47074,Male
B19,17,222,Finn,9954.971428,Male
B19,12,262,Han,10318.10158,Male
B19,1,193,Luke,10064.5475,Male
B19,6,202,Luke,9815.147986,Male
B19,4,158,Finn,10016.88549,Male
B19,2,160,Leia,9899.251867,Male
B19,2,178,Poe,10577.02865,Male
B2,3,229,Finn,10177.00756,Female
B2,4,197,Poe,9718.882934,Female
B2,9,156,Kylo,10062.33692,Female
B2,14,204,Han,10076.03151,Female
B2,12,224,Han,9813.760173,Female
B2,5,174,Han,9903.449833,Female
B2,6,249,Kylo,9945.336427,Female
B2,11,152,Re,9829.364377,Female
B2,15,220,Han,10588.14052,Female
B2,14,171,Leia,10033.63444,Female
B20,5,226,Han,9923.853237,Male
B20,14,191,Poe,10405.82312,Male
B20,12,179,Leia,9119.014887,Male
B20,5,216,Finn,10191.21865,Male
B20,2,238,Chewbacca,10093.41889,Male
B20,3,183,Kylo,10104.42786,Male
B20,1,210,Kylo,9795.717536,Male
B20,10,197,Luke,9833.835625,Male
B20,7,251,Finn,10280.89546,Male
B20,10,247,Re,9608.019464,Male
B21,16,172,Re,9975.776017,Female
B21,11,151,Kylo,10412.60174,Female
B21,4,156,Han,9663.004998,Female
B21,10,173,Luke,9609.160521,Female
B21,11,222,Re,10038.8907,Female
B21,14,206,Re,10012.18589,Female
B21,16,233,Finn,11094.22853,Female
B21,7,181,Kylo,9737.368483,Female
B21,11,218,Luke,9966.887625,Female
B21,2,231,Han,10033.74332,Female
B22,8,175,Chewbacca,9409.882187,Male
B22,9,178,Han,9985.465671,Male
B22,1,166,Poe,10263.50074,Male
B22,8,227,Han,9787.480482,Male
B22,15,161,Han,10160.97939,Male
B22,6,227,Finn,9941.032481,Male
B22,7,265,Han,10045.73575,Male
B22,16,150,Han,9804.230414,Male
B22,10,234,Finn,9875.726792,Male
B22,12,154,Han,9650.69025,Male
B23,13,190,Finn,10016.51951,Female
B23,12,173,Leia,9838.634506,Female
B23,10,246,Leia,9553.80632,Female
B23,16,230,Re,9851.041372,Female
B23,14,244,Finn,9409.855622,Female
B23,6,231,Kylo,10220.4749,Female
B23,4,208,Poe,9757.512216,Female
B23,10,257,Leia,9519.326962,Female
B23,15,175,Re,10186.59297,Female
B23,12,228,Chewbacca,9798.423275,Female
B24,16,221,Kylo,10000.69021,Male
B24,5,163,Leia,10157.30764,Male
B24,17,254,Finn,9399.987349,Male
B24,1,248,Finn,10193.50745,Male
B24,8,152,Finn,10248.56952,Male
B24,4,222,Han,10116.71139,Male
B24,10,204,Chewbacca,9878.074817,Male
B24,13,196,Luke,10242.04968,Male
B24,16,234,Kylo,9869.233415,Male
B24,3,226,Re,9714.922286,Male
B25,3,157,Finn,9860.254635,Female
B25,11,154,Chewbacca,9879.593418,Female
B25,11,164,Poe,9872.255671,Female
B25,7,151,Re,10140.27624,Female
B25,5,150,Poe,10169.55857,Female
B25,2,195,Leia,10508.51892,Female
B25,13,206,Finn,9996.433195,Female
B25,1,187,Finn,10140.62658,Female
B25,12,164,Chewbacca,9803.60131,Female
B25,7,208,Luke,10077.27119,Female
B26,7,181,Leia,10068.86951,Male
B26,15,240,Finn,9917.794618,Male
B26,6,207,Han,10428.12876,Male
B26,6,261,Luke,9726.134785,Male
B26,13,264,Kylo,9980.950696,Male
B26,9,205,Han,10095.45656,Male
B26,6,173,Kylo,10466.57063,Male
B26,7,216,Finn,10066.75424,Male
B26,7,223,Chewbacca,10312.55759,Male
B26,14,255,Poe,9787.859125,Male
B27,7,223,Poe,10241.20019,Female
B27,7,222,Finn,9899.556582,Female
B27,6,249,Luke,10563.55405,Female
B27,17,262,Poe,9594.752252,Female
B27,6,168,Chewbacca,10002.49234,Female
B27,7,228,Kylo,9959.122537,Female
B27,9,244,Luke,10085.44376,Female
B27,14,247,Finn,9991.030758,Female
B27,6,205,Han,10231.81106,Female
B27,2,205,Chewbacca,9794.726191,Female
B28,11,153,Han,9816.699167,Male
B28,7,258,Poe,10127.18717,Male
B28,10,260,Han,9929.057865,Male
B28,10,168,Kylo,9921.566088,Male
B28,15,207,Re,10151.13679,Male
B28,14,196,Chewbacca,10206.83514,Male
B28,9,181,Poe,9838.139951,Male
B28,12,211,Finn,10124.14766,Male
B28,3,255,Poe,10230.26801,Male
B28,1,238,Kylo,10077.76214,Male
B29,15,221,Re,9637.847788,Female
B29,17,247,Han,9670.105114,Female
B29,6,195,Finn,10362.81578,Female
B29,9,176,Luke,9635.663756,Female
B29,7,179,Han,10004.63337,Female
B29,15,251,Chewbacca,10113.75501,Female
B29,4,245,Kylo,9834.936278,Female
B29,17,237,Kylo,9906.688402,Female
B29,10,236,Leia,10383.09013,Female
B29,12,201,Finn,10080.92978,Female
B3,14,172,Leia,10507.64276,Male
B3,2,232,Chewbacca,9617.091738,Male
B3,13,253,Kylo,10382.4776,Male
B3,15,261,Finn,9774.163269,Male
B3,6,187,Leia,10503.64413,Male
B3,6,229,Han,9706.961549,Male
B3,7,233,Re,10079.78595,Male
B3,2,227,Chewbacca,10005.46878,Male
B3,16,224,Kylo,9766.175981,Male
B3,7,189,Kylo,10125.2116,Male
B30,1,238,Chewbacca,10246.40984,Female
B30,8,252,Poe,10252.41312,Female
B30,17,246,Finn,9956.062387,Female
B30,1,182,Han,10445.27738,Female
B30,8,193,Chewbacca,9951.530982,Female
B30,16,240,Poe,9972.214634,Female
B30,16,217,Re,10193.72469,Female
B30,13,238,Luke,9679.1071,Female
B30,8,175,Chewbacca,9806.64119,Female
B30,7,248,Leia,10000.69776,Female
B31,5,207,Han,9892.538895,Male
B31,13,181,Leia,10614.61374,Male
B31,17,199,Luke,9940.79519,Male
B31,1,226,Leia,10213.84956,Male
B31,2,234,Kylo,10044.96412,Male
B31,14,168,Han,10115.91653,Male
B31,5,199,Leia,9825.59267,Male
B31,15,255,Kylo,10082.45729,Male
B31,7,184,Leia,9805.826469,Male
B31,1,228,Poe,9842.025208,Male
B32,8,260,Kylo,10261.57377,Female
B32,5,220,Finn,9640.058996,Female
B32,1,224,Finn,10023.05868,Female
B32,12,233,Re,9611.90068,Female
B32,10,220,Luke,9990.878804,Female
B32,15,218,Kylo,10034.5663,Female
B32,12,233,Finn,9935.006121,Female
B32,10,253,Chewbacca,9995.486017,Female
B32,10,187,Poe,9942.020435,Female
B32,16,186,Re,9936.312219,Female
B33,6,229,Han,9700.261882,Male
B33,15,253,Han,9867.804352,Male
B33,13,173,Poe,9959.545268,Male
B33,5,257,Poe,10304.6355,Male
B33,11,213,Kylo,9986.802105,Male
B33,9,169,Leia,10103.59562,Male
B33,3,256,Finn,10373.9952,Male
B33,3,241,Luke,9926.231541,Male
B33,4,240,Poe,10192.33852,Male
B33,1,237,Kylo,10133.85382,Male
B34,16,196,Kylo,10210.42972,Female
B34,16,200,Re,10188.67619,Female
B34,17,254,Leia,10343.21927,Female
B34,8,260,Poe,9988.261001,Female
B34,8,189,Han,9843.343541,Female
B34,13,244,Chewbacca,10184.81334,Female
B34,7,163,Leia,10003.552,Female
B34,11,191,Kylo,10030.70343,Female
B34,12,224,Re,10026.65983,Female
B34,6,212,Chewbacca,9866.737714,Female
B35,6,173,Finn,10419.33834,Male
B35,9,200,Chewbacca,10018.5285,Male
B35,7,213,Leia,9998.191985,Male
B35,11,210,Re,9851.966779,Male
B35,12,251,Re,10226.23646,Male
B35,4,164,Poe,9733.225835,Male
B35,9,155,Han,9532.608917,Male
B35,8,168,Luke,9836.367408,Male
B35,10,252,Finn,10066.37391,Male
B35,12,261,Finn,10242.64636,Male
B36,7,251,Chewbacca,10270.98961,Female
B36,10,201,Leia,10249.93308,Female
B36,17,228,Poe,10208.50392,Female
B36,14,202,Re,9792.920058,Female
B36,15,226,Han,9974.984036,Female
B36,9,158,Re,9890.822554,Female
B36,13,192,Finn,9815.404905,Female
B36,17,171,Poe,10377.1577,Female
B36,14,223,Kylo,9574.979033,Female
B36,1,187,Leia,10046.57764,Female
B37,11,261,Finn,10011.71757,Male
B37,12,262,Leia,9888.874543,Male
B37,8,212,Poe,10172.04134,Male
B37,7,163,Chewbacca,10066.16318,Male
B37,8,219,Re,9696.643636,Male
B37,16,238,Finn,10317.92755,Male
B37,3,258,Chewbacca,10152.06062,Male
B37,10,174,Finn,10374.63802,Male
B37,6,201,Leia,10393.61115,Male
B37,12,260,Poe,9951.30964,Male
B38,9,194,Poe,10038.19657,Female
B38,8,242,Poe,10050.65967,Female
B38,4,210,Chewbacca,9491.685578,Female
B38,16,184,Finn,9914.320803,Female
B38,13,180,Kylo,10212.71558,Female
B38,9,212,Chewbacca,10450.84578,Female
B38,6,150,Leia,10144.98099,Female
B38,2,255,Kylo,10106.87078,Female
B38,16,252,Poe,9631.073666,Female
B38,4,233,Poe,9504.787744,Female
B39,12,237,Leia,9971.787146,Male
B39,5,177,Finn,10023.75961,Male
B39,5,221,Kylo,10049.23171,Male
B39,10,232,Han,9800.06373,Male
B39,10,183,Leia,9876.481715,Male
B39,15,212,Luke,9957.859752,Male
B39,13,229,Luke,10302.83729,Male
B39,11,172,Finn,10187.17873,Male
B39,16,159,Re,10113.70761,Male
B39,13,200,Luke,10098.19776,Male
B4,8,236,Poe,9953.804747,Female
B4,17,205,Luke,9721.783245,Female
B4,5,253,Kylo,10209.43107,Female
B4,4,204,Poe,10407.13073,Female
B4,12,210,Poe,9673.225989,Female
B4,10,176,Finn,9662.696187,Female
B4,4,176,Poe,9817.712954,Female
B4,16,176,Chewbacca,9801.212592,Female
B4,1,184,Luke,10177.59721,Female
B4,1,196,Finn,9867.089467,Female
B40,7,246,Re,10082.70084,Male
B40,14,245,Kylo,10056.55975,Male
B40,3,205,Finn,9506.106391,Male
B40,7,201,Finn,10111.15501,Male
B40,2,220,Luke,9990.178848,Male
B40,5,217,Han,10190.61085,Male
B40,7,260,Re,9975.943261,Male
B40,1,245,Kylo,10011.03966,Male
B40,5,187,Leia,10107.22945,Male
B40,14,156,Re,9868.897871,Male
B41,7,220,Re,9922.207631,Female
B41,15,186,Poe,10013.4015,Female
B41,9,161,Chewbacca,10315.07278,Female
B41,11,217,Han,9948.139698,Female
B41,1,215,Kylo,9770.194455,Female
B41,12,265,Leia,9899.033333,Female
B41,2,246,Leia,9527.491966,Female
B41,5,264,Luke,9493.800323,Female
B41,17,184,Chewbacca,10014.42004,Female
B41,13,192,Leia,10136.0969,Female
B42,8,265,Kylo,10100.49152,Male
B42,2,241,Finn,10092.34209,Male
B42,12,199,Kylo,10113.38585,Male
B42,15,205,Chewbacca,9772.874136,Male
B42,1,207,Poe,9926.30703,Male
B42,15,188,Finn,10036.33731,Male
B42,14,264,Han,9974.422355,Male
B42,10,260,Poe,10284.79724,Male
B42,5,194,Finn,9917.337758,Male
B42,17,175,Chewbacca,9971.59691,Male
B43,5,258,Han,9539.380353,Female
B43,10,226,Poe,9867.71906,Female
B43,4,258,Chewbacca,10391.53279,Female
B43,4,192,Han,10209.51804,Female
B43,7,181,Kylo,10137.8512,Female
B43,17,169,Chewbacca,10420.73567,Female
B43,5,190,Re,9760.74654,Female
B43,14,195,Finn,10011.89623,Female
B43,4,208,Leia,10221.64867,Female
B43,4,240,Re,10245.27371,Female
B44,13,188,Han,9737.68822,Male
B44,12,170,Finn,10018.88704,Male
B44,4,233,Han,10053.63677,Male
B44,3,210,Leia,9882.453312,Male
B44,16,254,Finn,10289.28363,Male
B44,14,187,Chewbacca,9704.632169,Male
B44,8,243,Han,10270.86692,Male
B44,15,154,Luke,9872.741948,Male
B44,3,230,Chewbacca,10323.02588,Male
B44,3,215,Re,10032.42447,Male
B45,9,224,Han,9796.279163,Female
B45,8,242,Finn,10268.08345,Female
B45,1,189,Han,10113.49956,Female
B45,13,159,Finn,9895.245839,Female
B45,12,169,Re,9999.889832,Female
B45,7,171,Han,10449.94076,Female
B45,3,194,Han,10097.89495,Female
B45,4,231,Poe,9932.141195,Female
B45,13,243,Han,10158.95367,Female
B45,16,200,Leia,10127.41287,Female
B46,11,221,Re,9923.725023,Male
B46,1,198,Leia,10199.77197,Male
B46,8,179,Finn,10032.97021,Male
B46,17,222,Finn,10376.5379,Male
B46,16,243,Poe,10038.06392,Male
B46,12,164,Luke,10169.00932,Male
B46,14,241,Han,10416.89685,Male
B46,12,205,Chewbacca,10079.96987,Male
B46,14,211,Re,10098.49227,Male
B46,16,197,Finn,9802.635565,Male
B47,7,179,Luke,9928.444742,Female
B47,17,264,Leia,9521.632591,Female
B47,10,168,Poe,10473.24715,Female
B47,2,171,Luke,9851.965276,Female
B47,14,202,Kylo,10187.66703,Female
B47,8,256,Finn,10341.47698,Female
B47,14,258,Leia,10116.17368,Female
B47,7,174,Leia,9961.598081,Female
B47,9,235,Leia,9921.6959,Female
B47,12,183,Kylo,10175.82853,Female
B48,14,177,Han,9926.796621,Male
B48,4,230,Chewbacca,10010.17462,Male
B48,15,153,Poe,9966.132493,Male
B48,3,217,Leia,9685.253913,Male
B48,3,197,Han,9631.429511,Male
B48,10,237,Re,9664.278721,Male
B48,5,186,Re,10198.32144,Male
B48,13,232,Luke,9672.038067,Male
B48,16,193,Han,10015.87839,Male
B48,14,250,Re,9926.2859,Male
B49,5,159,Poe,9694.997947,Female
B49,2,169,Kylo,9838.208091,Female
B49,16,187,Han,9980.627806,Female
B49,6,195,Re,9433.310886,Female
B49,1,166,Chewbacca,10070.93326,Female
B49,2,201,Poe,10204.88613,Female
B49,3,246,Re,10176.80668,Female
B49,4,212,Luke,9797.319093,Female
B49,3,176,Finn,10191.27142,Female
B49,5,257,Han,10335.81982,Female
B5,8,225,Finn,10049.33864,Male
B5,4,191,Finn,10164.46968,Male
B5,13,187,Luke,10379.42773,Male
B5,14,238,Leia,9403.1218,Male
B5,17,262,Kylo,10059.35969,Male
B5,3,226,Luke,9550.992766,Male
B5,12,226,Re,10034.57072,Male
B5,6,215,Chewbacca,10298.71836,Male
B5,12,236,Re,9810.924552,Male
B5,8,174,Leia,9652.984696,Male
B50,7,201,Poe,9657.810174,Female
B50,13,168,Leia,10311.21582,Female
B50,4,231,Leia,9613.909367,Female
B50,14,180,Chewbacca,9986.470795,Female
B50,13,186,Luke,10099.06037,Female
B50,15,215,Kylo,9773.810925,Female
B50,11,199,Re,9616.881487,Female
B50,4,220,Chewbacca,9973.515435,Female
B50,14,221,Re,10216.55713,Female
B50,16,182,Luke,9635.345958,Female
B6,16,175,Finn,9770.088911,Male
B6,12,222,Chewbacca,9804.49815,Male
B6,9,227,Poe,10076.27026,Male
B6,2,186,Luke,9832.466775,Male
B6,1,231,Luke,10186.53884,Male
B6,13,198,Chewbacca,9922.201744,Male
B6,3,246,Kylo,9991.497688,Male
B6,6,173,Luke,10089.20307,Male
B6,9,163,Chewbacca,10212.95247,Male
B6,15,154,Chewbacca,9836.448234,Male
B7,14,163,Leia,9725.46535,Female
B7,13,156,Poe,10081.41486,Female
B7,10,262,Chewbacca,9770.584886,Female
B7,13,164,Poe,9927.125477,Female
B7,4,242,Finn,10409.17917,Female
B7,15,191,Chewbacca,10124.72916,Female
B7,17,263,Kylo,9789.549535,Female
B7,3,259,Finn,10148.1735,Female
B7,7,177,Han,10108.12462,Female
B7,7,202,Leia,9932.694886,Female
B8,9,170,Luke,10107.23562,Male
B8,14,187,Re,9880.983533,Male
B8,15,225,Re,10211.59513,Male
B8,11,229,Re,9983.98459,Male
B8,8,195,Chewbacca,10239.70156,Male
B8,3,151,Luke,9910.071919,Male
B8,15,246,Poe,10228.63005,Male
B8,9,239,Poe,9884.22737,Male
B8,12,202,Chewbacca,10016.72805,Male
B8,6,192,Poe,10134.98937,Male
B9,2,200,Leia,10036.348,Female
B9,6,252,Poe,9961.061085,Female
B9,11,160,Han,9989.684564,Female
B9,17,232,Leia,9951.606683,Female
B9,17,211,Han,9480.740876,Female
B9,2,217,Poe,10275.59571,Female
B9,17,156,Han,9910.901162,Female
B9,12,257,Luke,10386.22434,Female
B9,11,259,Finn,9489.48815,Female
B9,8,191,Finn,9866.661984,Female
C1,15,195,Finn,10788.16924,Male
C1,16,222,Kylo,9861.96558,Male
C1,8,162,Kylo,10009.35333,Male
C1,3,197,Chewbacca,10008.57678,Male
C1,7,189,Chewbacca,9975.658431,Male
C1,9,231,Leia,10227.29253,Male
C1,17,152,Chewbacca,9912.824689,Male
C1,15,239,Han,10124.96123,Male
C1,2,231,Poe,10041.99819,Male
C1,9,257,Luke,10166.79974,Male
C10,17,219,Luke,9754.317452,Female
C10,2,181,Kylo,9854.966605,Female
C10,8,240,Han,9909.900583,Female
C10,12,231,Luke,10329.25052,Female
C10,1,207,Finn,10244.00323,Female
C10,16,256,Kylo,10085.78469,Female
C10,8,199,Kylo,9736.022504,Female
C10,7,185,Luke,9605.526926,Female
C10,8,163,Han,10288.78482,Female
C10,9,160,Chewbacca,9927.237002,Female
C11,11,158,Luke,9916.8021,Male
C11,9,192,Han,9666.835676,Male
C11,9,163,Han,9780.646313,Male
C11,2,225,Han,10287.96264,Male
C11,15,176,Finn,9923.561013,Male
C11,6,207,Han,9748.036064,Male
C11,15,159,Chewbacca,10406.35276,Male
C11,8,246,Kylo,10160.21981,Male
C11,11,203,Re,9874.393295,Male
C11,17,260,Kylo,9927.698484,Male
C12,1,259,Luke,9950.912943,Female
C12,17,198,Re,10037.05612,Female
C12,8,203,Re,10364.21345,Female
C12,11,260,Han,9786.724652,Female
C12,17,167,Luke,9843.981209,Female
C12,3,211,Poe,10367.1322,Female
C12,9,190,Luke,10061.09767,Female
C12,14,189,Finn,9838.003931,Female
C12,15,166,Finn,10253.76143,Female
C12,2,183,Luke,9964.360099,Female
C13,2,211,Luke,9776.476616,Male
C13,1,150,Chewbacca,9773.808376,Male
C13,9,232,Han,9650.804643,Male
C13,12,265,Luke,10144.51033,Male
C13,5,165,Leia,9573.115084,Male
C13,6,236,Poe,10089.74028,Male
C13,11,238,Leia,9292.890919,Male
C13,16,262,Luke,10304.2801,Male
C13,9,249,Leia,10212.59755,Male
C13,10,226,Re,9976.692746,Male
C14,15,181,Luke,9623.893907,Female
C14,7,238,Kylo,9766.549109,Female
C14,4,203,Luke,9955.326041,Female
C14,3,228,Han,10021.46312,Female
C14,4,195,Finn,10460.49951,Female
C14,6,169,Kylo,10355.38223,Female
C14,10,231,Leia,10486.25543,Female
C14,14,198,Re,9917.101407,Female
C14,10,196,Han,9617.510043,Female
C14,9,190,Luke,9586.408456,Female
C15,10,176,Luke,10195.53776,Male
C15,16,190,Re,10313.54974,Male
C15,17,179,Kylo,9986.411308,Male
C15,1,261,Han,9853.093647,Male
C15,3,155,Luke,10169.30684,Male
C15,11,232,Re,9600.161713,Male
C15,4,191,Chewbacca,9919.011124,Male
C15,2,176,Kylo,10070.50905,Male
C15,2,240,Luke,10019.00794,Male
C15,10,192,Han,9615.471054,Male
C16,17,154,Chewbacca,9942.079031,Female
C16,14,201,Leia,9685.171683,Female
C16,15,224,Poe,10026.84295,Female
C16,12,171,Re,9710.515765,Female
C16,16,259,Finn,10024.68734,Female
C16,4,227,Chewbacca,9896.149202,Female
C16,9,190,Kylo,9984.376313,Female
C16,16,186,Re,10151.31626,Female
C16,1,172,Re,9925.776619,Female
C16,9,158,Luke,10057.54569,Female
C17,5,204,Leia,9573.483554,Male
C17,6,240,Kylo,9818.22739,Male
C17,16,204,Re,9599.387895,Male
C17,12,218,Poe,9848.935472,Male
C17,7,209,Finn,10099.52949,Male
C17,5,162,Re,10363.23425,Male
C17,8,205,Han,10234.93739,Male
C17,3,223,Re,9965.156721,Male
C17,9,251,Kylo,10175.07116,Male
C17,1,236,Poe,10261.2221,Male
C18,7,203,Poe,9812.418334,Female
C18,10,239,Han,9829.02949,Female
C18,8,177,Poe,9900.452111,Female
C18,7,256,Han,9992.460624,Female
C18,2,232,Leia,9818.566728,Female
C18,12,226,Poe,9939.097738,Female
C18,6,260,Chewbacca,9663.5954,Female
C18,7,234,Han,9949.248772,Female
C18,11,233,Chewbacca,9833.467655,Female
C18,5,254,Chewbacca,10111.84953,Female
C19,4,151,Kylo,10332.10308,Male
C19,3,190,Luke,9864.043426,Male
C19,16,177,Leia,9737.369248,Male
C19,5,246,Re,10344.78235,Male
C19,6,169,Han,10097.95577,Male
C19,17,208,Poe,9800.564606,Male
C19,11,258,Poe,9996.541668,Male
C19,15,256,Chewbacca,10106.53076,Male
C19,11,257,Kylo,10001.93904,Male
C19,12,217,Han,10273.40206,Male
C2,14,165,Poe,10204.49529,Female
C2,17,151,Re,10046.05381,Female
C2,2,244,Han,9869.716404,Female
C2,8,195,Kylo,10163.43756,Female
C2,11,150,Kylo,10171.48265,Female
C2,4,158,Luke,10666.77479,Female
C2,17,237,Han,10224.95694,Female
C2,10,260,Han,9889.844933,Female
C2,16,171,Leia,9504.571761,Female
C2,1,254,Finn,10115.28046,Female
C20,10,205,Han,10119.15232,Male
C20,4,244,Poe,10098.75299,Male
C20,4,256,Luke,9937.124812,Male
C20,9,199,Kylo,10137.52394,Male
C20,8,214,Re,9759.205396,Male
C20,11,204,Leia,10056.62113,Male
C20,11,265,Finn,9997.056046,Male
C20,16,186,Kylo,9752.402064,Male
C20,4,235,Luke,9989.067831,Male
C20,15,164,Han,10009.63554,Male
C21,16,178,Leia,9788.259277,Female
C21,2,167,Leia,10143.42901,Female
C21,2,204,Leia,10322.71,Female
C21,6,241,Finn,10055.09296,Female
C21,11,192,Finn,9740.767152,Female
C21,6,176,Leia,9707.09509,Female
C21,16,218,Luke,9452.888407,Female
C21,1,189,Luke,10159.78655,Female
C21,14,228,Poe,9646.880814,Female
C21,11,198,Re,10217.92152,Female
C22,2,216,Re,9899.239104,Male
C22,16,250,Kylo,10224.88789,Male
C22,6,159,Han,10042.4343,Male
C22,10,243,Kylo,9710.437957,Male
C22,11,193,Luke,10294.59303,Male
C22,16,247,Leia,10197.98675,Male
C22,3,200,Poe,9458.857162,Male
C22,1,248,Re,10571.88775,Male
C22,15,263,Finn,10027.24122,Male
C22,16,179,Chewbacca,9331.96487,Male
C23,17,204,Poe,9644.752623,Female
C23,13,189,Luke,9693.653689,Female
C23,16,199,Han,9807.95977,Female
C23,1,259,Luke,9863.210475,Female
C23,1,202,Chewbacca,9790.076265,Female
C23,11,160,Leia,9802.767518,Female
C23,14,183,Han,10248.16259,Female
C23,1,163,Poe,10336.55288,Female
C23,5,226,Han,9740.863212,Female
C23,12,190,Finn,9723.894964,Female
C24,11,190,Poe,9758.17836,Male
C24,8,221,Kylo,10245.41553,Male
C24,8,158,Re,10200.06622,Male
C24,17,233,Re,9579.841664,Male
C24,11,238,Re,9963.470045,Male
C24,3,235,Finn,9313.699814,Male
C24,14,221,Chewbacca,9892.070716,Male
C24,8,257,Poe,10208.98173,Male
C24,11,218,Re,10308.99261,Male
C24,10,172,Re,9818.54879,Male
C25,17,236,Chewbacca,10132.96119,Female
C25,7,226,Poe,9534.543636,Female
C25,5,252,Poe,9316.334979,Female
C25,10,157,Kylo,9852.237418,Female
C25,4,257,Re,9821.501563,Female
C25,5,255,Chewbacca,9801.824799,Female
C25,15,233,Re,10259.43905,Female
C25,15,245,Chewbacca,9925.034295,Female
C25,5,162,Re,10133.7786,Female
C25,1,234,Leia,9996.31278,Female
C26,16,181,Luke,9755.564438,Male
C26,10,196,Kylo,9886.52265,Male
C26,10,163,Kylo,10075.7372,Male
C26,17,175,Leia,9793.36613,Male
C26,17,224,Chewbacca,9900.796298,Male
C26,8,175,Han,10250.12508,Male
C26,15,261,Re,10364.66793,Male
C26,4,227,Leia,9954.868414,Male
C26,10,203,Chewbacca,9858.464965,Male
C26,5,156,Re,9899.548377,Male
C27,7,229,Chewbacca,10144.25354,Female
C27,14,192,Chewbacca,9823.029043,Female
C27,7,203,Kylo,10011.44225,Female
C27,10,161,Han,9871.74968,Female
C27,11,196,Poe,9953.694425,Female
C27,10,224,Poe,10013.78946,Female
C27,11,262,Kylo,10345.82045,Female
C27,10,177,Luke,10242.20767,Female
C27,1,185,Chewbacca,10074.99485,Female
C27,11,169,Chewbacca,10181.10455,Female
C28,11,199,Luke,9830.717806,Male
C28,8,181,Finn,10196.83138,Male
C28,3,192,Kylo,10120.3495,Male
C28,8,193,Han,10505.37796,Male
C28,15,254,Han,9421.539761,Male
C28,6,240,Re,9770.299906,Male
C28,7,262,Re,9642.049155,Male
C28,8,154,Leia,10203.71372,Male
C28,10,155,Re,10452.98751,Male
C28,17,233,Poe,10092.38381,Male
C29,9,222,Poe,10379.70746,Female
C29,12,253,Chewbacca,9810.62833,Female
C29,8,154,Poe,10325.46034,Female
C29,4,241,Finn,10074.64114,Female
C29,4,159,Kylo,9470.177281,Female
C29,12,176,Luke,10001.34904,Female
C29,11,210,Leia,10166.70811,Female
C29,12,178,Han,10064.85888,Female
C29,16,250,Chewbacca,10525.62014,Female
C29,3,215,Poe,9856.467682,Female
C3,8,186,Han,10228.48094,Male
C3,16,261,Leia,9633.276443,Male
C3,7,238,Luke,10028.9676,Male
C3,1,191,Poe,10214.38542,Male
C3,15,256,Han,10108.39457,Male
C3,7,236,Poe,9910.259744,Male
C3,17,193,Chewbacca,10166.99117,Male
C3,12,156,Luke,9925.208299,Male
C3,4,209,Finn,9590.591935,Male
C3,17,239,Luke,10157.91759,Male
C30,4,248,Luke,10116.21917,Female
C30,11,184,Chewbacca,9871.168357,Female
C30,11,154,Luke,9821.391486,Female
C30,16,191,Kylo,9845.105102,Female
C30,16,167,Finn,10446.9801,Female
C30,8,197,Poe,9540.16685,Female
C30,3,176,Luke,10030.70432,Female
C30,5,217,Chewbacca,9959.821875,Female
C30,13,216,Poe,9877.040978,Female
C30,12,223,Poe,9779.951276,Female
C31,15,165,Chewbacca,10013.19462,Male
C31,4,246,Leia,10466.1832,Male
C31,3,221,Luke,9769.600654,Male
C31,1,239,Chewbacca,10380.9226,Male
C31,6,248,Luke,9649.01359,Male
C31,11,187,Chewbacca,10080.97554,Male
C31,9,187,Re,10156.64594,Male
C31,8,210,Chewbacca,10297.1483,Male
C31,17,177,Leia,10271.40635,Male
C31,10,237,Poe,10040.99686,Male
C32,12,215,Han,9732.061252,Female
C32,5,212,Han,10090.71096,Female
C32,16,258,Kylo,10126.23325,Female
C32,8,260,Leia,9900.400854,Female
C32,7,167,Luke,10067.47727,Female
C32,1,171,Poe,9913.191546,Female
C32,16,265,Re,9900.733303,Female
C32,8,195,Poe,9895.625879,Female
C32,5,162,Chewbacca,10623.02658,Female
C32,12,252,Han,10225.51629,Female
C33,10,214,Luke,9970.449966,Male
C33,5,261,Han,10133.29251,Male
C33,6,218,Chewbacca,10093.31742,Male
C33,16,163,Chewbacca,9777.130569,Male
C33,12,223,Han,10450.79711,Male
C33,12,191,Han,10016.39058,Male
C33,8,227,Chewbacca,9948.465239,Male
C33,14,223,Leia,10495.6596,Male
C33,17,168,Han,10429.9225,Male
C33,7,174,Leia,9492.920792,Male
C34,12,154,Finn,10215.45561,Female
C34,15,159,Kylo,10343.07043,Female
C34,5,223,Han,10036.19692,Female
C34,17,199,Chewbacca,10436.89604,Female
C34,5,226,Chewbacca,9926.424338,Female
C34,8,237,Finn,10191.64353,Female
C34,3,220,Re,9954.39931,Female
C34,17,161,Leia,9914.728337,Female
C34,14,241,Kylo,10162.54219,Female
C34,14,191,Luke,9591.958297,Female
C35,8,247,Luke,9696.524545,Male
C35,10,231,Leia,10131.39334,Male
C35,1,152,Kylo,9606.263577,Male
C35,9,162,Luke,10192.66796,Male
C35,11,175,Re,9747.16831,Male
C35,14,237,Re,10292.781,Male
C35,17,192,Re,9669.912544,Male
C35,17,156,Poe,9825.160943,Male
C35,4,239,Han,9761.863909,Male
C35,4,253,Han,10067.86404,Male
C36,16,198,Leia,9763.859558,Female
C36,5,192,Poe,9971.351795,Female
C36,11,210,Chewbacca,10190.91968,Female
C36,3,240,Han,10063.45493,Female
C36,8,153,Luke,9410.493056,Female
C36,10,208,Han,9763.154948,Female
C36,8,257,Leia,9933.474318,Female
C36,8,166,Han,9621.496505,Female
C36,9,218,Kylo,10318.50943,Female
C36,10,244,Re,10112.05214,Female
C37,14,256,Kylo,9722.862215,Male
C37,7,190,Luke,9343.426942,Male
C37,10,214,Chewbacca,10175.42165,Male
C37,1,176,Chewbacca,10020.42111,Male
C37,6,262,Han,9628.433082,Male
C37,7,198,Han,9845.531797,Male
C37,4,158,Luke,9875.390633,Male
C37,9,228,Chewbacca,10017.271,Male
C37,2,220,Leia,9559.388161,Male
C37,17,179,Chewbacca,10134.07117,Male
C38,2,253,Poe,10272.7206,Female
C38,3,227,Chewbacca,10213.37085,Female
C38,15,240,Kylo,9950.451645,Female
C38,16,241,Chewbacca,9730.882259,Female
C38,1,211,Han,10269.18447,Female
C38,2,172,Finn,9975.018979,Female
C38,4,249,Poe,9430.077667,Female
C38,4,226,Leia,10253.71559,Female
C38,2,191,Chewbacca,10063.89471,Female
C38,9,182,Poe,10284.26332,Female
C39,17,174,Luke,9772.771953,Male
C39,4,216,Re,10118.70519,Male
C39,14,157,Kylo,9555.118559,Male
C39,1,237,Leia,9955.367452,Male
C39,4,208,Poe,9934.853926,Male
C39,14,255,Re,9899.617347,Male
C39,1,227,Poe,10203.25749,Male
C39,12,182,Kylo,9871.286859,Male
C39,11,178,Re,10324.88076,Male
C39,6,194,Han,10106.02154,Male
C4,9,241,Re,9951.162334,Female
C4,16,207,Leia,10049.03915,Female
C4,17,161,Finn,10508.16451,Female
C4,14,193,Chewbacca,9820.799924,Female
C4,12,256,Kylo,10000.90151,Female
C4,7,217,Luke,9988.835754,Female
C4,2,169,Leia,10372.5579,Female
C4,12,228,Kylo,10133.14601,Female
C4,2,201,Finn,10416.89626,Female
C4,1,242,Han,9840.960139,Female
C40,11,242,Re,10070.67543,Male
C40,3,206,Kylo,10489.50936,Male
C40,8,206,Chewbacca,9932.856769,Male
C40,11,171,Han,10384.64424,Male
C40,4,247,Han,10273.59179,Male
C40,13,238,Leia,9852.497757,Male
C40,8,182,Poe,9798.481454,Male
C40,9,218,Finn,10205.75573,Male
C40,4,192,Finn,10362.32055,Male
C40,8,164,Re,9924.534867,Male
C41,7,189,Re,9873.133925,Female
C41,6,240,Leia,10198.7634,Female
C41,8,165,Poe,10034.91818,Female
C41,10,166,Kylo,9761.544176,Female
C41,9,218,Luke,10117.97068,Female
C41,11,192,Han,10101.52843,Female
C41,13,255,Leia,10005.4503,Female
C41,7,218,Poe,9927.82303,Female
C41,3,234,Luke,10186.88615,Female
C41,15,219,Luke,10343.76905,Female
C42,15,167,Han,10124.51337,Male
C42,9,254,Leia,9857.016636,Male
C42,3,184,Kylo,9852.35672,Male
C42,3,185,Luke,9900.211406,Male
C42,3,181,Leia,9768.751377,Male
C42,10,199,Poe,10040.99998,Male
C42,13,259,Poe,9938.409687,Male
C42,13,247,Re,9790.38374,Male
C42,1,151,Leia,10402.24207,Male
C42,7,246,Re,10463.18382,Male
C43,17,158,Kylo,10262.13384,Female
C43,5,169,Kylo,10037.6984,Female
C43,14,239,Luke,10174.83241,Female
C43,3,221,Han,10068.2124,Female
C43,2,236,Chewbacca,9853.165012,Female
C43,6,211,Chewbacca,9681.186135,Female
C43,8,175,Re,9636.169216,Female
C43,2,223,Leia,10415.92473,Female
C43,5,202,Chewbacca,10514.13421,Female
C43,10,231,Chewbacca,9645.015573,Female
C44,16,222,Leia,9905.59416,Male
C44,14,231,Poe,10116.17183,Male
C44,4,154,Finn,10481.35705,Male
C44,11,170,Chewbacca,9968.270377,Male
C44,5,167,Finn,10032.65956,Male
C44,10,159,Poe,10078.50083,Male
C44,14,170,Leia,9794.83126,Male
C44,7,154,Han,9969.60909,Male
C44,15,167,Luke,9712.881622,Male
C44,16,177,Finn,9897.205762,Male
C45,2,259,Re,10106.61933,Female
C45,7,253,Luke,10023.06335,Female
C45,17,236,Chewbacca,10220.84334,Female
C45,2,152,Poe,10341.65673,Female
C45,2,201,Luke,9838.684102,Female
C45,8,199,Poe,9604.979343,Female
C45,6,245,Re,9897.792223,Female
C45,10,167,Re,10037.80248,Female
C45,16,233,Kylo,10159.03187,Female
C45,5,157,Re,10311.43792,Female
C46,2,209,Finn,9664.052336,Male
C46,17,232,Finn,10490.11841,Male
C46,17,214,Finn,10068.37087,Male
C46,12,174,Luke,10268.07111,Male
C46,15,261,Chewbacca,10222.34178,Male
C46,13,243,Finn,10312.68016,Male
C46,8,263,Re,9848.708319,Male
C46,14,262,Chewbacca,9728.003035,Male
C46,7,246,Leia,9767.053809,Male
C46,9,198,Re,10519.70719,Male
C47,4,224,Luke,10216.15862,Female
C47,9,206,Chewbacca,10053.68986,Female
C47,11,202,Han,9965.845119,Female
C47,9,200,Finn,9916.367771,Female
C47,13,154,Leia,9811.655712,Female
C47,6,200,Leia,9520.217401,Female
C47,9,209,Finn,10048.89653,Female
C47,6,256,Luke,10060.08441,Female
C47,12,259,Luke,9622.700295,Female
C47,15,162,Leia,9683.072904,Female
C48,4,225,Luke,9939.582897,Male
C48,16,264,Han,9680.176628,Male
C48,6,150,Han,9914.503475,Male
C48,12,207,Finn,10125.14821,Male
C48,11,158,Chewbacca,9927.819172,Male
C48,2,252,Re,9868.46922,Male
C48,3,247,Han,9753.102825,Male
C48,11,209,Luke,10032.34595,Male
C48,1,233,Han,9792.50583,Male
C48,2,202,Kylo,9527.221452,Male
C49,6,184,Chewbacca,9919.167457,Female
C49,17,170,Kylo,10349.83286,Female
C49,10,241,Poe,9967.276116,Female
C49,4,244,Han,9855.173969,Female
C49,8,213,Poe,9815.991681,Female
C49,14,198,Poe,9522.232895,Female
C49,10,180,Kylo,9815.080375,Female
C49,16,253,Poe,9858.238123,Female
C49,1,249,Leia,9773.119813,Female
C49,13,184,Han,10158.57956,Female
C5,10,187,Luke,10519.21974,Male
C5,5,166,Luke,9610.773953,Male
C5,17,191,Re,9756.924006,Male
C5,14,160,Luke,10094.27986,Male
C5,6,260,Finn,10263.47663,Male
C5,15,230,Luke,9658.842033,Male
C5,2,215,Kylo,9763.195158,Male
C5,8,198,Chewbacca,10167.99228,Male
C5,2,194,Luke,10075.03341,Male
C5,15,203,Han,9897.81979,Male
C50,5,224,Han,9954.095776,Female
C50,17,182,Finn,10015.96204,Female
C50,13,179,Re,10144.33914,Female
C50,5,188,Finn,9810.065287,Female
C50,1,169,Kylo,10072.34721,Female
C50,10,156,Re,10059.21583,Female
C50,8,175,Leia,9909.959271,Female
C50,5,252,Chewbacca,10479.16339,Female
C50,8,201,Poe,9858.439512,Female
C50,14,243,Chewbacca,9800.005092,Female
C6,2,236,Han,10008.66789,Male
C6,8,218,Re,10321.09074,Male
C6,4,155,Leia,10063.49857,Male
C6,7,265,Chewbacca,9821.054507,Male
C6,14,264,Chewbacca,9785.312814,Male
C6,13,232,Han,10066.83703,Male
C6,9,224,Han,9775.298664,Male
C6,15,150,Luke,9166.311464,Male
C6,2,229,Luke,9518.516561,Male
C6,16,169,Kylo,10236.92698,Male
C7,9,185,Leia,9894.503534,Female
C7,6,190,Kylo,9720.416763,Female
C7,7,230,Luke,10134.98174,Female
C7,14,190,Poe,10461.24617,Female
C7,3,212,Luke,10079.80012,Female
C7,9,221,Leia,9777.172841,Female
C7,7,251,Chewbacca,10559.3513,Female
C7,14,206,Re,10418.41255,Female
C7,3,206,Poe,10144.71896,Female
C7,15,264,Chewbacca,10272.29326,Female
C8,11,150,Han,10037.12553,Male
C8,5,164,Kylo,9877.808858,Male
C8,12,202,Poe,10059.53626,Male
C8,12,245,Chewbacca,9824.270501,Male
C8,16,195,Luke,10077.36079,Male
C8,2,237,Finn,9837.362595,Male
C8,11,161,Leia,9630.971589,Male
C8,2,208,Han,9632.906291,Male
C8,6,159,Re,10482.78236,Male
C8,10,191,Han,9780.369302,Male
C9,14,173,Luke,9970.73383,Female
C9,2,186,Leia,10220.92223,Female
C9,4,239,Re,9927.980981,Female
C9,10,165,Han,9731.786625,Female
C9,12,174,Poe,10177.94036,Female
C9,3,233,Chewbacca,10058.20509,Female
C9,11,211,Chewbacca,9757.432019,Female
C9,10,207,Luke,9551.707361,Female
C9,8,249,Kylo,10709.39115,Female
C9,11,203,Chewbacca,10022.99764,Female
D1,5,164,Luke,9583.634954,Male
D1,8,196,Chewbacca,10012.6918,Male
D1,5,196,Chewbacca,10524.18262,Male
D1,17,199,Luke,10042.68884,Male
D1,9,180,Leia,9751.54097,Male
D1,16,186,Chewbacca,9884.449045,Male
D1,7,264,Finn,10125.29004,Male
D1,12,240,Luke,10112.46066,Male
D1,17,244,Kylo,10506.15189,Male
D1,8,212,Re,10105.27607,Male
D10,4,217,Re,9943.564529,Female
D10,4,220,Re,10308.23606,Female
D10,15,227,Poe,10344.00573,Female
D10,5,232,Finn,9951.738755,Female
D10,3,233,Chewbacca,10313.3595,Female
D10,15,205,Kylo,9998.642105,Female
D10,9,151,Luke,10253.91492,Female
D10,16,155,Luke,10080.208,Female
D10,8,215,Poe,10130.99981,Female
D10,13,199,Chewbacca,10248.04049,Female
D11,14,195,Poe,9941.228121,Male
D11,12,249,Han,9962.115398,Male
D11,5,185,Re,9478.011763,Male
D11,5,184,Re,10132.82925,Male
D11,11,200,Han,9911.211789,Male
D11,17,173,Leia,10271.98709,Male
D11,10,253,Luke,10577.92414,Male
D11,8,199,Luke,9584.87621,Male
D11,7,230,Finn,10202.346,Male
D11,3,264,Leia,9824.616447,Male
D12,2,151,Chewbacca,9754.565271,Female
D12,14,161,Finn,9818.699378,Female
D12,9,201,Kylo,10165.82917,Female
D12,6,238,Re,9799.681686,Female
D12,4,198,Re,10554.15784,Female
D12,3,219,Poe,10225.93479,Female
D12,12,235,Poe,9748.726815,Female
D12,11,169,Finn,9610.320688,Female
D12,9,168,Finn,10114.35063,Female
D12,14,254,Han,10037.69746,Female
D13,11,178,Chewbacca,10464.23264,Male
D13,14,253,Han,9775.329555,Male
D13,14,188,Kylo,9881.267018,Male
D13,16,184,Re,10044.33606,Male
D13,2,216,Han,9708.012141,Male
D13,15,234,Re,9947.104396,Male
D13,5,242,Leia,9786.483805,Male
D13,10,164,Han,9843.302955,Male
D13,12,192,Kylo,10223.54749,Male
D13,10,223,Kylo,10358.34243,Male
D14,15,243,Poe,10023.2487,Female
D14,3,166,Poe,10614.30909,Female
D14,9,172,Re,10304.04379,Female
D14,12,193,Kylo,9827.299245,Female
D14,2,245,Kylo,10254.0734,Female
D14,14,258,Chewbacca,9504.894829,Female
D14,7,256,Chewbacca,10010.23135,Female
D14,16,192,Kylo,9933.313728,Female
D14,12,168,Poe,10082.87852,Female
D14,1,170,Luke,9782.779053,Female
D15,6,160,Poe,9941.962588,Male
D15,16,226,Luke,9851.842581,Male
D15,6,254,Han,10250.36176,Male
D15,15,170,Luke,9786.280168,Male
D15,5,199,Han,9945.465418,Male
D15,14,239,Han,10401.33537,Male
D15,14,209,Kylo,9930.952563,Male
D15,13,177,Re,9930.521332,Male
D15,5,223,Finn,9678.395802,Male
D15,15,217,Kylo,9698.480226,Male
D16,5,247,Re,10086.93831,Female
D16,9,219,Poe,10011.90589,Female
D16,3,208,Re,9543.65869,Female
D16,13,257,Luke,10042.99604,Female
D16,15,213,Han,9777.64786,Female
D16,17,164,Kylo,10095.81778,Female
D16,15,207,Chewbacca,9942.586052,Female
D16,14,237,Luke,10064.28146,Female
D16,6,221,Luke,9779.553062,Female
D16,11,246,Finn,10319.36234,Female
D17,14,219,Poe,9789.296855,Male
D17,8,185,Re,10490.54291,Male
D17,16,229,Re,9855.779707,Male
D17,9,164,Finn,10124.4088,Male
D17,5,212,Poe,10425.96727,Male
D17,7,160,Finn,9603.123476,Male
D17,9,225,Luke,9816.099077,Male
D17,11,260,Re,10349.73151,Male
D17,17,209,Leia,9985.690552,Male
D17,12,233,Re,10015.77183,Male
D18,14,216,Poe,9859.742561,Female
D18,10,232,Finn,9823.053,Female
D18,1,238,Kylo,10016.31117,Female
D18,3,169,Poe,10036.15243,Female
D18,13,202,Luke,9904.319518,Female
D18,11,191,Luke,9879.576188,Female
D18,14,236,Chewbacca,9952.38928,Female
D18,15,175,Leia,10138.15463,Female
D18,16,260,Chewbacca,9737.958425,Female
D18,5,258,Re,9902.233213,Female
D19,2,158,Poe,9848.051774,Male
D19,4,265,Re,10076.51769,Male
D19,1,236,Chewbacca,10273.85845,Male
D19,3,250,Han,10275.37409,Male
D19,3,161,Chewbacca,10826.14908,Male
D19,10,170,Poe,10132.05798,Male
D19,6,212,Re,9728.273298,Male
D19,14,177,Leia,9947.79639,Male
D19,16,187,Leia,10229.03749,Male
D19,2,209,Kylo,10447.33432,Male
D2,6,219,Re,10062.09009,Female
D2,12,243,Kylo,9869.095802,Female
D2,16,162,Kylo,10144.71736,Female
D2,15,174,Leia,10132.06267,Female
D2,3,258,Leia,10162.19277,Female
D2,12,185,Finn,9976.069079,Female
D2,7,161,Chewbacca,10259.74284,Female
D2,2,202,Poe,9575.537078,Female
D2,1,212,Re,10184.81152,Female
D2,17,231,Han,10299.07645,Female
D20,15,202,Leia,10183.8247,Male
D20,17,230,Chewbacca,10178.6814,Male
D20,3,231,Finn,10112.86386,Male
D20,14,221,Re,9856.287834,Male
D20,17,214,Chewbacca,9388.195726,Male
D20,6,208,Leia,9496.190321,Male
D20,16,188,Leia,9922.472069,Male
D20,10,169,Re,10314.51238,Male
D20,6,182,Han,10299.57604,Male
D20,14,196,Han,10390.624,Male
D21,16,226,Chewbacca,10273.94627,Female
D21,15,247,Re,10126.31141,Female
D21,13,195,Kylo,9914.980899,Female
D21,14,189,Re,10079.65594,Female
D21,15,216,Leia,9788.816578,Female
D21,3,260,Poe,10414.68209,Female
D21,12,218,Finn,10338.05833,Female
D21,4,202,Kylo,9908.991087,Female
D21,8,263,Finn,10555.60444,Female
D21,9,247,Kylo,9858.485313,Female
D22,17,221,Poe,9841.711043,Male
D22,12,188,Re,10075.98278,Male
D22,8,201,Leia,9874.786897,Male
D22,12,193,Kylo,9806.827809,Male
D22,16,254,Finn,10050.25645,Male
D22,10,195,Kylo,10080.42365,Male
D22,17,162,Luke,9728.519997,Male
D22,11,219,Han,9905.091149,Male
D22,6,265,Chewbacca,10018.07964,Male
D22,6,175,Poe,9684.845419,Male
D23,4,206,Re,9677.169691,Female
D23,2,158,Han,9638.06445,Female
D23,11,237,Re,9943.655883,Female
D23,6,225,Luke,9765.639908,Female
D23,16,234,Re,10022.97442,Female
D23,11,181,Han,9877.699493,Female
D23,13,232,Kylo,9762.54925,Female
D23,7,231,Finn,9800.471105,Female
D23,17,251,Poe,10118.94426,Female
D23,13,246,Leia,10421.857,Female
D24,14,225,Finn,9863.188315,Male
D24,14,198,Leia,10045.69335,Male
D24,12,180,Finn,10205.57728,Male
D24,3,222,Poe,10301.15921,Male
D24,5,205,Kylo,9622.184931,Male
D24,13,225,Leia,9898.319772,Male
D24,10,200,Kylo,10031.01221,Male
D24,11,182,Han,10148.59944,Male
D24,9,197,Han,10270.39773,Male
D24,11,234,Poe,10201.85721,Male
D25,10,243,Chewbacca,10187.98409,Female
D25,14,187,Poe,10472.43589,Female
D25,11,177,Finn,10111.83734,Female
D25,12,228,Re,9994.50833,Female
D25,9,174,Han,9859.66594,Female
D25,4,156,Poe,9852.299489,Female
D25,13,188,Poe,9847.865329,Female
D25,17,223,Re,10269.742,Female
D25,4,236,Poe,9926.569494,Female
D25,16,199,Poe,9818.424217,Female
D26,11,218,Poe,9594.947241,Male
D26,8,203,Chewbacca,10143.94525,Male
D26,4,245,Poe,10239.25204,Male
D26,8,166,Finn,10288.01449,Male
D26,14,207,Luke,10082.73992,Male
D26,2,155,Han,10222.95086,Male
D26,9,166,Kylo,9973.058643,Male
D26,5,164,Re,9962.878714,Male
D26,11,219,Kylo,9897.545005,Male
D26,12,183,Luke,9879.251099,Male
D27,3,193,Leia,10518.12116,Female
D27,8,222,Han,10051.14426,Female
D27,2,196,Leia,10212.23038,Female
D27,11,253,Re,10203.56336,Female
D27,8,167,Leia,10089.22472,Female
D27,9,222,Kylo,10132.81481,Female
D27,3,236,Han,9613.61753,Female
D27,1,209,Finn,10145.07626,Female
D27,10,231,Chewbacca,9773.202008,Female
D27,2,212,Chewbacca,9928.326437,Female
D28,10,197,Leia,9956.670541,Male
D28,9,181,Luke,10210.28874,Male
D28,13,231,Han,9924.244344,Male
D28,17,215,Chewbacca,9712.984425,Male
D28,16,247,Leia,9468.671418,Male
D28,2,199,Finn,10447.76917,Male
D28,17,263,Poe,10141.05238,Male
D28,14,265,Re,9842.714858,Male
D28,7,214,Luke,9760.330695,Male
D28,1,196,Chewbacca,9880.369796,Male
D29,3,170,Chewbacca,9883.707997,Female
D29,17,224,Leia,10008.96092,Female
D29,12,187,Poe,9735.040659,Female
D29,2,197,Han,9940.156047,Female
D29,8,263,Re,10282.20724,Female
D29,1,178,Luke,10375.96159,Female
D29,14,235,Kylo,10618.48364,Female
D29,13,156,Chewbacca,10226.62259,Female
D29,10,219,Poe,9905.838109,Female
D29,5,157,Poe,9748.871161,Female
D3,8,246,Luke,9888.040841,Male
D3,2,241,Leia,9878.554162,Male
D3,6,222,Kylo,9697.205873,Male
D3,6,257,Finn,10451.52902,Male
D3,9,222,Poe,9878.334287,Male
D3,9,265,Poe,9872.869489,Male
D3,2,251,Chewbacca,10110.39906,Male
D3,7,176,Poe,10067.72486,Male
D3,16,218,Kylo,9527.972159,Male
D3,1,258,Re,10348.44601,Male
D30,16,240,Chewbacca,10112.62999,Female
D30,16,244,Finn,10128.10324,Female
D30,6,259,Han,9861.731174,Female
D30,5,228,Re,9916.600465,Female
D30,12,207,Kylo,10264.29045,Female
D30,2,201,Re,10332.76126,Female
D30,1,250,Kylo,10601.05114,Female
D30,1,232,Leia,9504.350798,Female
D30,7,180,Poe,10236.45459,Female
D30,11,173,Kylo,9938.514574,Female
D31,9,199,Leia,9879.611259,Male
D31,16,160,Re,9979.74802,Male
D31,12,196,Chewbacca,9777.21645,Male
D31,10,191,Chewbacca,9970.459427,Male
D31,15,265,Luke,9941.819462,Male
D31,8,214,Luke,10098.22826,Male
D31,10,240,Leia,9606.149143,Male
D31,3,150,Han,9681.617727,Male
D31,7,185,Luke,10275.37582,Male
D31,15,166,Finn,9647.39633,Male
D32,2,178,Poe,9661.658599,Female
D32,14,213,Finn,10231.51016,Female
D32,4,203,Finn,9635.749094,Female
D32,12,168,Poe,10297.57602,Female
D32,2,254,Re,9871.391346,Female
D32,15,190,Re,10022.25507,Female
D32,8,185,Finn,9615.193253,Female
D32,4,260,Luke,10188.02126,Female
D32,11,169,Han,10156.22452,Female
D32,1,264,Kylo,10055.223,Female
D33,7,243,Kylo,10338.03491,Male
D33,12,175,Luke,9720.586517,Male
D33,12,238,Leia,10025.08023,Male
D33,11,232,Chewbacca,10253.3296,Male
D33,12,184,Kylo,10254.93703,Male
D33,5,159,Kylo,10180.98165,Male
D33,4,237,Kylo,10027.42666,Male
D33,11,175,Luke,10157.28406,Male
D33,13,258,Leia,10554.09987,Male
D33,12,202,Leia,9693.009184,Male
D34,6,159,Kylo,9608.987196,Female
D34,11,194,Luke,9931.5204,Female
D34,9,198,Finn,10178.25824,Female
D34,1,261,Chewbacca,10012.87696,Female
D34,11,202,Kylo,9997.508905,Female
D34,4,195,Kylo,10200.15674,Female
D34,17,263,Luke,10410.61122,Female
D34,9,188,Poe,9939.715991,Female
D34,3,217,Finn,10037.89949,Female
D34,3,207,Poe,9976.201747,Female
D35,4,254,Re,9950.879849,Male
D35,8,235,Luke,10118.66229,Male
D35,5,225,Luke,9804.98971,Male
D35,12,172,Chewbacca,9868.647546,Male
D35,7,195,Luke,9928.003962,Male
D35,8,163,Poe,10130.00203,Male
D35,11,220,Leia,9913.114047,Male
D35,7,188,Han,9703.783024,Male
D35,5,228,Luke,10683.99258,Male
D35,12,228,Re,10110.97551,Male
D36,3,166,Leia,10036.47038,Female
D36,6,260,Leia,10051.46533,Female
D36,1,230,Re,10078.38469,Female
D36,7,252,Re,9793.545971,Female
D36,13,253,Re,9587.621018,Female
D36,13,236,Chewbacca,9997.619126,Female
D36,9,240,Chewbacca,9751.055147,Female
D36,15,153,Kylo,9595.635087,Female
D36,12,203,Luke,9970.341749,Female
D36,16,161,Han,10131.6315,Female
D37,1,249,Han,9700.011573,Male
D37,4,244,Finn,9914.256304,Male
D37,2,201,Han,10010.00909,Male
D37,7,228,Kylo,9801.044373,Male
D37,17,168,Finn,9374.535622,Male
D37,13,191,Kylo,10261.29496,Male
D37,1,194,Luke,9810.688911,Male
D37,7,174,Leia,9727.994464,Male
D37,5,168,Han,10089.08478,Male
D37,12,195,Poe,10040.16096,Male
D38,16,256,Leia,9905.185915,Female
D38,12,228,Luke,10112.94886,Female
D38,14,192,Han,9959.861047,Female
D38,16,248,Re,9735.307462,Female
D38,15,226,Poe,9934.449794,Female
D38,3,151,Poe,9799.631857,Female
D38,15,225,Chewbacca,9815.474334,Female
D38,1,229,Finn,10350.48064,Female
D38,11,218,Poe,9823.110685,Female
D38,8,178,Poe,9848.605791,Female
D39,10,264,Han,9930.237395,Male
D39,11,235,Finn,9702.549804,Male
D39,4,252,Re,10353.17698,Male
D39,3,256,Leia,10245.03021,Male
D39,5,245,Kylo,9798.892802,Male
D39,5,257,Finn,9393.732903,Male
D39,1,238,Leia,10255.89268,Male
D39,8,257,Han,9830.724135,Male
D39,8,165,Kylo,10398.37314,Male
D39,12,235,Leia,9728.476388,Male
D4,5,243,Poe,9636.671007,Female
D4,15,212,Luke,9937.797374,Female
D4,3,160,Poe,9967.597163,Female
D4,10,249,Chewbacca,10077.63389,Female
D4,6,182,Poe,9688.96024,Female
D4,10,257,Leia,9976.784744,Female
D4,1,168,Poe,10153.0903,Female
D4,11,258,Han,10070.11926,Female
D4,9,172,Chewbacca,10095.37617,Female
D4,16,248,Re,9651.079379,Female
D40,16,177,Chewbacca,10181.84169,Male
D40,15,250,Luke,10116.51015,Male
D40,10,166,Finn,9890.158854,Male
D40,3,156,Leia,10069.77656,Male
D40,3,165,Luke,9571.125796,Male
D40,6,169,Re,9791.948079,Male
D40,16,208,Han,9851.108117,Male
D40,7,242,Han,9676.749042,Male
D40,8,248,Kylo,9876.369064,Male
D40,12,207,Finn,10245.89892,Male
D41,1,219,Kylo,9392.061755,Female
D41,9,254,Leia,9874.417973,Female
D41,15,179,Kylo,9750.074854,Female
D41,5,228,Leia,10264.54307,Female
D41,15,211,Leia,10536.69586,Female
D41,2,229,Luke,10658.03489,Female
D41,2,233,Luke,9846.591716,Female
D41,13,183,Poe,9788.647721,Female
D41,15,200,Luke,10202.9975,Female
D41,9,151,Leia,9999.175599,Female
D42,15,260,Chewbacca,10137.04134,Male
D42,5,238,Chewbacca,10122.59736,Male
D42,7,255,Poe,9704.756597,Male
D42,1,212,Poe,9885.120838,Male
D42,9,189,Kylo,10104.65243,Male
D42,9,163,Finn,9702.85828,Male
D42,3,258,Chewbacca,9980.695684,Male
D42,16,259,Kylo,9934.407995,Male
D42,14,219,Chewbacca,9967.433251,Male
D42,4,209,Han,9818.025063,Male
D43,16,162,Leia,9999.921012,Female
D43,6,178,Leia,10175.9072,Female
D43,7,262,Poe,9610.179044,Female
D43,3,180,Chewbacca,9829.966831,Female
D43,15,203,Kylo,10373.64798,Female
D43,5,160,Poe,10045.55404,Female
D43,5,232,Luke,10044.86679,Female
D43,12,187,Poe,9935.09282,Female
D43,4,189,Chewbacca,9829.692888,Female
D43,5,178,Kylo,10084.34466,Female
D44,5,161,Luke,9630.09721,Male
D44,9,260,Luke,9427.771319,Male
D44,13,246,Finn,10088.28532,Male
D44,6,203,Luke,10388.86338,Male
D44,7,241,Kylo,10004.93246,Male
D44,5,256,Finn,9345.015704,Male
D44,14,256,Han,9823.281752,Male
D44,10,156,Leia,10071.94246,Male
D44,15,169,Chewbacca,10500.30919,Male
D44,16,179,Poe,10348.6009,Male
D45,13,251,Luke,10128.24474,Female
D45,3,152,Luke,9950.037475,Female
D45,11,170,Finn,9919.106229,Female
D45,3,199,Poe,10260.09603,Female
D45,2,197,Poe,9865.529629,Female
D45,3,211,Han,10251.55614,Female
D45,8,230,Kylo,10086.39003,Female
D45,7,237,Luke,9527.180175,Female
D45,8,196,Han,9687.659392,Female
D45,12,263,Kylo,10351.99261,Female
D46,5,264,Re,9754.416633,Male
D46,14,185,Poe,9802.322821,Male
D46,5,265,Luke,9758.029871,Male
D46,3,227,Finn,10044.80637,Male
D46,4,247,Finn,10075.93507,Male
D46,5,259,Han,9873.444173,Male
D46,4,226,Kylo,10062.02829,Male
D46,13,259,Finn,10007.19849,Male
D46,17,264,Chewbacca,10251.18324,Male
D46,4,176,Kylo,10019.50609,Male
D47,11,256,Poe,10014.37917,Female
D47,8,265,Finn,10169.4994,Female
D47,9,194,Luke,9506.068724,Female
D47,12,189,Leia,10733.72595,Female
D47,1,208,Poe,10010.0391,Female
D47,12,246,Finn,9807.988484,Female
D47,12,166,Han,9907.735716,Female
D47,4,212,Luke,9718.119206,Female
D47,8,162,Luke,10026.92065,Female
D47,6,240,Poe,10162.1309,Female
D48,4,234,Chewbacca,9996.936772,Male
D48,13,202,Kylo,9807.561428,Male
D48,14,211,Kylo,10251.32883,Male
D48,13,221,Finn,9928.402521,Male
D48,11,233,Chewbacca,10308.22753,Male
D48,15,190,Kylo,9549.556748,Male
D48,2,211,Kylo,9853.045632,Male
D48,14,245,Luke,10018.73708,Male
D48,12,236,Leia,10081.29673,Male
D48,17,164,Kylo,10427.07322,Male
D49,2,173,Re,9735.022988,Female
D49,16,176,Re,10149.95975,Female
D49,6,187,Leia,10207.33699,Female
D49,3,220,Re,9705.756305,Female
D49,6,160,Han,9541.294467,Female
D49,4,241,Poe,9764.602081,Female
D49,16,204,Leia,9728.003357,Female
D49,16,259,Leia,9875.966823,Female
D49,7,166,Han,9907.898925,Female
D49,12,206,Poe,9935.197882,Female
D5,15,247,Finn,9775.973109,Male
D5,12,183,Leia,9728.195444,Male
D5,8,240,Leia,9952.681769,Male
D5,9,216,Finn,9368.70164,Male
D5,10,255,Finn,10377.06706,Male
D5,4,164,Finn,10053.68316,Male
D5,13,231,Kylo,9825.523063,Male
D5,1,207,Han,10036.71367,Male
D5,11,204,Kylo,10437.81273,Male
D5,16,187,Chewbacca,10177.57245,Male
D50,7,165,Han,10747.0674,Female
D50,11,192,Poe,10024.45955,Female
D50,10,156,Han,9551.753971,Female
D50,5,173,Finn,10024.99503,Female
D50,8,242,Han,10269.9015,Female
D50,12,182,Poe,9675.655752,Female
D50,3,204,Han,9961.255642,Female
D50,17,178,Kylo,9872.024058,Female
D50,7,257,Kylo,10335.95927,Female
D50,7,180,Leia,10177.97046,Female
D6,11,217,Poe,9674.453851,Male
D6,7,187,Poe,10085.92525,Male
D6,17,247,Leia,9829.35173,Male
D6,5,243,Chewbacca,10062.69328,Male
D6,6,185,Luke,9750.397295,Male
D6,4,231,Luke,10190.88118,Male
D6,5,246,Chewbacca,9980.978778,Male
D6,10,211,Leia,10212.15179,Male
D6,13,245,Re,10051.60531,Male
D6,4,211,Han,9828.388763,Male
D7,6,187,Kylo,9653.397178,Female
D7,12,162,Luke,10073.80841,Female
D7,8,198,Leia,9868.456642,Female
D7,16,229,Kylo,10281.7534,Female
D7,14,259,Luke,10077.66247,Female
D7,15,222,Kylo,9921.37674,Female
D7,3,194,Chewbacca,10005.64873,Female
D7,17,262,Luke,10509.21204,Female
D7,17,198,Chewbacca,9905.737337,Female
D7,1,190,Re,9690.549864,Female
D8,6,236,Kylo,10078.71377,Male
D8,7,237,Leia,9806.943704,Male
D8,3,212,Finn,9854.042943,Male
D8,7,175,Chewbacca,10394.44692,Male
D8,8,152,Finn,9371.547692,Male
D8,15,221,Re,9811.419272,Male
D8,9,168,Kylo,9672.066644,Male
D8,10,215,Han,10293.91618,Male
D8,9,169,Poe,9863.779013,Male
D8,10,225,Re,9518.634113,Male
D9,4,192,Kylo,9936.953839,Female
D9,14,163,Han,10333.56531,Female
D9,5,199,Leia,9678.315541,Female
D9,4,221,Han,9849.183782,Female
D9,4,170,Han,9928.978686,Female
D9,6,180,Luke,10061.99436,Female
D9,9,254,Re,9420.688105,Female
D9,2,194,Luke,9960.387539,Female
D9,6,211,Kylo,9958.395214,Female
D9,6,205,Re,9869.357329,Female
E1,9,213,Luke,10247.17724,Male
E1,13,225,Luke,10254.16502,Male
E1,9,220,Kylo,9709.303909,Male
E1,3,176,Finn,10128.97075,Male
E1,3,173,Poe,9908.120056,Male
E1,3,196,Chewbacca,9873.695631,Male
E1,17,239,Finn,9889.34518,Male
E1,1,222,Han,9881.389531,Male
E1,8,218,Poe,9893.268001,Male
E1,6,235,Finn,10474.79457,Male
E10,16,238,Re,10162.4043,Female
E10,11,201,Finn,9658.919831,Female
E10,3,222,Finn,10107.05884,Female
E10,8,238,Leia,10369.3599,Female
E10,14,160,Han,9865.825486,Female
E10,10,224,Chewbacca,10187.66849,Female
E10,15,255,Kylo,10153.65192,Female
E10,8,216,Poe,9985.933383,Female
E10,1,201,Chewbacca,9958.7882,Female
E10,2,221,Re,10103.18632,Female
E11,2,254,Leia,9991.576088,Male
E11,3,211,Luke,9572.77392,Male
E11,7,202,Chewbacca,9920.835126,Male
E11,10,257,Re,10129.23318,Male
E11,2,170,Luke,9495.815147,Male
E11,9,240,Re,9810.928894,Male
E11,11,237,Han,10141.43412,Male
E11,8,168,Kylo,9788.572671,Male
E11,4,201,Finn,10147.77409,Male
E11,7,170,Kylo,9823.26153,Male
E12,17,155,Han,10235.51332,Female
E12,11,155,Luke,9953.030618,Female
E12,8,212,Kylo,9563.181178,Female
E12,2,160,Luke,9867.650166,Female
E12,9,246,Poe,9911.418014,Female
E12,3,236,Re,10217.34819,Female
E12,3,160,Re,9836.177535,Female
E12,10,260,Kylo,10139.09376,Female
E12,8,248,Finn,9667.020959,Female
E12,3,240,Leia,9749.207118,Female
E13,9,264,Re,9919.161413,Male
E13,16,262,Kylo,10232.43939,Male
E13,12,201,Han,10132.73555,Male
E13,6,164,Chewbacca,9991.351569,Male
E13,17,158,Luke,9624.314826,Male
E13,8,218,Leia,9977.371708,Male
E13,13,260,Finn,9807.663533,Male
E13,14,159,Han,9600.962329,Male
E13,11,184,Chewbacca,9950.29263,Male
E13,8,265,Re,10414.0559,Male
E14,13,164,Kylo,10212.90304,Female
E14,2,249,Re,9589.171917,Female
E14,10,163,Leia,10242.92679,Female
E14,11,261,Re,9804.746509,Female
E14,12,205,Luke,9701.472701,Female
E14,5,260,Han,9962.520503,Female
E14,4,249,Re,10019.81782,Female
E14,15,220,Luke,10169.44769,Female
E14,14,183,Luke,10136.30518,Female
E14,11,222,Poe,10262.29194,Female
E15,15,242,Kylo,10088.45021,Male
E15,4,215,Leia,10048.71199,Male
E15,8,157,Han,9950.331893,Male
E15,2,183,Leia,10561.05773,Male
E15,12,221,Kylo,9791.234717,Male
E15,9,219,Han,10188.63516,Male
E15,7,247,Poe,9591.215862,Male
E15,12,231,Poe,10253.76046,Male
E15,6,166,Han,9835.317816,Male
E15,4,159,Re,10128.81347,Male
E16,8,245,Poe,10073.46493,Female
E16,6,160,Finn,9575.932398,Female
E16,15,250,Poe,10182.52432,Female
E16,10,168,Chewbacca,10043.69675,Female
E16,1,211,Chewbacca,10260.13022,Female
E16,8,204,Poe,9971.091666,Female
E16,13,168,Kylo,9792.903143,Female
E16,7,252,Finn,9705.576936,Female
E16,7,254,Han,9510.226659,Female
E16,14,256,Han,9738.944938,Female
E17,17,188,Luke,10255.82048,Male
E17,4,178,Poe,10203.78144,Male
E17,10,202,Chewbacca,9817.131774,Male
E17,15,214,Han,9803.797544,Male
E17,15,198,Luke,9940.054938,Male
E17,11,162,Finn,10211.78349,Male
E17,6,172,Kylo,10031.77341,Male
E17,5,252,Kylo,9599.383552,Male
E17,5,172,Han,10247.09444,Male
E17,8,199,Han,9614.384793,Male
E18,1,255,Han,9749.477529,Female
E18,13,229,Luke,9995.070548,Female
E18,1,217,Finn,10366.83464,Female
E18,6,220,Luke,9762.510483,Female
E18,13,176,Re,10149.39288,Female
E18,10,250,Luke,10097.37193,Female
E18,16,251,Kylo,9438.630962,Female
E18,15,186,Finn,10188.91193,Female
E18,2,258,Chewbacca,10217.74794,Female
E18,6,206,Re,9838.310856,Female
E19,14,229,Kylo,10128.18469,Male
E19,13,164,Han,9650.315465,Male
E19,11,191,Han,9751.303725,Male
E19,9,178,Re,10302.46952,Male
E19,7,216,Leia,10032.41571,Male
E19,15,204,Kylo,9630.147097,Male
E19,5,208,Han,9673.032135,Male
E19,12,237,Chewbacca,9910.423987,Male
E19,14,177,Poe,9977.837931,Male
E19,12,173,Finn,9709.332384,Male
E2,17,261,Finn,10706.58845,Female
E2,13,206,Re,10264.19748,Female
E2,2,162,Luke,10399.2115,Female
E2,10,174,Finn,10114.07075,Female
E2,13,214,Han,9813.232776,Female
E2,7,222,Poe,10212.54528,Female
E2,14,185,Chewbacca,10546.07556,Female
E2,16,171,Leia,9932.283257,Female
E2,12,209,Leia,9989.791289,Female
E2,16,246,Luke,10482.38484,Female
E20,1,185,Chewbacca,10233.97116,Male
E20,2,203,Finn,10077.10746,Male
E20,3,217,Kylo,10171.90143,Male
E20,2,219,Poe,10119.22055,Male
E20,2,190,Kylo,10201.29271,Male
E20,12,159,Re,10215.64357,Male
E20,12,262,Luke,9858.649254,Male
E20,10,193,Poe,10160.80343,Male
E20,9,241,Leia,10318.9355,Male
E20,6,250,Chewbacca,10420.73095,Male
E21,2,212,Re,9858.647709,Female
E21,17,211,Han,9656.342465,Female
E21,2,236,Chewbacca,10127.45644,Female
E21,5,265,Finn,10272.61949,Female
E21,7,150,Poe,9760.342662,Female
E21,14,150,Chewbacca,10180.11751,Female
E21,9,163,Luke,9822.34737,Female
E21,6,158,Kylo,9475.650501,Female
E21,2,204,Finn,9985.366485,Female
E21,15,253,Chewbacca,9762.57917,Female
E22,2,262,Finn,9873.682902,Male
E22,6,162,Leia,9941.680984,Male
E22,12,212,Poe,10287.47575,Male
E22,15,185,Leia,9954.284853,Male
E22,2,244,Leia,10573.07321,Male
E22,3,154,Kylo,9623.86338,Male
E22,8,195,Kylo,10165.01988,Male
E22,5,152,Poe,10039.48867,Male
E22,6,228,Finn,9532.427685,Male
E22,6,232,Han,9575.139611,Male
E23,11,196,Luke,10126.97592,Female
E23,5,200,Poe,9770.211494,Female
E23,4,152,Kylo,10166.89934,Female
E23,13,216,Luke,10302.78882,Female
E23,6,158,Kylo,10195.80543,Female
E23,12,202,Luke,9870.316143,Female
E23,15,225,Chewbacca,9971.663797,Female
E23,7,208,Finn,10220.07254,Female
E23,12,189,Han,10224.97855,Female
E23,2,166,Leia,9906.53169,Female
E24,16,233,Poe,10043.9489,Male
E24,5,159,Poe,9936.832645,Male
E24,4,212,Chewbacca,9654.531663,Male
E24,2,240,Finn,9572.974855,Male
E24,8,186,Kylo,9574.542422,Male
E24,13,249,Finn,10175.04493,Male
E24,9,150,Poe,9983.96147,Male
E24,8,196,Luke,9816.6938,Male
E24,6,196,Leia,9981.13729,Male
E24,12,158,Kylo,10126.72828,Male
E25,10,184,Kylo,10337.26033,Female
E25,16,252,Leia,10151.57152,Female
E25,14,213,Leia,9884.991156,Female
E25,9,181,Leia,9851.347168,Female
E25,13,159,Han,9874.443116,Female
E25,4,225,Finn,9873.934972,Female
E25,3,224,Finn,9364.670743,Female
E25,6,197,Han,9908.099735,Female
E25,14,165,Han,10172.91233,Female
E25,13,241,Poe,9830.478786,Female
E26,16,195,Leia,9534.667808,Male
E26,17,178,Kylo,10295.17285,Male
E26,9,190,Kylo,10150.8994,Male
E26,2,205,Han,10296.23289,Male
E26,15,191,Luke,9573.301505,Male
E26,1,176,Poe,10137.20724,Male
E26,9,221,Poe,9808.323723,Male
E26,6,248,Poe,10234.82019,Male
E26,6,185,Poe,9812.008974,Male
E26,5,240,Luke,9902.596307,Male
E27,3,211,Leia,10270.51066,Female
E27,9,188,Luke,10362.46522,Female
E27,7,191,Chewbacca,10320.18499,Female
E27,2,199,Kylo,10177.80188,Female
E27,6,221,Leia,10136.59093,Female
E27,5,250,Chewbacca,9874.634586,Female
E27,15,234,Leia,10218.41197,Female
E27,13,166,Poe,10029.19089,Female
E27,14,233,Re,10060.1647,Female
E27,16,247,Re,10265.01937,Female
E28,7,184,Chewbacca,10173.91659,Male
E28,10,173,Re,9788.557917,Male
E28,4,257,Re,10158.52328,Male
E28,2,152,Kylo,10238.28841,Male
E28,5,252,Leia,9736.445409,Male
E28,8,159,Chewbacca,9926.22445,Male
E28,17,244,Leia,9756.307952,Male
E28,14,177,Re,10041.90237,Male
E28,11,236,Luke,10030.9859,Male
E28,3,234,Finn,10090.99623,Male
E29,8,223,Poe,10226.37553,Female
E29,5,190,Finn,9741.91457,Female
E29,8,154,Leia,9217.454933,Female
E29,13,163,Finn,10497.56306,Female
E29,10,240,Leia,10179.56835,Female
E29,9,183,Kylo,9642.360649,Female
E29,14,261,Luke,10129.79263,Female
E29,9,183,Re,9861.779343,Female
E29,2,173,Luke,9931.4132,Female
E29,15,265,Luke,10000.40353,Female
E3,5,181,Chewbacca,9586.392978,Male
E3,17,188,Leia,10071.96355,Male
E3,8,193,Kylo,9732.059821,Male
E3,11,227,Leia,10926.91222,Male
E3,2,182,Han,9829.523293,Male
E3,12,238,Chewbacca,9454.345295,Male
E3,8,151,Luke,9753.87755,Male
E3,16,189,Luke,9752.831919,Male
E3,4,233,Finn,10137.7755,Male
E3,13,231,Han,10095.34863,Male
E30,11,200,Kylo,9935.913255,Female
E30,5,170,Leia,9304.577502,Female
E30,11,185,Poe,9643.78259,Female
E30,13,153,Finn,10416.31061,Female
E30,15,214,Chewbacca,10028.67187,Female
E30,7,241,Luke,10334.91518,Female
E30,8,245,Leia,10016.767,Female
E30,11,160,Luke,10610.16593,Female
E30,13,165,Kylo,9830.653227,Female
E30,5,244,Chewbacca,9862.210772,Female
E31,13,255,Luke,9748.502511,Male
E31,11,243,Luke,10052.67035,Male
E31,4,256,Kylo,10044.61642,Male
E31,2,229,Poe,10269.20136,Male
E31,17,167,Poe,10130.32681,Male
E31,14,166,Leia,9800.472748,Male
E31,16,217,Kylo,9788.633887,Male
E31,12,169,Kylo,10064.04673,Male
E31,17,200,Kylo,9710.746538,Male
E31,8,157,Poe,10229.75642,Male
E32,2,190,Kylo,10031.75122,Female
E32,5,220,Poe,9704.043008,Female
E32,9,220,Han,9960.539445,Female
E32,16,151,Kylo,9811.632331,Female
E32,2,155,Re,10011.74388,Female
E32,14,178,Re,9934.838053,Female
E32,15,180,Luke,9784.709543,Female
E32,6,245,Leia,10414.24103,Female
E32,16,235,Finn,9717.493645,Female
E32,17,257,Han,9924.683785,Female
E33,17,161,Luke,10180.67317,Male
E33,1,189,Poe,9777.519634,Male
E33,10,167,Re,9878.901415,Male
E33,3,253,Luke,10074.18703,Male
E33,4,168,Finn,10491.34251,Male
E33,15,194,Poe,10500.6473,Male
E33,5,264,Kylo,9741.83377,Male
E33,10,199,Re,9699.424358,Male
E33,16,179,Re,9999.758894,Male
E33,4,234,Han,10076.82114,Male
E34,11,220,Leia,10005.78475,Female
E34,5,155,Luke,10554.75705,Female
E34,10,248,Han,9916.920708,Female
E34,5,255,Re,9806.94301,Female
E34,5,205,Poe,10100.12337,Female
E34,2,244,Kylo,9759.197971,Female
E34,10,206,Luke,9961.652167,Female
E34,1,230,Kylo,9862.726245,Female
E34,9,175,Re,9952.976215,Female
E34,11,158,Han,9816.170582,Female
E35,14,264,Chewbacca,10250.31087,Male
E35,14,180,Leia,9985.915861,Male
E35,14,202,Re,10022.51084,Male
E35,11,257,Re,9933.852705,Male
E35,16,265,Han,9982.274882,Male
E35,4,236,Kylo,10140.94823,Male
E35,9,204,Kylo,9509.027777,Male
E35,6,157,Poe,9811.760574,Male
E35,8,171,Chewbacca,10138.17513,Male
E35,11,190,Poe,10191.32774,Male
E36,15,186,Kylo,9670.429818,Female
E36,9,233,Han,9827.683804,Female
E36,14,164,Re,10268.46178,Female
E36,10,251,Chewbacca,10338.07698,Female
E36,17,153,Finn,9881.400135,Female
E36,4,157,Re,10196.54117,Female
E36,11,189,Finn,10581.63677,Female
E36,3,225,Re,10216.99635,Female
E36,5,184,Kylo,9998.44983,Female
E36,10,203,Re,10612.43353,Female
E37,8,253,Han,9950.922727,Male
E37,11,213,Poe,9659.384894,Male
E37,3,254,Finn,9668.88818,Male
E37,5,215,Poe,10080.1501,Male
E37,5,237,Finn,10020.1515,Male
E37,2,259,Chewbacca,9542.851602,Male
E37,14,225,Luke,10083.06669,Male
E37,2,159,Chewbacca,10374.35851,Male
E37,11,232,Chewbacca,9727.581731,Male
E37,8,170,Luke,10140.56972,Male
E38,9,194,Finn,10245.63023,Female
E38,5,237,Poe,10205.51132,Female
E38,4,180,Luke,10048.98024,Female
E38,2,201,Leia,9937.002576,Female
E38,13,182,Chewbacca,10040.1505,Female
E38,15,201,Leia,10031.22235,Female
E38,12,226,Kylo,10365.04666,Female
E38,4,225,Kylo,9894.320776,Female
E38,16,264,Leia,10187.64636,Female
E38,4,209,Leia,10095.3278,Female
E39,13,247,Han,10197.53301,Male
E39,10,155,Re,10072.14771,Male
E39,3,151,Chewbacca,9871.962219,Male
E39,13,254,Chewbacca,10171.73666,Male
E39,4,251,Poe,9533.882074,Male
E39,9,190,Finn,10167.86334,Male
E39,4,193,Kylo,9898.985604,Male
E39,5,188,Han,9659.888209,Male
E39,14,221,Kylo,10305.42234,Male
E39,1,174,Re,9802.385254,Male
E4,11,262,Han,9940.193759,Female
E4,6,189,Chewbacca,10095.85683,Female
E4,14,242,Chewbacca,9848.678275,Female
E4,4,259,Re,10323.73853,Female
E4,5,183,Re,9617.77597,Female
E4,6,176,Re,9992.860885,Female
E4,13,172,Chewbacca,9649.900776,Female
E4,17,184,Luke,9632.132467,Female
E4,13,262,Luke,9913.903616,Female
E4,9,212,Chewbacca,10249.66629,Female
E40,10,170,Han,9740.940677,Male
E40,15,180,Re,10207.38971,Male
E40,3,177,Leia,9865.835476,Male
E40,5,186,Leia,10016.33846,Male
E40,17,187,Kylo,9847.333421,Male
E40,11,231,Kylo,9977.124815,Male
E40,1,253,Poe,10251.66583,Male
E40,5,190,Re,9596.830454,Male
E40,11,175,Kylo,10329.05753,Male
E40,10,172,Re,9713.56024,Male
E41,6,250,Leia,10139.76778,Female
E41,10,232,Han,9767.273368,Female
E41,17,251,Poe,10437.56471,Female
E41,13,229,Re,9958.489172,Female
E41,1,195,Kylo,10104.26811,Female
E41,4,192,Luke,10345.91835,Female
E41,1,240,Chewbacca,9834.907532,Female
E41,4,231,Re,10067.23806,Female
E41,13,152,Leia,10000.68802,Female
E41,7,181,Re,9756.450515,Female
E42,11,249,Re,9769.208795,Male
E42,12,243,Chewbacca,10323.45964,Male
E42,8,247,Poe,9859.993968,Male
E42,15,230,Luke,9971.697924,Male
E42,8,173,Leia,9970.606487,Male
E42,3,207,Finn,10046.449,Male
E42,6,252,Finn,9755.808763,Male
E42,3,221,Leia,9687.905724,Male
E42,5,186,Finn,10101.9952,Male
E42,10,251,Luke,10340.90354,Male
E43,13,199,Re,10578.27094,Female
E43,12,165,Finn,9886.845235,Female
E43,15,170,Poe,10111.84086,Female
E43,3,247,Chewbacca,10045.0013,Female
E43,13,230,Han,10141.38839,Female
E43,1,156,Chewbacca,9265.250242,Female
E43,8,211,Chewbacca,10555.57161,Female
E43,16,205,Luke,10318.43367,Female
E43,12,217,Luke,9615.425612,Female
E43,8,196,Luke,9966.14728,Female
E44,10,214,Han,9733.320884,Male
E44,17,192,Leia,10366.9449,Male
E44,16,151,Leia,9756.830666,Male
E44,10,221,Leia,10076.16685,Male
E44,8,228,Luke,9866.760446,Male
E44,1,163,Leia,9396.587567,Male
E44,12,245,Luke,10351.72459,Male
E44,7,158,Poe,9794.716533,Male
E44,11,197,Re,10044.54271,Male
E44,4,246,Chewbacca,9710.485801,Male
E45,3,234,Finn,10557.1841,Female
E45,13,198,Chewbacca,9916.821126,Female
E45,4,166,Leia,9984.18631,Female
E45,8,193,Chewbacca,10047.16479,Female
E45,7,231,Finn,10242.15306,Female
E45,5,207,Chewbacca,9924.210149,Female
E45,6,252,Poe,9719.03459,Female
E45,15,229,Leia,10144.81096,Female
E45,12,228,Re,10255.8589,Female
E45,10,174,Chewbacca,9935.966984,Female
E46,12,255,Han,10362.33477,Male
E46,16,219,Re,10419.50375,Male
E46,10,251,Chewbacca,9384.492045,Male
E46,3,260,Chewbacca,10246.78498,Male
E46,9,265,Chewbacca,10438.11686,Male
E46,13,249,Han,9631.584953,Male
E46,11,180,Kylo,9759.480582,Male
E46,13,174,Han,10005.15795,Male
E46,17,169,Han,9590.038091,Male
E46,17,215,Chewbacca,9799.183697,Male
E47,8,222,Chewbacca,10237.73299,Female
E47,17,220,Luke,10100.71249,Female
E47,10,156,Re,10420.36247,Female
E47,4,234,Re,10154.0308,Female
E47,12,214,Finn,9907.980853,Female
E47,16,218,Chewbacca,10314.87484,Female
E47,10,259,Re,10279.66886,Female
E47,10,238,Re,9790.715721,Female
E47,14,261,Kylo,9726.745058,Female
E47,14,204,Finn,10123.47312,Female
E48,10,176,Luke,10474.66556,Male
E48,7,209,Re,9778.104029,Male
E48,17,207,Poe,10203.34663,Male
E48,15,196,Han,9705.811437,Male
E48,1,237,Re,9653.750017,Male
E48,12,250,Han,9710.448195,Male
E48,1,221,Poe,10147.37389,Male
E48,1,249,Kylo,9915.23405,Male
E48,16,260,Poe,9565.938071,Male
E48,2,201,Luke,10313.29724,Male
E49,4,238,Chewbacca,10134.58165,Female
E49,3,175,Han,10190.42865,Female
E49,2,204,Chewbacca,9862.779198,Female
E49,16,253,Luke,9895.649714,Female
E49,10,257,Kylo,10271.88679,Female
E49,17,250,Luke,9685.482107,Female
E49,17,261,Leia,9855.982173,Female
E49,12,219,Han,10052.14315,Female
E49,9,186,Kylo,10033.22211,Female
E49,7,218,Chewbacca,9841.061377,Female
E5,14,219,Chewbacca,9751.263483,Male
E5,8,243,Re,9942.400912,Male
E5,9,157,Chewbacca,10282.32955,Male
E5,17,166,Re,10096.18965,Male
E5,12,238,Poe,9839.254914,Male
E5,8,164,Leia,9822.441363,Male
E5,10,153,Chewbacca,9920.220416,Male
E5,11,192,Poe,10148.19944,Male
E5,17,183,Luke,9978.168893,Male
E5,6,208,Luke,9832.826543,Male
E50,14,151,Leia,9415.858351,Female
E50,17,171,Kylo,10249.78413,Female
E50,17,213,Chewbacca,9912.498476,Female
E50,10,177,Finn,10131.46511,Female
E50,10,243,Han,9907.886837,Female
E50,5,200,Chewbacca,10284.45287,Female
E50,5,239,Finn,9434.680471,Female
E50,1,258,Han,10019.80077,Female
E50,15,228,Leia,9876.975214,Female
E50,2,217,Re,9660.526321,Female
E6,5,203,Leia,9853.886954,Male
E6,16,211,Leia,10122.49062,Male
E6,1,265,Han,9944.695085,Male
E6,7,215,Luke,10411.60513,Male
E6,12,156,Kylo,10154.83505,Male
E6,1,260,Re,9906.561926,Male
E6,12,251,Leia,9802.584216,Male
E6,4,210,Poe,9990.571041,Male
E6,17,261,Poe,9787.891837,Male
E6,7,214,Kylo,10097.16388,Male
E7,12,259,Leia,10178.34443,Female
E7,10,165,Kylo,9639.917559,Female
E7,13,154,Han,10061.93023,Female
E7,17,214,Han,9996.961868,Female
E7,8,261,Chewbacca,10016.09971,Female
E7,1,199,Finn,10103.66993,Female
E7,6,216,Leia,9800.50092,Female
E7,10,228,Poe,10178.01641,Female
E7,1,233,Chewbacca,9586.33733,Female
E7,9,166,Poe,10277.18647,Female
E8,14,224,Luke,10243.04201,Male
E8,2,233,Luke,10172.42183,Male
E8,13,224,Han,10515.9031,Male
E8,1,258,Finn,9690.591483,Male
E8,2,215,Re,10117.9482,Male
E8,15,220,Poe,10014.1872,Male
E8,8,200,Han,9810.491623,Male
E8,10,209,Re,10062.02366,Male
E8,9,203,Poe,10049.44337,Male
E8,7,203,Poe,9748.41804,Male
E9,1,256,Re,9611.313717,Female
E9,11,186,Luke,9786.772488,Female
E9,16,236,Poe,10205.99503,Female
E9,9,166,Finn,10015.65837,Female
E9,2,174,Re,10232.09149,Female
E9,12,200,Chewbacca,10514.87854,Female
E9,17,225,Chewbacca,10349.57501,Female
E9,11,181,Finn,10112.25959,Female
E9,11,172,Kylo,10501.91792,Female
E9,14,264,Chewbacca,9954.252887,Female
