Site,Trap No,Time,Mo,Day,Year,Julian,Sex,Age,Total,Bag,Mass,Frequency,Band ID,Wing,Tail,Tars,Culmen,Molt,Color,Recap,Feather,Blood,Par
SM,SM14-21,1845,8,8,2014,220,F,A,525,40,485,150.372,1,19.1,12.5,4.98,2.54,Unknown,Gray,N,Y,N,N
SM,SM14-19,1850,8,12,2014,224,F,A,,,,150.372,1,,,,,,Split,Y,,,
SM,SM14-20,1710,8,21,2014,233,F,A,535,40,479,150.372,1,18.9,12.3,4.96,2.54,,,Y,,,
SM,SM14-25,1950,8,14,2014,226,F,A,505,40,465,150.332,2,18.7,13.2,4.96,2.07,7,Inter,N,Y,N,N
SM,SM14-14,1840,8,15,2014,227,F,A,536,40,496,150.342,3,18.2,12.6,5.36,2.03,8,Inter,N,Y,N,N
SM,SM14-16,1800,9,2,2014,245,U,U,656,40,616,150.342,3,18.1,1.99,5.25,1.99,9,,Y,N,N,N
SM,SM14-16,1656,9,20,2014,263,F,A,545,40,505,150.342,3,18.3,11.3,5.18,1.94,9&10,,Y,N,N,N
SM,SM14-1,1830,8,19,2014,231,F,A,505,40,465,150.552,4,17.4,11,4.87,2.36,8,Red,N,Y,N,N
SM,SM14-24,1930,8,20,2014,232,M,J,440,40,400,150.452,5,17.1,9.1,5.3,2.12,7,Brown,N,Y,N,N
SM,SM14-23,1846,9,24,2014,267,M,J,535,40,495,150.452,5,18.1,12.7,5.27,1.72,8,,Y,,,
SM,SM14-20,1710,8,21,2014,233,M,J,420,40,380,150.362,6,17.9,8.6,5.41,1.96,7,Brown,N,Y,N,N
SM,SM14-1,1900,8,21,2014,233,M,J,460,40,420,150.461,7,17.5,9.1,5.14,2.9,7,Red,N,Y,N,N
SM,SM14-54,1650,8,22,2014,234,M,A,650,40,610,150.402,8,18.5,7.5,5.34,2.46,9,Unknown,N,Y,N,N
SM,SM14-54,1700,8,27,2014,239,M,A,595,40,555,150.402,8,,,,,,Gray,Y,N,N,N
SM,SM14-54,1630,8,31,2014,243,M,A,600,40,560,150.402,8,,,,,,,Y,,Y,N
SM,SM14-56,1725,8,22,2014,234,M,A,660,40,620,150.542,9,18.6,7,5.06,2.4,8 and 9,Unknown,N,Y,N,N
SM,SM14-56,1630,8,31,2014,243,M,A,660,40,620,150.542,9,,,,,,,Y,,,
SM,SM14-16,1720,8,23,2014,235,M,A,630,40,590,150.432,10,18.6,10.6,5.34,2.22,10,Gray,N,Y,N,N
SM,SM14-17,1800,9,2,2014,245,M,A,620,40,580,150.432,10,19.1,13.9,5.44,2.36,,,Y,N,N,N
SM,SM14-17,1045,9,10,2014,253,M,A,585,40,545,150.432,10,,,,,,,Y,,,
SM,SM14-51,1903,8,24,2014,236,F,J,435,40,395,150.362,11,17.5,8.9,5.17,1.9,8,Inter-Gray,N,Y,N,N
SM,SM14-20,1710,8,26,2014,238,M,A,590,40,550,150.481,12,18.1,11.2,5.26,2.09,9 and 10,Gray-Brown,N,Y,N,Y
SM,SM14-43,1833,8,26,2014,238,F,J,450,40,410,150.291,13,17.6,8.7,5.15,1.94,7,Unknown,N,Y,N,N
SM,SM14-55,1700,8,27,2014,239,M,J,445,40,405,150.562,14,16.5,,5.24,2.49,7 and 8,Gray,N,Y,N,N
SM,SM14-55,1700,8,27,2014,239,F,A,490,40,450,150.352,15,16.5,11.4,5.28,2.22,5 and 6,Brown,N,Y,N,N
SM,SM14-55,1700,8,27,2014,239,M,J,450,40,410,150.491,16,16.1,,5.6,2.38,7 and 8,Brown,N,Y,N,N
SM,SM14-1,1758,8,28,2014,240,F,J,455,40,405,150.531,17,17.6,9.8,5.47,1.81,6 and 7,Unknown,N,Y,N,N
SM,SM14-42,1820,8,29,2014,241,M,J,480,40,440,150.291,18,17,10.4,5.51,2.25,7 and 8,Unknown,N,Y,N,N
SM,SM14-51,2000,8,29,2014,241,F,A,555,40,505,150.572,19,18.4,,5.04,2.03,9 and 10,Unknown,N,Y,N,N
SM,SM14-51,2000,8,29,2014,241,M,J,530,40,490,150.502,20,18.2,7.9,5.34,2.03,7 and 8,Gray,N,Y,N,N
SM,SM14-51,2000,8,29,2014,241,M,J,540,40,500,150.412,21,18.8,7.4,5.39,1.97,7 and 8,Unknown,N,Y,N,N
SM,SM14-6,1806,9,27,2014,270,M,J,555,40,515,150.031,21,19.6,13.2,5.4,2.18,8,Gray,N,,,
SM,SM14-56,1630,8,31,2014,243,M,J,495,40,455,150.552,22,18,molt,5.23,2.4,7 and 8,Unknown,N,,,
SM,SM14-56,1630,8,31,2014,243,F,J,500,40,460,150.313,23,17.5,molt,4.85,2.31,7 and 8,Unknown,N,,,
SM,SM14-41,1830,8,31,2014,243,F,A,555,40,505,150.512,24,17.8,,5.34,2.21,6 and 7,Red,N,Y,N,N
SM,SM14-51,,9,1,2014,244,M,J,390,40,350,,25,17,9.5,5.06,2.15,6 and 7,Unknown,N,N,N,N
SM,SM14-30,1800,9,3,2014,246,M,A,630,40,590,150.542,26,18.8,12.9,5.16,2.11,"10, 9",Split,N,Y,N,N
SM,SM14-14,1700,9,4,2014,247,M,A,680,40,640,150.392,27,18.8,14.4,5.13,1.93,"9, 10",Split,N,Y,N,N
SM,SM14-24,1914,9,4,2014,247,M,J,425,40,385,150.422,28,,,,,,,N,,,
SM,SM14-1,1720,9,6,2014,249,M,A,645,40,605,150.304,29,19.4,14.7,5.31,1.6,"10, 9",,N,Y,N,N
SM,SM14-40,1803,9,6,2014,249,M,J,510,40,470,150.502,30,17.8,,5.67,1.79,8,,N,Y,N,N
SM,SM14-7,1753,9,27,2014,270,F,J,470,40,430,150.162,32,17,9.2,4.81,2.07,8,Gray,N,Y,N,N
SM,SM14-13,1734,9,27,2014,270,F,J,480,40,440,150.273,33,18.8,12.1,4.97,2.12,8,Split,N,Y,N,N
SM,SM14-30,1630,9,27,2014,270,M,J,610,40,570,150.471,34,19.3,14,5.46,2.22,N,Red,N,Y,N,N
SM,SM14-14,1103,9,26,2014,269,M,A,670,40,630,150.173,35,19.6,14.1,5.2,2.23,10,,N,Y,N,Y
SM,SM14-12,1754,9,25,2014,268,F,J,580,40,540,150.063,36,17.6,13.1,5.1,1.68,8,Split,N,Y,N,N
SM,SM14-59,955,9,25,2014,268,M,A,690,40,650,150.321,37,19.8,16.5,5.39,1.88,10,Brown,N,Y,N,N
SM,SM14-59,955,9,25,2014,268,M,A,670,40,630,NR,38,,,,,,,N,,,
SM,SM14-30,1744,9,24,2014,267,F,J,510,40,470,150.392,39,18.1,11.9,5.02,1.96,8,,N,Y,,Y
SM,SM14-17,1719,9,24,2014,267,F,A,540,40,500,150.101,40,17.7,11.6,5.22,1.95,9 lost 10,Split,N,Y,N,N
SM,SM14-10,1748,9,23,2014,266,F,J,480,40,440,150.122,41,18.4,11.4,4.87,1.86,8,Split,N,Y,N,N
SM,SM14-55,1611,9,22,2014,265,F,J,510,40,470,150.332,42,17.7,11.5,4.98,1.89,8,Split,N,Y,N,N
SM,SM14-1,1700,9,21,2014,264,M,A,660,40,620,150.422,43,19.4,14.7,5.37,2.18,9&10,,N,Y,N,Y
SM,SM14-21,1629,9,20,2014,263,M,A,615,40,575,150.252,44,18.4,13.7,5.41,1.78,8,Brown,N,Y,N,N
SM,SM14-4,1755,9,19,2014,262,F,J,560,40,520,150.432,45,18,11.8,4.98,1.97,8,Red,N,Y,N,N
SM,SM14-22,1624,9,18,2014,261,F,J,500,40,460,150.001,46,17.4,11.1,4.89,2.1,8,Int/Brown,N,Y,N,N
SM,SM14-2,1816,9,17,2014,260,M,A,490,40,450,,47,,,,,,,N,,,
SM,SM14-17,1052,9,16,2014,259,M,A,620,40,580,,48,17.9,16.2,5.11,1.96,"9,10",Brown,N,N,N,N
SM,SM14-24,1915,9,15,2014,258,F,J,470,40,430,150.282,49,17.7,10,4.83,2.25,8,Gray,N,Y,N,N
SM,SM14-23,1845,9,24,2014,267,F,J,480,40,440,,49,,,,,,,Y,,,
SM,SM14-46,1758,9,15,2014,258,M,A,620,40,580,,50,20,14.8,5.4,2.03,9,Brown,N,Y,N,N
SM,SM14-55,1133,9,14,2014,257,F,J,420,40,380,150.252,51,17.4,,5.26,2.27,"7,8",Intermediate,N,Y,N,N
SM,SM14-12,1838,9,12,2014,255,F,U,415,40,375,,53,,,,,8,,N,,N,N
SM,SM14-52,751,9,11,2014,254,F,J,540,40,500,150.022,54,17.5,,5.02,1.87,"8,7",,N,Y,Y,Y
SM,SM14-58,608,9,11,2014,254,F,J,520,40,480,150.051,55,17.5,8.4,5.03,1.96,"7,8",,N,Y,,Y
SM,SM14-58,608,9,11,2014,254,F,J,530,40,490,150.111,56,18.6,11.4,5.25,2.11,8,,N,Y,,Y
SM,SM14-58,608,9,11,2014,254,F,J,540,40,500,150.042,57,17.9,,5.03,1.78,8,,N,Y,,Y
SM,SM14-58,608,9,11,2014,254,M,J,590,40,550,150.212,58,18.8,,5.21,2.19,"7,8",,N,Y,,Y
SM,SM14-29,1700,9,11,2014,254,M,J,560,40,520,150.152,59,18.9,10.8,5.27,2.13,"7,8",,N,Y,Y,Y
SM,SM14-51,1138,9,10,2014,253,M,A,680,40,640,150.011,60,18.9,14.1,5.4,1.87,"9,10",,N,Y,N,Y
SM,SM14-51,1947,9,8,2014,251,M,J,500,40,460,150.122,61,17.3,,5.16,2.13,"8,7",,N,Y,N,N
SM,SM14-52,1947,9,8,2014,251,F,J,450,40,410,150.381,62,16.1,molt,4.84,1.9,"6,7",,N,Y,N,N
SM,SM14-52,1947,9,8,2014,251,F,J,490,40,450,150.441,63,16.8,,5.01,1.64,8,,N,Y,N,N
SM,SM14-60,1840,9,8,2014,251,M,A,630,40,590,150.582,64,17.6,13.1,4.96,1.78,"8,9,10",Brown,N,Y,N,N
SM,SM14-41,1815,9,8,2014,251,F,J,540,40,500,150.471,65,14.8,,5.06,1.73,,,N,Y,N,N
SM,SM14-1,1732,9,8,2014,251,F,J,520,40,480,150.321,66,17.8,8.6,5.2,1.82,"7, 8",,N,Y,N,N
SM,SM14-1,1732,9,8,2014,251,F,J,520,40,480,150.08,67,17.6,9.1,4.99,1.91,8,,N,Y,N,N
SM,SM14-17,1645,9,7,2014,250,M,A,680,40,640,150.422,68,19.3,19.9,5.71,1.97,"8, 9",,N,Y,N,N
SM,SM14-40,1803,9,6,2014,249,F,J,540,40,500,150.471,69,18.3,,5.01,1.78,"7, 8",,N,N,N,N
FM,FM14-23,1811,9,7,2014,250,M,A,475,40,435,149.683,71,18.2,7.6,5.12,2.24,8,,N,Y,N,N
FM,FM14-25,1710,9,3,2014,246,F,A,480,40,440,149.821,72,19.2,NA,5.21,2.13,7 and 8,,N,Y,N,N
FM,FM14-44,1753,9,2,2014,245,F,J,425,40,385,149.912,73,18.1,NA,4.82,2.18,NA,,N,Y,N,N
FM,FM14-44,1753,9,2,2014,245,F,J,485,40,445,149.771,74,18.5,NA,5.5,2.23,NA,,N,Y,N,N
FM,FM14-44,1753,9,2,2014,245,F,A,540,40,500,149.733,75,18,13.4,5.22,2.16,7,Intermediate,N,Y,N,N
FM,FM14-33,1700,9,5,2014,248,F,A,540,40,500,149.733,75,,,,,"6,7",,Y,,,
FM,FM14-35,1710,9,2,2014,245,M,A,530,40,490,149.782,76,18.5,molt,5.4,2.15,8,,N,Y,N,N
FM,FM14-12,1645,9,1,2014,244,M,J,495,40,455,149.002,77,18.4,molt,5.35,2.3,8,,N,Y,N,N
FM,FM14-13,1802,8,31,2014,243,M,J,500,40,460,149.163,78,18.1,11,5.26,2.54,8,Intermediate,N,Y,N,N
FM,FM14-9,1905,8,27,2014,239,F,A,505,40,465,149.033,79,18.3,13,5.4,2.23,6,Intermediate,N,Y,N,N
FM,FM14-2,1827,8,27,2014,239,M,A,585,40,545,149.304,80,,11.9,5.36,2.25,"9,8,7,6",Gray,N,Y,N,N
FM,FM14-12,1911,8,26,2014,238,M,J,470,40,430,149.134,81,17.9,7,5.02,2.28,7 and 8,,N,Y,N,N
FM,FM14-13,1901,8,26,2014,238,M,J,402,40,362,149.194,82,16.9,,5.07,1.94,7,,N,Y,N,N
FM,FM14-44,1706,8,26,2014,238,M,A,660,40,620,149.294,83,18.6,molt,5.49,2.53,7 and 8,,N,Y,N,N
FM,FM14-16,1730,8,25,2014,237,M,A,615,40,575,149.183,84,19.2,molt,5.27,2.34,7 and 8,,N,Y,Y,N
FM,FM14-13,1818,8,24,2014,236,M,A,560,40,520,149.324,85,18.7,12.6,5.21,2.52,6,Intermediate,N,Y,N,N
FM,FM14-10,1819,8,22,2014,234,M,A,600,40,560,149.644,86,18.6,8.6,5.47,2.25,9 and 10,Intermediate,N,Y,N,N
FM,FM14-22,1921,8,21,2014,233,F,A,505,40,465,149.213,87,17.7,17.2,5.5,2.35,7 and 8,Intermediate,N,Y,N,N
FM,FM14-9,1857,8,20,2014,232,M,J,460,40,420,149.892,88,17.1,9.8,5.51,2.44,No,,N,Y,N,N
FM,FM14-45,1730,8,20,2014,232,F,J,435,40,395,149.123,89,18,Juvi 9.5,5.21,2.38,7 and 6,,N,Y,N,N
FM,FM14-39,1809,9,11,2014,254,F,J,440,40,400,149.123,89,,,,,8,,Y,N,N,N
FM,FM14-37,1727,9,18,2014,261,F,J,350,40,310,,89,,,,,,,Y,,,
FM,FM14-45,1730,8,20,2014,232,M,J,445,40,405,149.901,90,17.9,Juvi 10.0,5.33,2.31,8 and 7,,N,Y,N,N
FM,FM14-39,1750,9,23,2014,266,M,J,585,40,545,149.9014,90,,,,,8,Brown,Y,N,N,N
FM,FM14-28,1950,8,18,2014,230,M,A,595,40,555,149.693,91,19,molt,5.11,2.54,9,,N,Y,N,N
FM,FM14-27,1801,8,24,2014,236,M,A,555,40,515,149.693,91,,,,,,,Y,N,N,N
FM,FM14-27,1850,8,25,2014,237,M,A,,,,,91,,,,,,,Y,N,N,N
FM,FM14-27,1745,8,26,2014,238,M,A,,,,149.193,91,,,,,,,Y,N,N,N
FM,FM14-39,1900,8,18,2014,230,M,A,550,40,510,149.632,92,18.3,7.5,5.03,2.1,10,,N,Y,N,N
FM,FM14-39,1750,9,23,2014,266,M,A,655,40,615,149.632,92,,,,,"9,10",Intermediate,Y,N,N,N
FM,FM14-16,1805,8,18,2014,230,M,A,620,40,580,149.941,93,70.1,3.9,5.26,2.27,8,,N,Y,N,N
FM,FM14-33,1711,8,17,2014,229,M,A,595,40,555,149.672,94,17.9,17.8,5.26,2.33,8 and 8,Intermedate,N,Y,N,N
FM,FM14-33,1654,8,17,2014,229,M,A,577,40,537,149.793,95,18.7,15.5,4.99,2.27,No,,N,Y,N,N
FM,FM14-37,1850,8,16,2014,228,F,A,545,40,505,149.872,96,18.3,13.2,5.01,2.21,No,Brown,N,Y,N,N
FM,FM14-5,1816,8,16,2014,228,M,A,585,40,545,NA,97,18.6,18.1,5.19,2.51,8,Intermediate,N,Y,N,N
FM,FM14-5,2015,9,10,2014,253,M,A,532,40,492,149.245,97,18.8,Bleeding NA,5.13,2.26,"10,9,8",,N,Y,N,N
FM,FM14-12,1720,8,16,2014,228,M,A,620,40,580,NA,98,18.5,molt,5.28,2.07,10,Intermediate,N,Y,N,N
FM,FM14-48,1602,8,14,2014,226,F,A,530,40,490,149.842,99,18.7,13.8,5.27,2.19,6,Brown,N,Y,N,N
FM,FM14-22,1820,8,13,2014,225,M,A,600,40,560,NA,100,18.9,6,5.43,2.27,7 and 8,Brown,N,Y,N,N
FM,FM14-8,1704,9,15,2014,258,M,A,605,40,565,NA,100,19.2,16.5,5.4,2.33,"9,10",,Y,N,N,N
FM,FM14-32,2029,8,12,2014,224,M,A,600,40,560,NA,101,19.4,16.5,5.2,2.31,7 and 8,Brown/Gray,N,Y,N,N
FM,FM14-32,1927,8,16,2014,228,M,A,,,,NA,101,,,,,,,Y,,,
FM,FM14-28,1912,9,17,2014,260,M,A,555,40,515,149.092,101,18.7,14.6,5.12,2.34,"9,10",,N,Y,N,N
FM,FM14-32,1740,9,26,2014,269,M,A,575,40,535,149.092,101,,,,,"9,10",,Y,N,N,N
FM,FM14-38,1929,8,12,2014,224,U,J,355,40,315,NA,102,16.4,8.4,4.99,2.25,No,,N,Y,N,N
FM,FM14-38,1915,8,12,2014,224,F,A,545,40,505,149.702,103,19.2,13,5.29,2.15,7,Brown,N,Y,N,N
FM,FM14-38,1900,8,12,2014,224,F,A,575,40,535,149.664,104,18.6,13,5.21,2.24,7,Brown,N,Y,N,N
FM,FM14-45,1730,8,20,2014,232,F,A,505,40,465,149.664,104,,,,,7,,Y,N,N,N
FM,FM14-39,1715,9,19,2014,262,F,A,510,40,470,149.664,104,,,,,9,,Y,,,
FM,FM14-38,1830,9,26,2014,269,F,A,485,40,445,149.664,104,,,,,"8,9,10",,Y,N,N,N
FM,FM14-22,1821,8,11,2014,223,M,A,610,40,570,NA,105,17.9,15.8,5.4,2.55,7 and 8,Brown,N,Y,N,N
FM,FM14-22,1850,8,15,2014,227,M,A,580,40,540,NA,105,,,,,7 and 8,Red,Y,N,N,N
FM,FM14-15,1720,8,11,2014,223,M,J,400,40,360,NA,106,17.2,9 juvi,5.24,2.51,7 and 8,Brown,N,Y,N,N
FM,FM14-15,1920,8,10,2014,222,M,J,260,40,220,NA,107,17.6,NA,5.21,2.09,No,Brown,N,Y,N,N
FM,FM14-15,1920,8,10,2014,222,F,A,460,40,420,149.653,108,18.3,13,5.15,2.21,No,Brown,N,Y,N,N
FM,FM14-30,1930,8,9,2014,221,M,A,560,40,520,,109,18.2,15.4,5.11,2.35,7 and 8,,N,Y,N,Y
FM,FM14-27,1912,9,17,2014,260,M,A,540,40,500,149.233,109,18.9,14.8,4.89,2.47,"9,10",,Y,Y,N,N
FM,FM14-8,1830,8,9,2014,221,M,A,515,40,475,,110,17.5,15.4,5.25,2.35,8,Gray,N,y,N,N
FM,FM14-08,1830,8,9,2014,221,M,A,515,40,475,,110,17.5,15.4,5.25,2.35,8,,N,Y,N,Y
FM,FM14-7,1712,8,29,2014,241,M,A,535,40,495,149.752,110,,,,,,,Y,N,N,N
FM,FM14-30,1930,8,9,2014,221,M,A,560,40,520,,119,18.2,15.4,5.11,2.35,7,Gray,N,y,N,Y
FM,FM14-19,,9,25,2014,268,M,J,605,40,565,149.672,267,18,15,5.31,2.35,Finished,Gray,N,Y,N,N
FM,FM14-43,17445,9,26,2014,269,M,J,485,40,445,149.014,268,18.4,12.5,5.36,2.32,8,brown,N,Y,N,N
FM,FM14-44,1500,9,29,2014,272,M,J,470,40,430,149.014,268,,,,,,,Y,,,
FM,FM14-38,1830,9,26,2014,269,F,A,530,40,490,149.782,269,18.7,13,5.04,2.17,NA,,N,Y,N,N
FM,FM14-20,1703,9,28,2014,271,M,A,590,40,550,149.513,296,19,14.6,5.35,2.07,NA,Red,N,Y,N,N
FM,FM14-43,1906,9,27,2014,270,M,A,720,40,680,149.423,297,19.9,16.6,5.56,2.3,"9,10",Gray,N,Y,N,N
FM,FM14-39,1812,9,27,2014,270,F,J,590,40,550,149.432,298,17.9,13.6,5.03,2.26,NA,Split,N,Y,N,N
FM,FM14-13,1740,9,27,2014,270,F,J,495,40,455,149.862,299,18,12.6,5.01,2.07,NA,Split,N,Y,N,N
FM,FM14-40,1655,9,27,2014,270,M,A,580,40,540,149.544,300,19.3,13.9,5.37,2.76,8,Intermediate,N,Y,N,N
FM,FM14-32,1650,9,25,2014,268,M,A,720,40,680,,301,19.5,15,5.45,2.32,Finished,Red,N,Y,N,N
FM,FM14-24,1630,9,25,2014,268,F,J,500,40,460,149.742,302,17.5,11,5.08,2.38,8,Gray,N,Y,N,N
FM,FM14-24,1630,9,25,2014,268,F,A,540,40,500,149.254,303,18,12.6,5.29,2.39,"9,10",Gray,N,Y,N,N
FM,FM14-25,1630,9,25,2014,268,M,J,575,40,535,149.123,304,18.5,12.4,5.39,2.6,8,Gray,N,Y,N,N
FM,FM14-5,1555,9,24,2014,267,F,J,490,40,450,149.912,305,17.7,13.4,4.81,2.01,NA,Red,N,Y,N,N
FM,FM14-17,1700,9,23,2014,266,M,A,620,40,580,149.062,306,19.3,14.5,5.32,2.5,10,Intermediate,N,Y,N,N
FM,FM14-17,1700,9,23,2014,266,F,A,515,40,475,149.173,307,18.3,13.5,5.27,2.2,NA,Brown,N,Y,N,N
FM,FM14-35,1901,9,21,2014,264,F,A,475,40,435,149.245,308,17.9,NA,4.95,2.26,"9,10",,N,Y,N,N
FM,FM14-2,1844,9,20,2014,263,F,A,515,40,475,149.262,309,18.3,10.6,5.18,2.19,9,Intermediate,N,Y,N,N
FM,FM14-51,1900,9,19,2014,262,F,A,595,40,555,149.222,310,18.5,,5.72,2.12,,Gray,N,,,
FM,FM14-6,1900,9,19,2014,262,M,J,465,40,425,149.273,311,16.5,,5.26,2.17,7,Intermediate,N,Y,,
FM,FM14-19,1813,9,19,2014,262,M,A,580,40,540,149.023,312,18.4,11.8,5.46,2.12,8,Gray,N,Y,N,N
FM,FM14-20,1630,9,24,2014,267,M,A,,,,149.023,312,,,,,,,Y,N,N,N
FM,FM14-12,1738,9,19,2014,262,M,A,640,40,600,149.052,313,17.8,12.2,5.42,2.3,8,Intermediate,N,Y,N,N
FM,FM14-12,17.38,9,19,2014,262,M,A,620,40,580,149.284,314,18.7,12.7,5.72,2.49,8,Intermediate,N,Y,N,N
FM,FM14-20,1809,9,18,2014,261,F,A,540,40,500,149.113,315,19,11.3,5.2,2.02,8,Gray,N,Y,N,N
FM,FM14-27,1912,9,17,2014,260,M,A,625,40,585,149.153,316,20.4,15.8,5.25,2.34,"9,10",,N,Y,N,N
FM,FM14-6,1740,9,17,2014,260,M,A,590,40,550,149.202,317,18.7,13.7,5.51,2.16,"9,10",,N,Y,N,N
FM,FM14-41,1845,9,19,2014,262,M,A,575,40,535,149.202,317,,,,,,,Y,,,
FM,FM14-17,1650,9,24,2014,267,M,A,,,,149.202,317,,,,,,,Y,N,N,N
FM,FM14-20,1900,9,15,2014,258,M,A,620,40,580,NA,318,19.4,10.6,5.17,2.05,8,Intermediate,N,Y,N,N
FM,FM14-20,1640,9,13,2014,256,M,A,675,40,635,NA,319,19.2,15,6.24,2.54,"9,10",Brown,N,Y,N,N
FM,FM14-13,1813,9,12,2014,255,F,J,555,40,515,149.313,320,,,,,,Gray,N,,,
FM,FM14-48,1850,9,11,2014,254,M,A,535,40,495,149.254,321,18,7.1,5.14,2.33,8,,N,Y,N,N
FM,FM14-48,1850,9,11,2014,254,F,A,460,40,420,149.062,322,18.4,NA,4.91,2.21,8,,N,Y,N,N
FM,FM14-48,1850,9,11,2014,254,M,J,490,40,450,149.173,323,18.6,7.2,5.02,2.44,8,,N,Y,N,N
FM,FM14-39,1815,9,11,2014,254,F,J,465,40,425,149.072,324,17.5,6.5,4.9,2.16,8,,N,Y,N,N
FM,FM14-8,1900,9,10,2014,253,M,A,560,40,520,149.213,325,18,NA,5.1,2.03,8,,N,Y,N,N
FM,FM14-8,1900,9,10,2014,253,F,J,452,40,412,149.143,326,18.4,7.2,4.92,2.12,8,,N,Y,N,N
FM,FM14-10,1900,9,10,2014,253,M,A,560,40,520,149.693,327,18.2,7.4,5.18,2.32,8,,N,Y,N,N
FM,FM14-9,1900,9,10,2014,253,M,A,535,40,495,149.793,328,18.9,6.8,5.15,2.22,"7,8",,N,Y,N,N
FM,FM14-22,1811,9,13,2014,256,M,A,490,40,450,,328,,,,,,,Y,,,
FM,FM14-8,1900,9,10,2014,253,M,A,540,40,500,149.842,329,18.8,NA,5.06,2.2,8,,N,Y,N,N
FM,FM14-35,1640,9,16,2014,259,M,A,,,,,329,,,,,,,Y,N,N,N
FM,FM14-7,1910,9,10,2014,253,M,A,551,40,511,149.852,330,18.4,NA,5.38,2.04,8,,N,Y,N,N
FM,FM14-22,1811,9,13,2014,256,M,A,545,40,505,,330,,,,,,,Y,,,
FM,FM14-34,1740,9,10,2014,253,M,J,485,40,445,149.742,331,18.4,NA,5.55,2.22,8,,N,Y,N,N
FM,FM14-34,1740,9,10,2014,253,F,J,485,40,445,149.811,332,18.2,6.2,5.11,2.27,8,,N,Y,N,N
FM,FM14-34,1740,9,10,2014,253,M,J,475,40,435,149.304,333,17.8,6.5,5.1,2.27,"8,7",,N,Y,N,N
FM,FM14-34,1740,9,10,2014,253,F,J,450,40,410,149.801,334,18.5,NA,5.02,2.2,8,,N,Y,N,N
FM,FM14-41,1900,9,9,2014,252,F,A,550,40,510,149.883,335,16.7,NA,5.29,2.25,"7,8",,N,Y,N,N
FM,FM14-41,1900,9,9,2014,252,F,A,540,40,500,149.862,336,18.5,,4.95,2.44,"9,10",Gray,N,N,N,N
FM,FM14-11,1900,9,9,2014,252,M,J,485,40,445,149.014,337,17,NA,5.07,7.36,8,Intermediate,N,N,N,N
FM,FM14-1,1835,9,9,2014,252,M,A,630,40,590,149.713,338,19.6,11,5.57,2.47,"9,10",Gray,N,Y,N,N
FM,FM14-13,1730,9,8,2014,251,F,A,455,40,415,149.762,339,17.5,NA,5.09,2.22,8,,N,Y,N,N
FM,FM14-25,1250,9,8,2014,251,F,J,370,40,330,NA,340,17.9,NA,5.02,2.11,8,,N,Y,N,Ticks
FM,FM14-23,1811,9,7,2014,250,M,A,455,40,415,149.884,341,18.8,7.1,5.14,2.36,8,,N,Y,N,N
FM,FM14-20,1640,8,8,2014,220,F,A,530,40,490,149.721,342,18.3,18.5,5.09,2.21,8,,N,Y,N,N
FM,FM14-20,1640,8,8,2014,220,F,A,530,40,490,159.721,342,18.3,13.2,5.09,2.21,8,Brown,N,Y,N,
FM,FM14-20,1904,8,23,2014,235,F,A,495,40,455,149.721,342,,,,,,,Y,N,N,N
FM,FM14-48,1800,9,25,2014,268,M,A,,,,,,,,,,,,N,,,
SM,SM15-16,1016,4,23,2015,113,F,J,575,40,535,150.234,31,17.8,13.9,4.99,1.36,N/A,Red,N,Y,N,N
SM,SM15-30,1850,4,27,2015,117,M,A,620,40+Collar,564,150.321,37,18.5,16.5,5.41,1.58,N/A,-,Y,N,N,N
SM,SM15-16F,1855,8,20,2015,232,F,A,465,40,425,,52,15.9,11.6,4.2,1.3,8,,N,N,N,N
FM,FM15-20F,1055,9,23,2015,266,M,A,625,40,585,149.644,86,19,15.6,5.16,1.42,10,Intermediate,Y,N,N,Y
FM,FM15-57F,1739,9,25,2015,268,M,A,645,40,605,N/A,100,18.8,17.5,5.13,1.99,10,,N,Y,N,N
SM,SM15-6F,903,8,23,2015,235,M,J,490,40,450,150.352,111,18.7,10.2,5,1.9,7,,N,Y,N,N
SM,SM15-34,930,4,25,2015,115,F,U,495,40,455,150.202,112,,-,,,N/A,-,N,N,N,N
SM,SM15-43,852,5,2,2015,122,M,J,550,40,510,150.262,113,,16.6,,,N/A,Red,N,Y,N,N
SM,SM15-15,1911,5,3,2015,123,M,J,565,40,525,150.092,114,18.2,15.5,5.58,1.42,N/A,Gray,N,Y,N,N
SM,SM15-62F,1847,8,26,2015,238,M,J,510,40,470,150.282,115,17.9,9.3,5.4,1.9,"7,8,9",,N,Y,N,N
SM,SM15-37,1819,5,2,2015,122,M,J,525,40,485,150.031,116,16.7,15.4,5.29,1.68,N/A,Gray,N,Y,N,N
SM,SM15-28,1929,5,2,2015,122,M,A,640,40,600,150.432,117,19,16.9,5.22,1.41,N/A,Gray,N,Y,N,N
SM,SM15-21,1910,4,27,2015,117,M,A,655,40,615,150.222,118,18.1,16.5,5.21,1.56,N/A,Gray,N,Y,N,N
SM,SM15-02,845,4,27,2015,117,M,J,545,40,505,150.242,119,19.6,16.2,4.14,1.12,N/A,Intermediate,N,Y,N,N
SM,SM15-28,1922,4,26,2015,116,M,A,620,40,580,150.262,120,18.7,17.7,4.99,1.6,N/A,Gray,N,Y,N,N
SM,SM15-03,1730,4,26,2015,116,M,J,626,40,586,150.182,121,18.1,15.7,5.26,1.39,N/A,Gray,N,Y,N,N
SM,SM15-01,840,4,27,2015,117,M,J,,,,150.182,121,,-,,,-,-,Y,-,-,-
SM,SM15-18F,1909,9,12,2015,255,M,J,590,40,550,150.212,123,17.3,9.6,5.03,1.97,8,Gray,N,Y,N,N
SM,SM15-4F,1836,8,31,2015,243,M,J,490,40,450,150.422,125,17.6,N/A,5.31,1.97,"7,8,9",,N,Y,N,N
SM,SM15-42F,1803,8,26,2015,238,M,A,590,40,550,,126,18.6,8.9,5.1,1.7,"8,9",Gray,N,Y,N,N
SM,SM15-18F,1834,9,7,2015,250,M,J,490,40,450,150.332,126,17.4,8.9,5.36,2.1,8,Intermediate,N,Y,N,N
SM,SM15-47F,1728,9,20,2015,263,M,A,595,40,555,150.291,127,18,9.4,5.46,2.05,8,Gray,N,Y,N,N
SM,SM15-45F,1718,9,23,2015,266,M,J,505,40,465,150.291,127,,,,,8,Gray,Y,N,N,N
SM,SM15-42F,1030,9,28,2015,271,M,A,600,40,560,-,128,18.2,16.4,5.15,1.95,10,,Y,,,
FM,FM15-12F,1840,8,17,2015,229,F,J,452,40,412,149.912,130,17.7,9.3,5.22,2.38,7,,N,Y,N,N
FM,FM15-50F,1052,8,22,2015,234,F,J,430,40,390,149.801,131,16.7,9,5.27,2.12,7,,N,Y,N,N
FM,FM15-15F,2035,8,20,2015,232,F,J,455,40,415,149.023,132,18.3,9.5,5.16,1.88,"6,7",,N,Y,N,N
FM,FM15-53F,1115,8,22,2015,234,F,J,387,40,347,N/A,133,17.2,9.4,4.97,2.07,7,,N,Y,N,N
FM,FM15-49F,1822,9,24,2015,267,F,J,537,40,497,149.245,133,18.7,13.1,5.12,1.21,8,Intermediate,Y,Y,N,N
FM,FM15-53F,1115,8,22,2015,234,F,A,547,40,507,149.653,134,18,12.7,5.2,2.34,7,Brown,N,Y,N,N
FM,FM15-12F,1840,8,17,2015,229,M,J,452,40,412,149.771,135,18.1,10.7,5.13,2.27,7,,N,Y,N,N
FM,FM15-15F,1836,8,10,2015,222,F,A,515,40,475,149.143,136,18.9,13.6,5.04,2.11,"5,10",Brown,N,Y,N,N
FM,FM15-41F,1100,8,9,2015,221,M,A,530,40,490,149.222,137,17.4,16,4.77,2.21,"7,8",Brown,N,Y,N,N
FM,FM15-23F,930,8,9,2015,221,M,A,580,40,540,N/A,138,18.9,16.3,5.19,2.29,8,Brown,N,Y,N,N
FM,FM15-23F,930,8,9,2015,221,M,A,649,40,609,N/A,139,18.2,17.6,5.4,2.42,7,Intermediate,N,Y,N,N
FM,FM15-24F,1915,8,10,2015,222,M,A,,,,,139,,,,,,,Y,,N,
FM,FM15-47F,1831,8,7,2015,219,F,A,555,40,515,149.721,140,17.9,13.9,4.73,1.59,"7,8",Split,N,Y,N,N
FM,FM15-12F,1712,8,7,2015,219,M,A,710,40,670,149.432,141,17.9,17,5.31,2.24,"7,10",Split,N,Y,N,N
FM,FM15-08F,1722,8,4,2015,216,M,A,527,40,487,N/A,142,18,15.2,5.19,2.11,7,Brown,N,Y,N,N
FM,FM15-6F,950,9,28,2015,270,M,J,550,40,510,149.202,146,17.4,9.4,5.12,1.88,8,,N,Y,N,N
FM,FM15-16F,1650,9,27,2015,269,M,J,540,40,500,149.284,147,18.1,15,4.76,1.9,8,Brown,N,Y,N,N
FM,FM15-05F,1735,9,26,2015,268,M,A,567,40,527,149.782,148,19,15.9,4.95,1.64,8,Intermediate,N,Y,N,N
FM,FM15-57F,1739,9,25,2015,268,F,J,537,40,497,150.912,149,18.5,11.9,5.09,1.84,8,Split,N,Y,N,N
FM,FM15-49F,1822,9,24,2015,267,F,A,550,40,510,150.571,150,18.8,13.5,5.18,1.26,8-L 9-R,Split,N,Y,N,N
FM,FM15-2F,1033,9,25,2015,268,F,J,570,40,530,150.552,151,18.3,13.8,5.06,1.89,8,Split,N,Y,N,N
FM,FM15-53F,915,9,24,2015,267,F,J,570,40,530,150.892,152,19,14.1,5.3,1.31,8,Red,N,Y,N,N
FM,FM15-10F,1135,9,23,2015,266,F,J,550,40,510,150.713,153,18.9,14.1,4.97,1.38,8,Red,N,Y,N,Y
FM,FM15-49F,938,9,22,2015,265,M,A,605,40,565,149.033,154,18.8,17.4,5.2,2.03,9,Intermediate,N,Y,N,N
FM,FM15-39F,915,9,21,2015,264,M,J,595,40,555,149.092,155,18.9,14.4,5.27,2.03,8,Brown,N,Y,N,N
FM,FM15-53F,1820,9,20,2015,263,M,J,625,40,585,149.123,156,17.6,10.8,5.05,1.26,8,Red,N,Y,N,N
FM,FM15-53F,1820,9,20,2015,263,F,A,595,40,555,150.692,157,17.7,12.2,5.06,2.03,8,Intermediate,N,Y,N,N
FM,FM15-18F,1810,9,18,2015,261,M,A,580,40,540,149.811,158,19.8,12.2,5.42,2,8,Gray,N,Y,N,N
FM,FM15-47F,1050,9,18,2015,261,F,A,555,40,515,150.674,159,18.9,12.3,5.24,2.14,8,Red,N,Y,N,N
FM,FM15-25F,1000,9,17,2015,260,F,A,555,40,515,150.871,160,18.7,10.3,5.05,1.86,8,,N,Y,N,N
FM,FM15-27F,951,9,17,2015,260,F,J,530,40,490,150.832,161,17.4,7.2,4.82,2.07,8,,N,Y,N,N
FM,FM15-36F,900,9,17,2015,260,M,A,580,40,540,149.693,162,19.2,17,4.84,1.5,10,Intermediate,N,Y,N,N
FM,FM15-30F,900,9,17,2015,260,M,A,700,40,660,149.852,163,19.2,17.6,5.7,1.46,10,Intermediate,N,Y,N,N
FM,FM15-13F,1714,9,14,2015,257,F,A,585,40,545,150.792,164,19,14,5.06,2.15,"9,10",,,Y,N,N
FM,FM15-33F,952,9,13,2015,256,F,A,480,40,440,150.652,165,17,10.5,5.01,1.24,9-L 8-R,Red,N,Y,N,N
FM,FM15-15F,635,9,6,2015,249,F,J,515,40,475,150.591,166,17.5,6,4.92,1.24,8,,N,Y,N,N
FM,FM15-43F,1831,9,8,2015,251,M,A,605,40,565,149.713,167,19.1,14.4,5.36,2.09,10,Intermediate,N,Y,N,N
FM,FM15-42F,856,9,6,2015,249,F,J,455,40,415,150.632,168,17.5,7.2,5.17,1.32,8,,N,N,N,N
FM,FM15-42F,856,9,6,2015,249,F,J,465,40,425,150.611,169,17.2,5,5.31,1.29,8,,N,N,N,N
SM,SM15-48F,1727,9,13,2015,256,M,J,600,40,560,150.502,235,19,13,5.45,2.05,"7,8",Gray,N,Y,N,N
SM,SM15-39F,1701,9,21,2015,264,M,J,580,40,540,149.392,236,18.3,15,5.15,2.05,8,Intermediate,N,Y,N,N
SM,SM15-44F,1829,8,15,2015,227,M,A,625,40,585,,238,17.1,5.5,5.4,1.2,8,Gray,N,Y,N,N
SM,SM15-45F,1743,9,11,2015,254,M,A,625,40,585,,238,,,,,,Intermediate,Y,N,N,N
SM,SM15-1F,1056,9,1,2015,244,F,J,507,40,467,149.372,239,17.9,N/A,5.41,2,8,,N,Y,N,N
SM,SM15-65F,850,9,22,2015,265,M,J,600,40,560,149.423,240,19.6,12.4,5.2,1.51,8,Intermediate,N,Y,N,N
SM,SM15-3F,944,9,8,2015,251,U,J,415,40,375,,241,16,9.5,4.26,1.94,8,,N,N,N,N
SM,SM15-43F,1710,9,20,2015,263,M,J,507,40,467,149.963,243,19.1,N/A,5.37,2.03,8,,N,Y,N,N
SM,SM15-1F,1037,9,14,2015,257,M,J,580,40,540,150.08,244,17.2,13.4,4.94,1.88,8,Gray,N,Y,N,N
SM,SM15-31F,858,9,23,2015,266,M,J,545,40,505,149.464,246,17,7.5,5.11,1.7,8,Intermediate,N,Y,N,N
SM,SM15-46F,1733,9,27,2015,270,F,A,542,40,502,149.362,247,19,13.8,5.57,1.95,UN,Brown,N,Y,N,Y
SM,SM15-64F,1654,9,22,2015,265,M,J,540,40,500,149.351,250,18.5,12.5,5.27,1.73,8,Intermediate,N,Y,N,N
SM,SM15-8F,1909,8,30,2015,242,F,J,475,40,435,150.132,252,16.8,N/A,5.1,1.79,"7,8,9",,N,Y,N,N
SM,SM15-8F,1010,9,8,2015,251,F,J,492,40,452,150.132,252,17,4.3,4.92,1.55,8,,Y,N,N,N
SM,SM15-59F,1821,8,30,2015,242,F,J,445,40,405,150.202,256,16.1,4.5,5,1.86,8,,N,Y,N,N
SM,SM15-46F,1705,9,19,2015,262,M,A,670,40,630,150.522,257,18,16.3,5.32,2.26,"9,10",Red,N,Y,N,N
SM,SM15-64F,1654,9,22,2015,265,M,J,530,40,490,149.412,259,19.8,13.7,5.37,2.08,8,Gray,N,Y,N,N
SM,SM15-21F,1920,8,29,2015,241,M,A,627,40,587,150.152,260,18.8,6,5.1,1.88,10,Intermediate,N,Y,N,Y
SM,SM15-23F,1842,9,6,2015,249,M,A,665,40,625,150.152,260,,,,,,Intermediate,Y,N,N,N
SM,SM15-5F,1809,9,16,2015,259,F,A,570,40,530,149.453,264,17.9,11.9,5.27,2.24,,Red,N,Y,N,N
SM,SM15-3F,1100,9,24,2015,267,M,J,560,40,520,149.433,266,18.7,10.1,5.38,2.32,8,Gray,N,Y,N,Y
SM,SM15-6F,903,8,23,2015,235,M,J,435,40,395,150.392,271,17.3,N/A,5.4,1.8,"7,8,9",,N,Y,N,N
SM,SM15-70F,1740,9,26,2015,269,M,J,535,40,495,149.392,271,17.8,14,5.05,1.92,N,Gray,Y,N,N,N
SM,SM15-67F,1757,9,26,2015,269,M,J,565,40,525,149.313,274,18.5,15.7,5.31,2.08,8,Gray,N,Y,N,N
SM,SM15-15F,1920,8,14,2015,226,F,A,510,40,470,150.192,275,18.6,12,4.9,1.8,7,Intermediate,N,Y,N,N
SM,SM15-15F,2008,8,15,2015,227,F,A,,,,150.192,275,,,,,,Intermediate,Y,N,N,N
SM,SM15-67F,1020,9,26,2015,269,F,A,555,40,515,149.545,276,18.6,13.7,5.16,1.98,"9,10",Split,N,Y,N,N
SM,SM15-7F,1805,9,19,2015,262,M,A,580,40,540,N/A,277,17.7,9.2,5.45,2.19,8,Gray,N,Y,N,N
SM,SM15-83F,1710,10,4,2015,277,M,A,717,40,677,149.484,278,19.4,13.4,5.43,2.18,"9,10",Intermediate,N,Y,N,N
SM,SM15-82F,915,10,5,2015,278,M,A,,,,149.484,278,,,,,,,Y,,,
SM,SM15-64F,1654,9,22,2015,265,M,J,445,40,405,149.343,279,19,9,4.91,2.07,"7,8",Intermediate,N,Y,N,N
SM,SM15-5F,1034,9,11,2015,254,M,A,670,40,630,,280,,15.4,5.1,2.1,10,Gray,N,Y,N,N
SM,SM15-59F,1000,9,18,2015,261,M,A,630,40,590,150.173,281,18.4,13.4,5.1,2.1,"9,10",Gray,N,Y,N,N
SM,SM15-39F,1650,9,28,2015,271,F,J,495,40,455,149.503,283,17.5,12.9,4.71,1.93,N,Split,N,Y,N,N
SM,SM15-52F,1020,9,21,2015,264,M,J,560,40,520,150.071,286,17,14.8,5.1,1.94,8,Gray,N,Y,N,N
FM,FM15-51F,1908,8,22,2015,234,M,J,420,40,380,149.233,291,18.6,9.6,5.35,2.22,7,,N,Y,N,N
FM,FM15-15F,1223,8,22,2015,234,M,A,590,40,550,N/A,292,18.6,10,5.4,2.4,9,Intermediate,N,Y,N,N
FM,FM15-15F,1835,9,26,2015,268,M,A,620,40,580,N/A,292,17.9,15.4,5.3,2.36,"L-8,9,10 R-9 MISSING 10",Intermediate,Y,N,N,N
FM,FM15-36F,1815,8,6,2015,218,M,A,650,40,610,149.423,297,,16.5,5.29,2.26,6,Intermediate,Y,Y,N,N
FM,FM15-15F,906,9,5,2015,248,M,A,535,40,495,N/A,387,18.9,5.9,5.16,2.3,8,,N,Y,N,N
FM,FM15-15F,906,9,5,2015,248,F,A,580,40,540,150.992,388,19.2,13.8,5.01,2,8,,N,Y,N,N
FM,FM15-36F,901,9,3,2015,246,F,A,485,40,445,150.532,389,19.4,15.4,5.15,1.76,"6,7",Red,N,Y,N,N
FM,FM15-53F,1850,9,2,2015,245,M,A,545,40,505,149.752,390,17.9,7.5,5.3,2.17,8,,N,Y,N,N
FM,FM15-15F,2005,8,31,2015,243,F,A,480,40,440,149.304,391,17.2,N/A,4.91,2.11,8,,N,Y,N,N
FM,FM15-15F,635,9,6,2015,249,F,J,485,40,445,140.304,391,17.6,3.9,4.88,1.28,8,,Y,N,N,N
FM,FM15-37F,1930,8,31,2015,243,F,A,475,40,435,150.732,392,17.5,5,5.15,2.14,8,,N,Y,N,N
FM,FM15-33F,1732,8,29,2015,241,F,A,465,40,425,150.932,393,16.9,6.7,4.94,1.14,8,,N,Y,N,N
FM,FM15-33F,1732,8,29,2015,241,F,A,487,40,447,140.702,394,17.5,N/A,5.09,1.22,8,,N,Y,N,N
FM,FM15-36F,1024,8,28,2015,240,F,J,425,40,385,149.245,395,17.8,N/A,4.98,2.09,"7/7,8",,N,Y,N,N
FM,FM15-34F,1000,8,27,2015,239,M,A,480,40,440,149.262,396,18.1,N/A,5.09,2.36,7,,N,Y,N,N
FM,FM15-53F,1915,8,26,2015,238,F,J,410,40,370,149.072,397,16.8,9,5.13,2.16,8,,N,Y,N,N
FM,FM15-51F,940,8,26,2015,238,M,J,470,40,430,149.762,398,17.2,N/A,5.26,2.36,8,,N,Y,N,N
FM,FM15-08F,1850,8,24,2015,236,M,A,515,40,475,N/A,399,17.8,N/A,5.21,2.2,"6,7",,N,Y,N,N
FM,FM15-08F,1850,8,24,2015,236,M,J,470,40,430,149.194,400,17.9,11.1,5.2,1.98,7,,N,Y,N,N
SM,SM15-93F,930,10,5,2015,278,M,J,590,40,550,149.492,479,19.4,19.3,5.17,2.5,N,Brown,N,Y,N,Y
SM,SM15-26F,1630,9,25,2015,268,F,J,520,40,480,149.513,480,18.9,11.2,5.04,2.35,8,Split,N,Y,N,Y
SM,SM15-45F,1705,9,26,2015,269,M,J,610,40,570,149.555,483,18.7,13.6,5.16,1.96,8,Gray,N,Y,N,N
SM,SM15-5F,1811,9,12,2015,255,M,J,550,40,510,150.252,484,16.5,9.76,5.3,2.27,"7,8",Gray,N,Y,N,N
SM,SM15-45F,1150,9,30,2015,273,M,J,590,40,550,149.384,485,18.7,15.9,5.36,1.66,8,Red,N,Y,N,N
SM,SM15-27F,1640,9,27,2015,270,M,J,565,40,525,149.334,486,19,14.1,5.7,1.92,8,Intermediate,N,Y,N,N
SM,SM15-6F,903,8,23,2015,235,M,J,470,40,430,150.441,489,16.9,9.4,4.9,1.8,"7,8,9",,N,Y,N,N
SM,1,1807,8,30,2016,243,M,J,570,40,530,150.282,122,18.3,10,5.21,2.21,8,Intermediate,N,No,Yes,No
FM,35,1755,9,27,2016,271,F,A,510,40,470,149.123,143,17.2,11,4.44,2.13,8,Intermediate,N,No,No,No
FM,7,1720,9,26,2016,270,M,J,575,40,535,149.912,144,18.7,14,4.74,2.32,8,Gray,N,No,Yes,No
FM,19,1730,9,25,2016,269,F,J,525,40,485,150.372,145,17.8,11.2,4.82,2.24,8,Split,N,No,No,No
FM,42,1857,9,29,2016,273,M,A,625,40,585,149.941,176,19.4,15.8,4.84,,9+10,Intermediate,N,No,No,No
FM,34,1822,9,29,2016,273,M,J,585,40,545,149.544,177,17.7,13.7,5.08,2.28,8,Red,N,No,Yes,No
FM,6,1725,9,29,2016,273,M,J,600,40,560,149.134,178,18.6,14.2,4.7,2.24,8,Intermediate,N,No,No,No
FM,45,1815,9,28,2016,272,M,J,525,40,485,149.852,179,18.5,6,5.32,2.27,8+7,Intermediate,N,No,No,No
FM,2,825,9,28,2016,272,F,J,545,40,505,150.011,180,17.8,12.5,4.49,2.31,N/A,Intermediate,N,No,No,No
FM,4,755,9,4,2016,248,M,A,645,40,605,149.833,181,19.2,10.2,5.49,2.5,10+9,Intermediate,N,No,No,No
FM,7,840,9,20,2016,264,M,A,655,40,615,149.833,181,,14,,,Unknown,Intermediate,Y,No,No,Yes
FM,8,1720,9,5,2016,249,M,J,540,40,500,N/A,182,18.3,5.3,5.47,2.27,8,N/A,N,No,No,No
FM,8,1720,9,5,2016,249,M,J,465,40,425,149.072,183,18.2,N/A,5.22,2.32,8,N/A,N,No,No,No
FM,8,1720,9,5,2016,249,M,J,450,40,410,150.054,184,18.4,6.7,5.38,2.3,8,N/A,N,No,No,No
FM,8,1720,9,5,2016,249,M,J,490,40,450,149.202,185,18.7,8.8,5.4,2.47,8,N/A,N,No,Yes,No
FM,7,1745,9,29,2016,273,M,J,545,40,505,149.202,185,,14,,,N/A,N/A,Y,No,No,Yes
FM,30,1845,9,5,2016,249,F,J,510,40,470,150.191,186,18.7,9.5,5.47,2.32,8,Intermediate,N,No,No,No
FM,7,1740,9,6,2016,250,F,J,475,40,435,150.111,187,17.3,9.3,4.83,2.16,8,Gray,N,No,Yes,No
FM,7,1740,9,6,2016,250,F,J,490,40,450,149.452,188,18.5,4.4,4.93,2.27,Unknown,N/A,N,No,Yes,No
FM,36,854,9,7,2016,251,M,J,535,40,495,150.713,189,17.2,7.1,5.41,,8+7,Gray,N,No,Yes,No
FM,29,1745,9,11,2016,255,F,A,525,40,485,150.092,190,17.8,9.9,5.04,2.04,9+8,Intermediate,N,No,Yes,No
FM,54,1803,9,15,2016,259,F,A,570,40,530,150.352,191,17.2,10.5,5.06,2,8+10,Intermediate,N,No,No,No
FM,55,1844,9,15,2016,259,F,A,485,40,445,N/A,192,17.8,10.1,4.99,2.12,8,Intermediate,N,No,No,No
FM,15,1735,9,16,2016,260,M,J,570,40,530,149.273,193,18.1,12.2,5.1,2.23,8,Brown,N,No,Yes,No
FM,5,1720,9,19,2016,263,M,A,645,40,605,149.702,194,18.5,12.8,5.35,2.22,8+9,Intermediate,N,No,No,No
FM,13,920,9,20,2016,264,M,J,610,45,565,149.052,195,19.5,13.6,5.43,2.36,8,Red,N,No,No,No
FM,5,1723,9,21,2016,265,F,J,550,40,510,149.512,196,17.5,10.7,4.97,2.36,8,Split,N,No,No,No
FM,57,855,9,23,2016,267,M,J,475,40,435,149.163,197,18.6,10.2,5.26,2.34,7+8,Intermediate,N,No,Yes,No
FM,41,1815,9,23,2016,267,F,J,525,40,485,150.212,198,18.3,11.4,4.93,2.22,8,Intermediate,N,No,No,No
FM,41,1815,9,23,2016,267,F,J,515,40,475,150.851,199,18.9,11,5.05,2.36,8,Intermediate,N,No,No,No
FM,26,1738,9,25,2016,269,M,J,550,40,510,150.692,200,18.8,13.7,5.19,2.28,8,Gray,N,No,No,No
SM,Mirror Trap,900,5,23,2016,144,M,A,590,40,550,150.441,208,18.7,14.4,5.28,1.86,N/A,Intermediate,N,No,No,No
SM,29,1835,9,12,2016,256,F,J,490,40,450,149.362,209,17.9,11.4,5.03,2.47,8,Red,N,No,No,No
SM,1,920,9,3,2016,247,M,J,405,40,365,N/A,210,17.5,0,5.06,1.92,8,N/A,N,No,No,No
SM,27,1010,8,28,2016,241,F,J,325,40,285,N/A,211,17.1,0,5.16,1.91,8,N/A,N,No,No,No
SM,29,1835,9,12,2016,256,F,J,458,40,418,149.384,212,17.2,6.2,5.08,2.23,Done,Intermediate,N,No,No,No
SM,2,942,8,24,2016,237,M,J,455,40,415,149.433,213,17.1,9.3,5.37,2.17,7,N/A,N,No,Yes,No
SM,1,920,9,3,2016,247,M,J,,,,149.433,213,,N/A,,,N/A,N/A,Y,No,No,Yes
SM,18,843,4,23,2016,114,F,A,620,40,580,149.503,214,18.4,13.6,5.22,1.45,N/A,Gray,N,No,No,No
SM,18,901,8,2,2016,215,F,A,650,40,610,149.412,215,20.8,3,5.41,2.46,8,Gray,N,No,No,No
SM,1,920,9,3,2016,247,M,J,435,40,395,N/A,231,17.4,0,5.13,2.21,8,N/A,N,No,No,No
SM,62,1630,9,27,2016,271,F,J,525,40,485,149.474,234,18.3,12.8,4.96,1.91,Done,Intermediate,N,No,No,No
SM,18,1805,9,27,2016,271,M,A,650,40,610,149.334,245,19.4,18.6,5.44,2.09,Done,Brown,N,No,No,No
SM,45,925,9,17,2016,261,F,A,525,40,485,149.153,253,17.9,13.3,5.12,2,9+10,Split,N,No,Yes,No
SM,12,1600,9,14,2016,258,F,J,555,40,515,149.545,258,19.1,10.6,5.19,2.54,8,Gray,N,No,No,No
SM,45,909,9,23,2016,267,M,J,570,40,530,149.523,263,19.1,13.7,5.19,2.2,Done,Red,N,No,No,No
SM,12,947,9,14,2016,258,M,A,640,40,600,149.492,270,18.9,19,5.08,2.06,10,Intermediate,N,No,No,No
SM,18,1850,9,22,2016,266,M,A,650,40,610,150.08,273,17.6,16.5,5.61,2.16,Done,Brown,N,No,Yes,No
SM,59,1645,9,22,2016,266,F,J,530,40,490,150.562,282,15.6,9.9,5.14,2.34,9,Red,N,No,No,No
SM,59,1645,9,22,2016,266,M,A,575,40,535,150.392,284,16.9,14.9,4.71,1.4,9+10,Gray,N,No,Yes,No
FM,51,700,8,8,2016,221,M,A,570,40,530,N/A,292,18.2,15.5,5.45,2.17,7+8,Intermediate,N,No,No,Yes
FM,20,1815,8,2,2016,215,F,A,583,40,543,150.952,463,19.1,15,5.37,2.23,6+7,Red,N,No,No,No
FM,2,827,8,3,2016,216,F,A,492,40,452,150.772,464,17.8,12.1,5.12,2.1,6+7,Intermediate,N,No,No,No
FM,36,936,8,3,2016,216,F,A,510,40,470,150.753,465,18.2,12.6,5.21,2.35,6+7,Gray,N,No,Yes,No
FM,39,900,8,18,2016,231,F,A,545,40,505,150.753,465,,N/A,,,N/A,N/A,Y,No,No,Yes
FM,21,844,8,4,2016,217,F,A,495,40,455,149.971,466,17.8,12.7,4.9,2.38,5+6,Intermediate,N,No,No,No
FM,43,951,8,12,2016,225,U,J,412,40,372,150.912,467,17.5,11.3,5.42,2.13,7+8,N/A,N,No,No,No
FM,34,842,8,13,2016,226,U,J,320,40,280,N/A,468,14.7,9.3,4.7,1.81,7,N/A,N,No,No,No
FM,2,1750,8,13,2016,226,M,J,460,40,420,149.163,469,18.2,10.1,4.86,2.13,6+7,N/A,N,No,No,No
FM,36,852,8,15,2016,228,F,A,485,40,445,150.511,470,18,12.1,5.06,2.07,7,Intermediate,N,No,No,No
FM,36,847,9,11,2016,255,F,A,515,80,435,150.51,470,,N/A,,,Unknown,N/A,Y,No,No,Yes
FM,35,907,9,21,2016,265,F,A,485,40,445,150.51,470,,N/A,,,N/A,N/A,Y,No,No,Yes
FM,41,840,8,17,2016,230,M,A,661,40,621,149.002,471,19.2,8.2,5.23,2.19,8+9,Gray,N,No,No,No
FM,9,804,8,18,2016,231,M,A,650,40,610,N/A,472,19.4,5,5.27,2.29,9,Brown,N,No,Yes,No
FM,9,1740,9,4,2016,248,M,A,648,40,608,149.284,472,,11.9,,,N/A,N/A,Y,No,No,Yes
FM,31,920,8,25,2016,238,F,A,522,40,482,150.492,473,18.3,12.1,5.16,2.25,8,Intermediate,N,No,No,No
FM,33,830,8,27,2016,240,F,J,402,40,362,N/A,474,16.9,9.5,4.65,2.11,8,N/A,N,No,Yes,No
FM,34,1810,8,29,2016,242,F,A,520,40,480,150.432,476,19.2,12.3,5.1,2.18,7,Intermediate,N,No,No,No
FM,2,1725,8,30,2016,243,M,J,510,40,470,149.852,477,18.1,4.3,5.15,2.37,8,N/A,N,No,No,No
FM,17,810,9,3,2016,247,M,J,475,40,435,150.972,478,17.6,5,5.38,2.34,7+8,N/A,N,No,Yes,No
SM,52,1709,9,23,2016,267,F,A,520,40,480,149.453,487,17.8,13.6,4.97,1.86,9,Intermediate,N,No,No,No
