Plot Title: Blueberry Creek,,,,,,,
#,"Date Time, GMT-08:00","Temp, °F (LGR S/N: 20847487, SEN S/N: 20847487)",Coupler Detached (LGR S/N: 20847487),Coupler Attached (LGR S/N: 20847487),Host Connected (LGR S/N: 20847487),Stopped (LGR S/N: 20847487),End Of File (LGR S/N: 20847487)
1,7/13/2020 0:00,65.959,Logged,,,,
2,7/13/2020 1:00,65.359,,,,,
3,7/13/2020 2:00,64.546,,,,,
4,7/13/2020 3:00,63.475,,,,,
5,7/13/2020 4:00,62.362,,,,,
6,7/13/2020 5:00,61.162,,,,,
7,7/13/2020 6:00,60.003,,,,,
8,7/13/2020 7:00,59.315,,,,,
9,7/13/2020 8:00,58.712,,,,,
10,7/13/2020 9:00,60.174,,,,,
11,7/13/2020 10:00,63.262,,,,,
12,7/13/2020 11:00,64.931,,,,,
13,7/13/2020 12:00,65.872,,,,,
14,7/13/2020 13:00,66.515,,,,,
15,7/13/2020 14:00,67.028,,,,,
16,7/13/2020 15:00,67.413,,,,,
17,7/13/2020 16:00,67.586,,,,,
18,7/13/2020 17:00,67.413,,,,,
19,7/13/2020 18:00,67.242,,,,,
20,7/13/2020 19:00,66.943,,,,,
21,7/13/2020 20:00,66.729,,,,,
22,7/13/2020 21:00,67.114,,,,,
23,7/13/2020 22:00,67.5,,,,,
24,7/13/2020 23:00,67.714,,,,,
25,7/14/2020 0:00,67.928,,,,,
26,7/14/2020 1:00,68.013,,,,,
27,7/14/2020 2:00,68.013,,,,,
28,7/14/2020 3:00,67.928,,,,,
29,7/14/2020 4:00,67.757,,,,,
30,7/14/2020 5:00,67.798,,,,,
31,7/14/2020 6:00,67.928,,,,,
32,7/14/2020 7:00,67.757,,,,,
33,7/14/2020 8:00,70.158,,,,,
34,7/14/2020 9:00,70.974,,,,,
35,7/14/2020 10:00,68.742,,,,,
36,7/14/2020 11:00,68.913,,,,,
37,7/14/2020 12:00,67.242,,,,,
38,7/14/2020 13:00,59.014,,,,,
39,7/14/2020 14:00,60.26,,,,,
40,7/14/2020 15:00,60.132,,,,,
41,7/14/2020 16:00,59.358,,,,,
42,7/14/2020 17:00,59.401,,,,,
43,7/14/2020 18:00,60.474,,,,,
44,7/14/2020 19:00,60.991,,,,,
45,7/14/2020 20:00,60.132,,,,,
46,7/14/2020 21:00,60.775,,,,,
47,7/14/2020 22:00,60.39,,,,,
48,7/14/2020 23:00,60.69,,,,,
49,7/15/2020 0:00,60.217,,,,,
50,7/15/2020 1:00,61.205,,,,,
51,7/15/2020 2:00,60.39,,,,,
52,7/15/2020 3:00,59.659,,,,,
53,7/15/2020 4:00,60.346,,,,,
54,7/15/2020 5:00,61.162,,,,,
55,7/15/2020 6:00,60.217,,,,,
56,7/15/2020 7:00,61.506,,,,,
57,7/15/2020 8:00,61.506,,,,,
58,7/15/2020 9:00,61.248,,,,,
59,7/15/2020 10:00,60.346,,,,,
60,7/15/2020 11:00,59.616,,,,,
61,7/15/2020 12:00,60.046,,,,,
62,7/15/2020 13:00,60.217,,,,,
63,7/15/2020 14:00,60.346,,,,,
64,7/15/2020 15:00,60.433,,,,,
65,7/15/2020 16:00,60.303,,,,,
66,7/15/2020 17:00,60.39,,,,,
67,7/15/2020 18:00,61.162,,,,,
68,7/15/2020 19:00,60.517,,,,,
69,7/15/2020 20:00,60.174,,,,,
70,7/15/2020 21:00,60.26,,,,,
71,7/15/2020 22:00,60.217,,,,,
72,7/15/2020 23:00,60.217,,,,,
73,7/16/2020 0:00,60.26,,,,,
74,7/16/2020 1:00,60.346,,,,,
75,7/16/2020 2:00,60.346,,,,,
76,7/16/2020 3:00,60.39,,,,,
77,7/16/2020 4:00,60.474,,,,,
78,7/16/2020 5:00,60.303,,,,,
79,7/16/2020 6:00,60.217,,,,,
80,7/16/2020 7:00,60.132,,,,,
81,7/16/2020 8:00,60.046,,,,,
82,7/16/2020 9:00,60.132,,,,,
83,7/16/2020 10:00,60.26,,,,,
84,7/16/2020 11:00,60.174,,,,,
85,7/16/2020 12:00,60.39,,,,,
86,7/16/2020 13:00,60.217,,,,,
87,7/16/2020 14:00,60.517,,,,,
88,7/16/2020 15:00,60.733,,,,,
89,7/16/2020 16:00,60.733,,,,,
90,7/16/2020 17:00,60.775,,,,,
91,7/16/2020 18:00,60.861,,,,,
92,7/16/2020 19:00,60.818,,,,,
93,7/16/2020 20:00,60.775,,,,,
94,7/16/2020 21:00,61.205,,,,,
95,7/16/2020 22:00,60.69,,,,,
96,7/16/2020 23:00,60.647,,,,,
97,7/17/2020 0:00,60.474,,,,,
98,7/17/2020 1:00,60.346,,,,,
99,7/17/2020 2:00,60.174,,,,,
100,7/17/2020 3:00,60.69,,,,,
101,7/17/2020 4:00,60.474,,,,,
102,7/17/2020 5:00,60.647,,,,,
103,7/17/2020 6:00,60.303,,,,,
104,7/17/2020 7:00,60.39,,,,,
105,7/17/2020 8:00,61.075,,,,,
106,7/17/2020 9:00,61.506,,,,,
107,7/17/2020 10:00,61.547,,,,,
108,7/17/2020 11:00,62.577,,,,,
109,7/17/2020 12:00,61.29,,,,,
110,7/17/2020 13:00,61.72,,,,,
111,7/17/2020 14:00,62.447,,,,,
112,7/17/2020 15:00,62.875,,,,,
113,7/17/2020 16:00,63.347,,,,,
114,7/17/2020 17:00,63.219,,,,,
115,7/17/2020 18:00,63.262,,,,,
116,7/17/2020 19:00,62.748,,,,,
117,7/17/2020 20:00,62.791,,,,,
118,7/17/2020 21:00,63.219,,,,,
119,7/17/2020 22:00,62.191,,,,,
120,7/17/2020 23:00,61.59,,,,,
121,7/18/2020 0:00,61.376,,,,,
122,7/18/2020 1:00,61.248,,,,,
123,7/18/2020 2:00,61.162,,,,,
124,7/18/2020 3:00,61.032,,,,,
125,7/18/2020 4:00,61.29,,,,,
126,7/18/2020 5:00,62.019,,,,,
127,7/18/2020 6:00,60.991,,,,,
128,7/18/2020 7:00,61.506,,,,,
129,7/18/2020 8:00,62.148,,,,,
130,7/18/2020 9:00,61.848,,,,,
131,7/18/2020 10:00,61.934,,,,,
132,7/18/2020 11:00,62.49,,,,,
133,7/18/2020 12:00,62.962,,,,,
134,7/18/2020 13:00,63.048,,,,,
135,7/18/2020 14:00,63.262,,,,,
136,7/18/2020 15:00,63.262,,,,,
137,7/18/2020 16:00,63.903,,,,,
138,7/18/2020 17:00,63.946,,,,,
139,7/18/2020 18:00,63.689,,,,,
140,7/18/2020 19:00,64.117,,,,,
141,7/18/2020 20:00,64.717,,,,,
142,7/18/2020 21:00,64.503,,,,,
143,7/18/2020 22:00,64.632,,,,,
144,7/18/2020 23:00,64.803,,,,,
145,7/19/2020 0:00,64.332,,,,,
146,7/19/2020 1:00,64.332,,,,,
147,7/19/2020 2:00,63.99,,,,,
148,7/19/2020 3:00,63.946,,,,,
149,7/19/2020 4:00,63.946,,,,,
150,7/19/2020 5:00,63.304,,,,,
151,7/19/2020 6:00,63.176,,,,,
152,7/19/2020 7:00,63.475,,,,,
153,7/19/2020 8:00,63.347,,,,,
154,7/19/2020 9:00,63.048,,,,,
155,7/19/2020 10:00,62.748,,,,,
156,7/19/2020 11:00,62.962,,,,,
157,7/19/2020 12:00,62.191,,,,,
158,7/19/2020 13:00,61.462,,,,,
159,7/19/2020 14:00,61.506,,,,,
160,7/19/2020 15:00,61.761,,,,,
161,7/19/2020 16:00,62.191,,,,,
162,7/19/2020 17:00,62.49,,,,,
163,7/19/2020 18:00,62.533,,,,,
164,7/19/2020 19:00,62.748,,,,,
165,7/19/2020 20:00,62.919,,,,,
166,7/19/2020 21:00,62.791,,,,,
167,7/19/2020 22:00,62.661,,,,,
168,7/19/2020 23:00,62.362,,,,,
169,7/20/2020 0:00,62.062,,,,,
170,7/20/2020 1:00,61.848,,,,,
171,7/20/2020 2:00,61.506,,,,,
172,7/20/2020 3:00,61.075,,,,,
173,7/20/2020 4:00,61.032,,,,,
174,7/20/2020 5:00,60.818,,,,,
175,7/20/2020 6:00,60.733,,,,,
176,7/20/2020 7:00,60.604,,,,,
177,7/20/2020 8:00,60.474,,,,,
178,7/20/2020 9:00,60.346,,,,,
179,7/20/2020 10:00,60.132,,,,,
180,7/20/2020 11:00,60.217,,,,,
181,7/20/2020 12:00,60.39,,,,,
182,7/20/2020 13:00,60.517,,,,,
183,7/20/2020 14:00,60.647,,,,,
184,7/20/2020 15:00,60.861,,,,,
185,7/20/2020 16:00,60.861,,,,,
186,7/20/2020 17:00,61.032,,,,,
187,7/20/2020 18:00,60.991,,,,,
188,7/20/2020 19:00,61.119,,,,,
189,7/20/2020 20:00,60.904,,,,,
190,7/20/2020 21:00,60.69,,,,,
191,7/20/2020 22:00,60.433,,,,,
192,7/20/2020 23:00,60.26,,,,,
193,7/21/2020 0:00,60.174,,,,,
194,7/21/2020 1:00,60.089,,,,,
195,7/21/2020 2:00,60.046,,,,,
196,7/21/2020 3:00,59.916,,,,,
197,7/21/2020 4:00,59.83,,,,,
198,7/21/2020 5:00,59.616,,,,,
199,7/21/2020 6:00,59.315,,,,,
200,7/21/2020 7:00,58.971,,,,,
201,7/21/2020 8:00,58.669,,,,,
202,7/21/2020 9:00,58.066,,,,,
203,7/21/2020 10:00,60.346,,,,,
204,7/21/2020 11:00,60.433,,,,,
205,7/21/2020 12:00,60.174,,,,,
206,7/21/2020 13:00,60.174,,,,,
207,7/21/2020 14:00,60.003,,,,,
208,7/21/2020 15:00,59.873,,,,,
209,7/21/2020 16:00,59.616,,,,,
210,7/21/2020 17:00,59.445,,,,,
211,7/21/2020 18:00,59.358,,,,,
212,7/21/2020 19:00,59.099,,,,,
213,7/21/2020 20:00,59.099,,,,,
214,7/21/2020 21:00,58.971,,,,,
215,7/21/2020 22:00,58.712,,,,,
216,7/21/2020 23:00,58.498,,,,,
217,7/22/2020 0:00,58.455,,,,,
218,7/22/2020 1:00,58.282,,,,,
219,7/22/2020 2:00,57.42,,,,,
220,7/22/2020 3:00,57.549,,,,,
221,7/22/2020 4:00,57.117,,,,,
222,7/22/2020 5:00,56.642,,,,,
223,7/22/2020 6:00,58.755,,,,,
224,7/22/2020 7:00,60.474,,,,,
225,7/22/2020 8:00,60.904,,,,,
226,7/22/2020 9:00,60.474,,,,,
227,7/22/2020 10:00,60.474,,,,,
228,7/22/2020 11:00,60.303,,,,,
229,7/22/2020 12:00,60.303,,,,,
230,7/22/2020 13:00,60.217,,,,,
231,7/22/2020 14:00,60.046,,,,,
232,7/22/2020 15:00,60.089,,,,,
233,7/22/2020 16:00,59.873,,,,,
234,7/22/2020 17:00,59.358,,,,,
235,7/22/2020 18:00,58.669,,,,,
236,7/22/2020 19:00,58.282,,,,,
237,7/22/2020 20:00,57.679,,,,,
238,7/22/2020 21:00,58.928,,,,,
239,7/22/2020 22:00,57.074,,,,,
240,7/22/2020 23:00,56.858,,,,,
241,7/23/2020 0:00,59.529,,,,,
242,7/23/2020 1:00,59.099,,,,,
243,7/23/2020 2:00,58.455,,,,,
244,7/23/2020 3:00,57.765,,,,,
245,7/23/2020 4:00,57.807,,,,,
246,7/23/2020 5:00,57.893,,,,,
247,7/23/2020 6:00,56.426,,,,,
248,7/23/2020 7:00,55.69,,,,,
249,7/23/2020 8:00,57.807,,,,,
250,7/23/2020 9:00,58.541,,,,,
251,7/23/2020 10:00,58.798,,,,,
252,7/23/2020 11:00,59.272,,,,,
253,7/23/2020 12:00,59.185,,,,,
254,7/23/2020 13:00,58.669,,,,,
255,7/23/2020 14:00,59.099,,,,,
256,7/23/2020 15:00,59.315,,,,,
257,7/23/2020 16:00,59.099,,,,,
258,7/23/2020 17:00,59.099,,,,,
259,7/23/2020 18:00,58.885,,,,,
260,7/23/2020 19:00,58.842,,,,,
261,7/23/2020 20:00,59.099,,,,,
262,7/23/2020 21:00,59.185,,,,,
263,7/23/2020 22:00,58.842,,,,,
264,7/23/2020 23:00,58.842,,,,,
265,7/24/2020 0:00,59.099,,,,,
266,7/24/2020 1:00,59.229,,,,,
267,7/24/2020 2:00,59.185,,,,,
268,7/24/2020 3:00,59.142,,,,,
269,7/24/2020 4:00,58.755,,,,,
270,7/24/2020 5:00,58.582,,,,,
271,7/24/2020 6:00,56.685,,,,,
272,7/24/2020 7:00,56.34,,,,,
273,7/24/2020 8:00,56.426,,,,,
274,7/24/2020 9:00,56.165,,,,,
275,7/24/2020 10:00,55.733,,,,,
276,7/24/2020 11:00,57.42,,,,,
277,7/24/2020 12:00,57.549,,,,,
278,7/24/2020 13:00,57.807,,,,,
279,7/24/2020 14:00,57.722,,,,,
280,7/24/2020 15:00,57.85,,,,,
281,7/24/2020 16:00,57.376,,,,,
282,7/24/2020 17:00,57.592,,,,,
283,7/24/2020 18:00,56.426,,,,,
284,7/24/2020 19:00,56.728,,,,,
285,7/24/2020 20:00,57.463,,,,,
286,7/24/2020 21:00,58.239,,,,,
287,7/24/2020 22:00,58.239,,,,,
288,7/24/2020 23:00,58.368,,,,,
289,7/25/2020 0:00,58.195,,,,,
290,7/25/2020 1:00,58.282,,,,,
291,7/25/2020 2:00,58.195,,,,,
292,7/25/2020 3:00,58.455,,,,,
293,7/25/2020 4:00,58.541,,,,,
294,7/25/2020 5:00,58.325,,,,,
295,7/25/2020 6:00,58.325,,,,,
296,7/25/2020 7:00,58.368,,,,,
297,7/25/2020 8:00,58.152,,,,,
298,7/25/2020 9:00,58.626,,,,,
299,7/25/2020 10:00,58.582,,,,,
300,7/25/2020 11:00,58.411,,,,,
301,7/25/2020 12:00,58.498,,,,,
302,7/25/2020 13:00,58.152,,,,,
303,7/25/2020 14:00,58.368,,,,,
304,7/25/2020 15:00,58.325,,,,,
305,7/25/2020 16:00,58.195,,,,,
306,7/25/2020 17:00,58.411,,,,,
307,7/25/2020 18:00,58.541,,,,,
308,7/25/2020 19:00,58.669,,,,,
309,7/25/2020 20:00,58.582,,,,,
310,7/25/2020 21:00,58.755,,,,,
311,7/25/2020 22:00,58.669,,,,,
312,7/25/2020 23:00,58.669,,,,,
313,7/26/2020 0:00,58.626,,,,,
314,7/26/2020 1:00,58.669,,,,,
315,7/26/2020 2:00,58.626,,,,,
316,7/26/2020 3:00,58.455,,,,,
317,7/26/2020 4:00,58.626,,,,,
318,7/26/2020 5:00,58.582,,,,,
319,7/26/2020 6:00,58.498,,,,,
320,7/26/2020 7:00,58.541,,,,,
321,7/26/2020 8:00,57.936,,,,,
322,7/26/2020 9:00,58.325,,,,,
323,7/26/2020 10:00,58.368,,,,,
324,7/26/2020 11:00,58.325,,,,,
325,7/26/2020 12:00,58.411,,,,,
326,7/26/2020 13:00,58.541,,,,,
327,7/26/2020 14:00,58.885,,,,,
328,7/26/2020 15:00,58.842,,,,,
329,7/26/2020 16:00,59.401,,,,,
330,7/26/2020 17:00,59.529,,,,,
331,7/26/2020 18:00,59.959,,,,,
332,7/26/2020 19:00,60.26,,,,,
333,7/26/2020 20:00,60.303,,,,,
334,7/26/2020 21:00,61.333,,,,,
335,7/26/2020 22:00,60.647,,,,,
336,7/26/2020 23:00,61.333,,,,,
337,7/27/2020 0:00,60.69,,,,,
338,7/27/2020 1:00,60.303,,,,,
339,7/27/2020 2:00,60.174,,,,,
340,7/27/2020 3:00,59.916,,,,,
341,7/27/2020 4:00,59.702,,,,,
342,7/27/2020 5:00,59.616,,,,,
343,7/27/2020 6:00,59.272,,,,,
344,7/27/2020 7:00,59.229,,,,,
345,7/27/2020 8:00,59.272,,,,,
346,7/27/2020 9:00,58.411,,,,,
347,7/27/2020 10:00,58.755,,,,,
348,7/27/2020 11:00,58.712,,,,,
349,7/27/2020 12:00,58.885,,,,,
350,7/27/2020 13:00,58.885,,,,,
351,7/27/2020 14:00,59.014,,,,,
352,7/27/2020 15:00,59.099,,,,,
353,7/27/2020 16:00,59.142,,,,,
354,7/27/2020 17:00,59.185,,,,,
355,7/27/2020 18:00,59.099,,,,,
356,7/27/2020 19:00,59.142,,,,,
357,7/27/2020 20:00,59.056,,,,,
358,7/27/2020 21:00,59.014,,,,,
359,7/27/2020 22:00,59.014,,,,,
360,7/27/2020 23:00,58.971,,,,,
361,7/28/2020 0:00,58.928,,,,,
362,7/28/2020 1:00,58.928,,,,,
363,7/28/2020 2:00,58.842,,,,,
364,7/28/2020 3:00,58.842,,,,,
365,7/28/2020 4:00,58.712,,,,,
366,7/28/2020 5:00,58.582,,,,,
367,7/28/2020 6:00,58.498,,,,,
368,7/28/2020 7:00,58.455,,,,,
369,7/28/2020 8:00,58.325,,,,,
370,7/28/2020 9:00,58.239,,,,,
371,7/28/2020 10:00,58.195,,,,,
372,7/28/2020 11:00,58.239,,,,,
373,7/28/2020 12:00,58.239,,,,,
374,7/28/2020 13:00,58.368,,,,,
375,7/28/2020 14:00,58.411,,,,,
376,7/28/2020 15:00,58.541,,,,,
377,7/28/2020 16:00,58.626,,,,,
378,7/28/2020 17:00,58.755,,,,,
379,7/28/2020 18:00,58.755,,,,,
380,7/28/2020 19:00,58.798,,,,,
381,7/28/2020 20:00,58.798,,,,,
382,7/28/2020 21:00,58.755,,,,,
383,7/28/2020 22:00,58.755,,,,,
384,7/28/2020 23:00,58.755,,,,,
385,7/29/2020 0:00,58.669,,,,,
386,7/29/2020 1:00,58.626,,,,,
387,7/29/2020 2:00,58.498,,,,,
388,7/29/2020 3:00,58.411,,,,,
389,7/29/2020 4:00,58.152,,,,,
390,7/29/2020 5:00,57.979,,,,,
391,7/29/2020 6:00,57.765,,,,,
392,7/29/2020 7:00,57.463,,,,,
393,7/29/2020 8:00,57.333,,,,,
394,7/29/2020 9:00,57.893,,,,,
395,7/29/2020 10:00,57.85,,,,,
396,7/29/2020 11:00,57.979,,,,,
397,7/29/2020 12:00,57.117,,,,,
398,7/29/2020 13:00,57.031,,,,,
399,7/29/2020 14:00,57.117,,,,,
400,7/29/2020 15:00,57.42,,,,,
401,7/29/2020 16:00,57.506,,,,,
402,7/29/2020 17:00,57.29,,,,,
403,7/29/2020 18:00,57.42,,,,,
404,7/29/2020 19:00,57.765,,,,,
405,7/29/2020 20:00,58.239,,,,,
406,7/29/2020 21:00,58.282,,,,,
407,7/29/2020 22:00,58.109,,,,,
408,7/29/2020 23:00,58.195,,,,,
409,7/30/2020 0:00,58.582,,,,,
410,7/30/2020 1:00,58.239,,,,,
411,7/30/2020 2:00,57.979,,,,,
412,7/30/2020 3:00,57.85,,,,,
413,7/30/2020 4:00,57.807,,,,,
414,7/30/2020 5:00,57.765,,,,,
415,7/30/2020 6:00,57.765,,,,,
416,7/30/2020 7:00,57.893,,,,,
417,7/30/2020 8:00,57.549,,,,,
418,7/30/2020 9:00,57.463,,,,,
419,7/30/2020 10:00,57.42,,,,,
420,7/30/2020 11:00,57.592,,,,,
421,7/30/2020 12:00,57.722,,,,,
422,7/30/2020 13:00,57.85,,,,,
423,7/30/2020 14:00,57.936,,,,,
424,7/30/2020 15:00,58.109,,,,,
425,7/30/2020 16:00,58.195,,,,,
426,7/30/2020 17:00,58.152,,,,,
427,7/30/2020 18:00,58.239,,,,,
428,7/30/2020 19:00,58.498,,,,,
429,7/30/2020 20:00,58.712,,,,,
430,7/30/2020 21:00,58.669,,,,,
431,7/30/2020 22:00,58.712,,,,,
432,7/30/2020 23:00,58.541,,,,,
433,7/31/2020 0:00,58.368,,,,,
434,7/31/2020 1:00,58.455,,,,,
435,7/31/2020 2:00,58.282,,,,,
436,7/31/2020 3:00,58.411,,,,,
437,7/31/2020 4:00,58.325,,,,,
438,7/31/2020 5:00,58.325,,,,,
439,7/31/2020 6:00,58.411,,,,,
440,7/31/2020 7:00,58.498,,,,,
441,7/31/2020 8:00,58.455,,,,,
442,7/31/2020 9:00,58.152,,,,,
443,7/31/2020 10:00,58.109,,,,,
444,7/31/2020 11:00,58.239,,,,,
445,7/31/2020 12:00,58.368,,,,,
446,7/31/2020 13:00,58.582,,,,,
447,7/31/2020 14:00,58.582,,,,,
448,7/31/2020 15:00,58.798,,,,,
449,7/31/2020 16:00,59.056,,,,,
450,7/31/2020 17:00,59.315,,,,,
451,7/31/2020 18:00,59.358,,,,,
452,7/31/2020 19:00,59.358,,,,,
453,7/31/2020 20:00,59.229,,,,,
454,7/31/2020 21:00,58.928,,,,,
455,7/31/2020 22:00,58.455,,,,,
456,7/31/2020 23:00,58.455,,,,,
457,8/1/2020 0:00,58.455,,,,,
458,8/1/2020 1:00,58.152,,,,,
459,8/1/2020 2:00,58.109,,,,,
460,8/1/2020 3:00,58.195,,,,,
461,8/1/2020 4:00,58.152,,,,,
462,8/1/2020 5:00,58.368,,,,,
463,8/1/2020 6:00,58.152,,,,,
464,8/1/2020 7:00,58.239,,,,,
465,8/1/2020 8:00,58.152,,,,,
466,8/1/2020 9:00,58.455,,,,,
467,8/1/2020 10:00,58.712,,,,,
468,8/1/2020 11:00,58.885,,,,,
469,8/1/2020 12:00,58.755,,,,,
470,8/1/2020 13:00,58.712,,,,,
471,8/1/2020 14:00,59.099,,,,,
472,8/1/2020 15:00,58.971,,,,,
473,8/1/2020 16:00,59.142,,,,,
474,8/1/2020 17:00,58.755,,,,,
475,8/1/2020 18:00,58.455,,,,,
476,8/1/2020 19:00,58.325,,,,,
477,8/1/2020 20:00,58.282,,,,,
478,8/1/2020 21:00,58.152,,,,,
479,8/1/2020 22:00,58.325,,,,,
480,8/1/2020 23:00,58.282,,,,,
481,8/2/2020 0:00,58.368,,,,,
482,8/2/2020 1:00,58.239,,,,,
483,8/2/2020 2:00,58.282,,,,,
484,8/2/2020 3:00,58.152,,,,,
485,8/2/2020 4:00,58.195,,,,,
486,8/2/2020 5:00,58.411,,,,,
487,8/2/2020 6:00,58.023,,,,,
488,8/2/2020 7:00,58.066,,,,,
489,8/2/2020 8:00,58.066,,,,,
490,8/2/2020 9:00,58.239,,,,,
491,8/2/2020 10:00,58.368,,,,,
492,8/2/2020 11:00,58.411,,,,,
493,8/2/2020 12:00,58.282,,,,,
494,8/2/2020 13:00,58.541,,,,,
495,8/2/2020 14:00,58.928,,,,,
496,8/2/2020 15:00,58.582,,,,,
497,8/2/2020 16:00,58.455,,,,,
498,8/2/2020 17:00,58.455,,,,,
499,8/2/2020 18:00,59.014,,,,,
500,8/2/2020 19:00,58.541,,,,,
501,8/2/2020 20:00,58.669,,,,,
502,8/2/2020 21:00,58.325,,,,,
503,8/2/2020 22:00,58.498,,,,,
504,8/2/2020 23:00,58.541,,,,,
505,8/3/2020 0:00,58.582,,,,,
506,8/3/2020 1:00,58.582,,,,,
507,8/3/2020 2:00,58.282,,,,,
508,8/3/2020 3:00,57.85,,,,,
509,8/3/2020 4:00,57.722,,,,,
510,8/3/2020 5:00,58.109,,,,,
511,8/3/2020 6:00,59.014,,,,,
512,8/3/2020 7:00,59.099,,,,,
513,8/3/2020 8:00,59.099,,,,,
514,8/3/2020 9:00,59.142,,,,,
515,8/3/2020 10:00,58.885,,,,,
516,8/3/2020 11:00,58.928,,,,,
517,8/3/2020 12:00,58.928,,,,,
518,8/3/2020 13:00,59.486,,,,,
519,8/3/2020 14:00,60.346,,,,,
520,8/3/2020 15:00,60.733,,,,,
521,8/3/2020 16:00,60.604,,,,,
522,8/3/2020 17:00,60.39,,,,,
523,8/3/2020 18:00,60.26,,,,,
524,8/3/2020 19:00,60.39,,,,,
525,8/3/2020 20:00,59.315,,,,,
526,8/3/2020 21:00,58.755,,,,,
527,8/3/2020 22:00,57.549,,,,,
528,8/3/2020 23:00,58.325,,,,,
529,8/4/2020 0:00,57.722,,,,,
530,8/4/2020 1:00,57.117,,,,,
531,8/4/2020 2:00,57.16,,,,,
532,8/4/2020 3:00,57.679,,,,,
533,8/4/2020 4:00,57.807,,,,,
534,8/4/2020 5:00,59.056,,,,,
535,8/4/2020 6:00,59.229,,,,,
536,8/4/2020 7:00,59.486,,,,,
537,8/4/2020 8:00,59.185,,,,,
538,8/4/2020 9:00,59.272,,,,,
539,8/4/2020 10:00,59.099,,,,,
540,8/4/2020 11:00,59.229,,,,,
541,8/4/2020 12:00,59.745,,,,,
542,8/4/2020 13:00,60.217,,,,,
543,8/4/2020 14:00,60.433,,,,,
544,8/4/2020 15:00,60.647,,,,,
545,8/4/2020 16:00,61.333,,,,,
546,8/4/2020 17:00,61.462,,,,,
547,8/4/2020 18:00,61.333,,,,,
548,8/4/2020 19:00,61.119,,,,,
549,8/4/2020 20:00,60.775,,,,,
550,8/4/2020 21:00,60.647,,,,,
551,8/4/2020 22:00,60.39,,,,,
552,8/4/2020 23:00,60.517,,,,,
553,8/5/2020 0:00,60.647,,,,,
554,8/5/2020 1:00,60.517,,,,,
555,8/5/2020 2:00,60.561,,,,,
556,8/5/2020 3:00,60.39,,,,,
557,8/5/2020 4:00,60.346,,,,,
558,8/5/2020 5:00,60.604,,,,,
559,8/5/2020 6:00,60.303,,,,,
560,8/5/2020 7:00,60.303,,,,,
561,8/5/2020 8:00,60.39,,,,,
562,8/5/2020 9:00,60.26,,,,,
563,8/5/2020 10:00,60.474,,,,,
564,8/5/2020 11:00,60.474,,,,,
565,8/5/2020 12:00,60.474,,,,,
566,8/5/2020 13:00,60.733,,,,,
567,8/5/2020 14:00,60.561,,,,,
568,8/5/2020 15:00,60.991,,,,,
569,8/5/2020 16:00,60.948,,,,,
570,8/5/2020 17:00,61.032,,,,,
571,8/5/2020 18:00,61.032,,,,,
572,8/5/2020 19:00,60.69,,,,,
573,8/5/2020 20:00,60.26,,,,,
574,8/5/2020 21:00,60.433,,,,,
575,8/5/2020 22:00,60.174,,,,,
576,8/5/2020 23:00,59.529,,,,,
577,8/6/2020 0:00,59.142,,,,,
578,8/6/2020 1:00,57.549,,,,,
579,8/6/2020 2:00,57.29,,,,,
580,8/6/2020 3:00,57.117,,,,,
581,8/6/2020 4:00,57.031,,,,,
582,8/6/2020 5:00,58.066,,,,,
583,8/6/2020 6:00,57.979,,,,,
584,8/6/2020 7:00,58.109,,,,,
585,8/6/2020 8:00,58.498,,,,,
586,8/6/2020 9:00,58.626,,,,,
587,8/6/2020 10:00,58.842,,,,,
588,8/6/2020 11:00,59.142,,,,,
589,8/6/2020 12:00,58.798,,,,,
590,8/6/2020 13:00,58.842,,,,,
591,8/6/2020 14:00,58.971,,,,,
592,8/6/2020 15:00,59.185,,,,,
593,8/6/2020 16:00,59.185,,,,,
594,8/6/2020 17:00,58.971,,,,,
595,8/6/2020 18:00,59.272,,,,,
596,8/6/2020 19:00,59.745,,,,,
597,8/6/2020 20:00,59.702,,,,,
598,8/6/2020 21:00,59.529,,,,,
599,8/6/2020 22:00,59.486,,,,,
600,8/6/2020 23:00,59.401,,,,,
601,8/7/2020 0:00,59.185,,,,,
602,8/7/2020 1:00,59.099,,,,,
603,8/7/2020 2:00,58.928,,,,,
604,8/7/2020 3:00,59.056,,,,,
605,8/7/2020 4:00,59.014,,,,,
606,8/7/2020 5:00,58.626,,,,,
607,8/7/2020 6:00,58.582,,,,,
608,8/7/2020 7:00,58.498,,,,,
609,8/7/2020 8:00,58.498,,,,,
610,8/7/2020 9:00,58.582,,,,,
611,8/7/2020 10:00,58.411,,,,,
612,8/7/2020 11:00,58.842,,,,,
613,8/7/2020 12:00,59.185,,,,,
614,8/7/2020 13:00,59.659,,,,,
615,8/7/2020 14:00,60.217,,,,,
616,8/7/2020 15:00,60.003,,,,,
617,8/7/2020 16:00,60.948,,,,,
618,8/7/2020 17:00,61.72,,,,,
619,8/7/2020 18:00,61.333,,,,,
620,8/7/2020 19:00,60.775,,,,,
621,8/7/2020 20:00,59.401,,,,,
622,8/7/2020 21:00,59.445,,,,,
623,8/7/2020 22:00,59.445,,,,,
624,8/7/2020 23:00,59.315,,,,,
625,8/8/2020 0:00,58.971,,,,,
626,8/8/2020 1:00,58.885,,,,,
627,8/8/2020 2:00,58.842,,,,,
628,8/8/2020 3:00,58.885,,,,,
629,8/8/2020 4:00,58.971,,,,,
630,8/8/2020 5:00,58.928,,,,,
631,8/8/2020 6:00,59.445,,,,,
632,8/8/2020 7:00,59.659,,,,,
633,8/8/2020 8:00,59.185,,,,,
634,8/8/2020 9:00,58.842,,,,,
635,8/8/2020 10:00,58.282,,,,,
636,8/8/2020 11:00,58.066,,,,,
637,8/8/2020 12:00,58.066,,,,,
638,8/8/2020 13:00,58.239,,,,,
639,8/8/2020 14:00,58.582,,,,,
640,8/8/2020 15:00,58.498,,,,,
641,8/8/2020 16:00,58.325,,,,,
642,8/8/2020 17:00,58.582,,,,,
643,8/8/2020 18:00,59.229,,,,,
644,8/8/2020 19:00,59.229,,,,,
645,8/8/2020 20:00,59.486,,,,,
646,8/8/2020 21:00,59.315,,,,,
647,8/8/2020 22:00,59.315,,,,,
648,8/8/2020 23:00,59.056,,,,,
649,8/9/2020 0:00,58.541,,,,,
650,8/9/2020 1:00,58.152,,,,,
651,8/9/2020 2:00,58.066,,,,,
652,8/9/2020 3:00,58.066,,,,,
653,8/9/2020 4:00,57.85,,,,,
654,8/9/2020 5:00,57.85,,,,,
655,8/9/2020 6:00,57.936,,,,,
656,8/9/2020 7:00,57.376,,,,,
657,8/9/2020 8:00,56.512,,,,,
658,8/9/2020 9:00,56.988,,,,,
659,8/9/2020 10:00,56.383,,,,,
660,8/9/2020 11:00,56.469,,,,,
661,8/9/2020 12:00,56.685,,,,,
662,8/9/2020 13:00,56.901,,,,,
663,8/9/2020 14:00,57.636,,,,,
664,8/9/2020 15:00,58.455,,,,,
665,8/9/2020 16:00,59.056,,,,,
666,8/9/2020 17:00,59.099,,,,,
667,8/9/2020 18:00,59.358,,,,,
668,8/9/2020 19:00,59.272,,,,,
669,8/9/2020 20:00,58.541,,,,,
670,8/9/2020 21:00,58.109,,,,,
671,8/9/2020 22:00,57.85,,,,,
672,8/9/2020 23:00,57.636,,,,,
673,8/10/2020 0:00,57.376,,,,,
674,8/10/2020 1:00,57.506,,,,,
675,8/10/2020 2:00,57.42,,,,,
676,8/10/2020 3:00,57.549,,,,,
677,8/10/2020 4:00,57.807,,,,,
678,8/10/2020 5:00,57.29,,,,,
679,8/10/2020 6:00,57.463,,,,,
680,8/10/2020 7:00,57.463,,,,,
681,8/10/2020 8:00,57.463,,,,,
682,8/10/2020 9:00,57.936,,,,,
683,8/10/2020 10:00,57.549,,,,,
684,8/10/2020 11:00,57.463,,,,,
685,8/10/2020 12:00,58.023,,,,,
686,8/10/2020 13:00,58.239,,,,,
687,8/10/2020 14:00,58.411,,,,,
688,8/10/2020 15:00,59.529,,,,,
689,8/10/2020 16:00,59.873,,,,,
690,8/10/2020 17:00,60.217,,,,,
691,8/10/2020 18:00,60.346,,,,,
692,8/10/2020 19:00,60.217,,,,,
693,8/10/2020 20:00,59.788,,,,,
694,8/10/2020 21:00,59.788,,,,,
695,8/10/2020 22:00,59.702,,,,,
696,8/10/2020 23:00,59.659,,,,,
697,8/11/2020 0:00,58.971,,,,,
698,8/11/2020 1:00,58.582,,,,,
699,8/11/2020 2:00,58.239,,,,,
700,8/11/2020 3:00,57.549,,,,,
701,8/11/2020 4:00,57.807,,,,,
702,8/11/2020 5:00,58.455,,,,,
703,8/11/2020 6:00,58.971,,,,,
704,8/11/2020 7:00,59.056,,,,,
705,8/11/2020 8:00,59.445,,,,,
706,8/11/2020 9:00,58.798,,,,,
707,8/11/2020 10:00,58.152,,,,,
708,8/11/2020 11:00,57.807,,,,,
709,8/11/2020 12:00,58.755,,,,,
710,8/11/2020 13:00,59.358,,,,,
711,8/11/2020 14:00,59.83,,,,,
712,8/11/2020 15:00,60.089,,,,,
713,8/11/2020 16:00,60.089,,,,,
714,8/11/2020 17:00,60.174,,,,,
715,8/11/2020 18:00,60.303,,,,,
716,8/11/2020 19:00,60.904,,,,,
717,8/11/2020 20:00,60.604,,,,,
718,8/11/2020 21:00,60.003,,,,,
719,8/11/2020 22:00,59.616,,,,,
720,8/11/2020 23:00,59.142,,,,,
721,8/12/2020 0:00,58.971,,,,,
722,8/12/2020 1:00,58.669,,,,,
723,8/12/2020 2:00,58.325,,,,,
724,8/12/2020 3:00,57.765,,,,,
725,8/12/2020 4:00,57.29,,,,,
726,8/12/2020 5:00,57.204,,,,,
727,8/12/2020 6:00,57.29,,,,,
728,8/12/2020 7:00,57.765,,,,,
729,8/12/2020 8:00,57.679,,,,,
730,8/12/2020 9:00,57.679,,,,,
731,8/12/2020 10:00,57.42,,,,,
732,8/12/2020 11:00,57.636,,,,,
733,8/12/2020 12:00,57.893,,,,,
734,8/12/2020 13:00,58.325,,,,,
735,8/12/2020 14:00,58.928,,,,,
736,8/12/2020 15:00,59.358,,,,,
737,8/12/2020 16:00,60.561,,,,,
738,8/12/2020 17:00,60.217,,,,,
739,8/12/2020 18:00,60.132,,,,,
740,8/12/2020 19:00,59.873,,,,,
741,8/12/2020 20:00,59.788,,,,,
742,8/12/2020 21:00,59.401,,,,,
743,8/12/2020 22:00,59.014,,,,,
744,8/12/2020 23:00,58.928,,,,,
745,8/13/2020 0:00,58.411,,,,,
746,8/13/2020 1:00,58.023,,,,,
747,8/13/2020 2:00,57.636,,,,,
748,8/13/2020 3:00,57.16,,,,,
749,8/13/2020 4:00,56.858,,,,,
750,8/13/2020 5:00,56.988,,,,,
751,8/13/2020 6:00,57.16,,,,,
752,8/13/2020 7:00,57.807,,,,,
753,8/13/2020 8:00,57.506,,,,,
754,8/13/2020 9:00,57.117,,,,,
755,8/13/2020 10:00,57.333,,,,,
756,8/13/2020 11:00,57.592,,,,,
757,8/13/2020 12:00,57.592,,,,,
758,8/13/2020 13:00,57.893,,,,,
759,8/13/2020 14:00,58.195,,,,,
760,8/13/2020 15:00,59.056,,,,,
761,8/13/2020 16:00,59.616,,,,,
762,8/13/2020 17:00,60.561,,,,,
763,8/13/2020 18:00,60.561,,,,,
764,8/13/2020 19:00,60.346,,,,,
765,8/13/2020 20:00,60.26,,,,,
766,8/13/2020 21:00,60.132,,,,,
767,8/13/2020 22:00,59.745,,,,,
768,8/13/2020 23:00,59.529,,,,,
769,8/14/2020 0:00,59.014,,,,,
770,8/14/2020 1:00,58.755,,,,,
771,8/14/2020 2:00,58.541,,,,,
772,8/14/2020 3:00,58.282,,,,,
773,8/14/2020 4:00,58.541,,,,,
774,8/14/2020 5:00,58.411,,,,,
775,8/14/2020 6:00,58.498,,,,,
776,8/14/2020 7:00,58.885,,,,,
777,8/14/2020 8:00,58.626,,,,,
778,8/14/2020 9:00,59.185,,,,,
779,8/14/2020 10:00,59.445,,,,,
780,8/14/2020 11:00,59.445,,,,,
781,8/14/2020 12:00,59.616,,,,,
782,8/14/2020 13:00,59.916,,,,,
783,8/14/2020 14:00,60.561,,,,,
784,8/14/2020 15:00,60.818,,,,,
785,8/14/2020 16:00,61.119,,,,,
786,8/14/2020 17:00,60.775,,,,,
787,8/14/2020 18:00,60.604,,,,,
788,8/14/2020 19:00,60.433,,,,,
789,8/14/2020 20:00,60.517,,,,,
790,8/14/2020 21:00,60.39,,,,,
791,8/14/2020 22:00,60.433,,,,,
792,8/14/2020 23:00,60.39,,,,,
793,8/15/2020 0:00,60.303,,,,,
794,8/15/2020 1:00,60.217,,,,,
795,8/15/2020 2:00,60.132,,,,,
796,8/15/2020 3:00,60.046,,,,,
797,8/15/2020 4:00,60.003,,,,,
798,8/15/2020 5:00,59.916,,,,,
799,8/15/2020 6:00,59.702,,,,,
800,8/15/2020 7:00,59.788,,,,,
801,8/15/2020 8:00,59.572,,,,,
802,8/15/2020 9:00,59.616,,,,,
803,8/15/2020 10:00,59.616,,,,,
804,8/15/2020 11:00,60.003,,,,,
805,8/15/2020 12:00,59.83,,,,,
806,8/15/2020 13:00,58.498,,,,,
807,8/15/2020 14:00,58.798,,,,,
808,8/15/2020 15:00,59.056,,,,,
809,8/15/2020 16:00,59.056,,,,,
810,8/15/2020 17:00,59.83,,,,,
811,8/15/2020 18:00,60.904,,,,,
812,8/15/2020 19:00,60.517,,,,,
813,8/15/2020 20:00,60.818,,,,,
814,8/15/2020 21:00,60.948,,,,,
815,8/15/2020 22:00,61.506,,,,,
816,8/15/2020 23:00,61.162,,,,,
817,8/16/2020 0:00,60.904,,,,,
818,8/16/2020 1:00,60.904,,,,,
819,8/16/2020 2:00,60.818,,,,,
820,8/16/2020 3:00,60.217,,,,,
821,8/16/2020 4:00,60.39,,,,,
822,8/16/2020 5:00,60.132,,,,,
823,8/16/2020 6:00,60.217,,,,,
824,8/16/2020 7:00,60.433,,,,,
825,8/16/2020 8:00,60.39,,,,,
826,8/16/2020 9:00,60.433,,,,,
827,8/16/2020 10:00,60.346,,,,,
828,8/16/2020 11:00,60.174,,,,,
829,8/16/2020 12:00,60.132,,,,,
830,8/16/2020 13:00,60.346,,,,,
831,8/16/2020 14:00,61.075,,,,,
832,8/16/2020 15:00,61.761,,,,,
833,8/16/2020 16:00,61.506,,,,,
834,8/16/2020 17:00,61.376,,,,,
835,8/16/2020 18:00,61.462,,,,,
836,8/16/2020 19:00,61.462,,,,,
837,8/16/2020 20:00,61.462,,,,,
838,8/16/2020 21:00,61.376,,,,,
839,8/16/2020 22:00,60.818,,,,,
840,8/16/2020 23:00,59.702,,,,,
841,8/17/2020 0:00,58.541,,,,,
842,8/17/2020 1:00,58.755,,,,,
843,8/17/2020 2:00,58.023,,,,,
844,8/17/2020 3:00,57.722,,,,,
845,8/17/2020 4:00,57.722,,,,,
846,8/17/2020 5:00,57.549,,,,,
847,8/17/2020 6:00,57.204,,,,,
848,8/17/2020 7:00,57.549,,,,,
849,8/17/2020 8:00,57.722,,,,,
850,8/17/2020 9:00,58.066,,,,,
851,8/17/2020 10:00,58.109,,,,,
852,8/17/2020 11:00,59.358,,,,,
853,8/17/2020 12:00,60.346,,,,,
854,8/17/2020 13:00,60.217,,,,,
855,8/17/2020 14:00,60.217,,,,,
856,8/17/2020 15:00,60.604,,,,,
857,8/17/2020 16:00,61.119,,,,,
858,8/17/2020 17:00,61.162,,,,,
859,8/17/2020 18:00,61.633,,,,,
860,8/17/2020 19:00,61.804,,,,,
861,8/17/2020 20:00,61.977,,,,,
862,8/17/2020 21:00,62.148,,,,,
863,8/17/2020 22:00,62.191,,,,,
864,8/17/2020 23:00,62.019,,,,,
865,8/18/2020 0:00,61.677,,,,,
866,8/18/2020 1:00,61.462,,,,,
867,8/18/2020 2:00,61.205,,,,,
868,8/18/2020 3:00,60.904,,,,,
869,8/18/2020 4:00,60.775,,,,,
870,8/18/2020 5:00,60.474,,,,,
871,8/18/2020 6:00,59.788,,,,,
872,8/18/2020 7:00,59.529,,,,,
873,8/18/2020 8:00,59.745,,,,,
874,8/18/2020 9:00,59.702,,,,,
875,8/18/2020 10:00,60.26,,,,,
876,8/18/2020 11:00,60.39,,,,,
877,8/18/2020 12:00,60.775,,,,,
878,8/18/2020 13:00,60.775,,,,,
879,8/18/2020 14:00,60.818,,,,,
880,8/18/2020 15:00,61.506,,,,,
881,8/18/2020 16:00,61.804,,,,,
882,8/18/2020 17:00,61.547,,,,,
883,8/18/2020 18:00,61.333,,,,,
884,8/18/2020 19:00,61.29,,,,,
885,8/18/2020 20:00,61.032,,,,,
886,8/18/2020 21:00,62.748,,,,,
887,8/18/2020 22:00,62.233,,,,,
888,8/18/2020 23:00,61.934,,,,,
889,8/19/2020 0:00,61.677,,,,,
890,8/19/2020 1:00,61.506,,,,,
891,8/19/2020 2:00,61.419,,,,,
892,8/19/2020 3:00,61.376,,,,,
893,8/19/2020 4:00,61.29,,,,,
894,8/19/2020 5:00,61.419,,,,,
895,8/19/2020 6:00,61.248,,,,,
896,8/19/2020 7:00,61.29,,,,,
897,8/19/2020 8:00,61.248,,,,,
898,8/19/2020 9:00,61.677,,,,,
899,8/19/2020 10:00,61.29,,,,,
900,8/19/2020 11:00,60.818,,,,,
901,8/19/2020 12:00,60.604,,,,,
902,8/19/2020 13:00,60.733,,,,,
903,8/19/2020 14:00,60.861,,,,,
904,8/19/2020 15:00,60.948,,,,,
905,8/19/2020 16:00,61.205,,,,,
906,8/19/2020 17:00,61.248,,,,,
907,8/19/2020 18:00,61.462,,,,,
908,8/19/2020 19:00,61.419,,,,,
909,8/19/2020 20:00,60.948,,,,,
910,8/19/2020 21:00,60.733,,,,,
911,8/19/2020 22:00,60.733,,,,,
912,8/19/2020 23:00,60.733,,,,,
913,8/20/2020 0:00,60.69,,,,,
914,8/20/2020 1:00,60.69,,,,,
915,8/20/2020 2:00,60.604,,,,,
916,8/20/2020 3:00,60.39,,,,,
917,8/20/2020 4:00,60.26,,,,,
918,8/20/2020 5:00,60.217,,,,,
919,8/20/2020 6:00,60.303,,,,,
920,8/20/2020 7:00,60.26,,,,,
921,8/20/2020 8:00,60.217,,,,,
922,8/20/2020 9:00,60.174,,,,,
923,8/20/2020 10:00,60.647,,,,,
924,8/20/2020 11:00,60.433,,,,,
925,8/20/2020 12:00,60.303,,,,,
926,8/20/2020 13:00,59.873,,,,,
927,8/20/2020 14:00,59.873,,,,,
928,8/20/2020 15:00,59.916,,,,,
929,8/20/2020 16:00,59.916,,,,,
930,8/20/2020 17:00,59.959,,,,,
931,8/20/2020 18:00,60.132,,,,,
932,8/20/2020 19:00,60.132,,,,,
933,8/20/2020 20:00,60.217,,,,,
934,8/20/2020 21:00,60.132,,,,,
935,8/20/2020 22:00,60.046,,,,,
936,8/20/2020 23:00,60.174,,,,,
937,8/21/2020 0:00,59.959,,,,,
938,8/21/2020 1:00,59.916,,,,,
939,8/21/2020 2:00,59.916,,,,,
940,8/21/2020 3:00,59.916,,,,,
941,8/21/2020 4:00,59.401,,,,,
942,8/21/2020 5:00,59.185,,,,,
943,8/21/2020 6:00,59.185,,,,,
944,8/21/2020 7:00,59.659,,,,,
945,8/21/2020 8:00,59.099,,,,,
946,8/21/2020 9:00,58.842,,,,,
947,8/21/2020 10:00,58.755,,,,,
948,8/21/2020 11:00,59.616,,,,,
949,8/21/2020 12:00,59.315,,,,,
950,8/21/2020 13:00,59.616,,,,,
951,8/21/2020 14:00,59.788,,,,,
952,8/21/2020 15:00,59.572,,,,,
953,8/21/2020 16:00,60.046,,,,,
954,8/21/2020 17:00,60.003,,,,,
955,8/21/2020 18:00,60.217,,,,,
956,8/21/2020 19:00,60.089,,,,,
957,8/21/2020 20:00,60.132,,,,,
958,8/21/2020 21:00,60.003,,,,,
959,8/21/2020 22:00,60.089,,,,,
960,8/21/2020 23:00,59.959,,,,,
961,8/22/2020 0:00,59.916,,,,,
962,8/22/2020 1:00,59.959,,,,,
963,8/22/2020 2:00,60.217,,,,,
964,8/22/2020 3:00,60.346,,,,,
965,8/22/2020 4:00,60.39,,,,,
966,8/22/2020 5:00,60.39,,,,,
967,8/22/2020 6:00,60.474,,,,,
968,8/22/2020 7:00,60.517,,,,,
969,8/22/2020 8:00,60.474,,,,,
970,8/22/2020 9:00,60.517,,,,,
971,8/22/2020 10:00,59.916,,,,,
972,8/22/2020 11:00,60.046,,,,,
973,8/22/2020 12:00,60.26,,,,,
974,8/22/2020 13:00,60.303,,,,,
975,8/22/2020 14:00,60.474,,,,,
976,8/22/2020 15:00,60.433,,,,,
977,8/22/2020 16:00,60.517,,,,,
978,8/22/2020 17:00,60.561,,,,,
979,8/22/2020 18:00,60.647,,,,,
980,8/22/2020 19:00,60.818,,,,,
981,8/22/2020 20:00,60.647,,,,,
982,8/22/2020 21:00,60.733,,,,,
983,8/22/2020 22:00,60.647,,,,,
984,8/22/2020 23:00,60.561,,,,,
985,8/23/2020 0:00,60.433,,,,,
986,8/23/2020 1:00,60.26,,,,,
987,8/23/2020 2:00,60.217,,,,,
988,8/23/2020 3:00,60.132,,,,,
989,8/23/2020 4:00,60.217,,,,,
990,8/23/2020 5:00,60.26,,,,,
991,8/23/2020 6:00,60.303,,,,,
992,8/23/2020 7:00,60.132,,,,,
993,8/23/2020 8:00,60.174,,,,,
994,8/23/2020 9:00,60.132,,,,,
995,8/23/2020 10:00,60.132,,,,,
996,8/23/2020 11:00,59.959,,,,,
997,8/23/2020 12:00,59.959,,,,,
998,8/23/2020 13:00,59.916,,,,,
999,8/23/2020 14:00,60.003,,,,,
1000,8/23/2020 15:00,60.089,,,,,
1001,8/23/2020 16:00,60.132,,,,,
1002,8/23/2020 17:00,60.346,,,,,
1003,8/23/2020 18:00,60.346,,,,,
1004,8/23/2020 19:00,60.474,,,,,
1005,8/23/2020 20:00,60.433,,,,,
1006,8/23/2020 21:00,59.959,,,,,
1007,8/23/2020 22:00,60.046,,,,,
1008,8/23/2020 23:00,60.174,,,,,
1009,8/24/2020 0:00,60.174,,,,,
1010,8/24/2020 1:00,60.346,,,,,
1011,8/24/2020 2:00,60.26,,,,,
1012,8/24/2020 3:00,59.959,,,,,
1013,8/24/2020 4:00,59.659,,,,,
1014,8/24/2020 5:00,59.83,,,,,
1015,8/24/2020 6:00,59.873,,,,,
1016,8/24/2020 7:00,59.959,,,,,
1017,8/24/2020 8:00,59.916,,,,,
1018,8/24/2020 9:00,59.83,,,,,
1019,8/24/2020 10:00,59.873,,,,,
1020,8/24/2020 11:00,59.916,,,,,
1021,8/24/2020 12:00,60.003,,,,,
1022,8/24/2020 13:00,60.003,,,,,
1023,8/24/2020 14:00,60.132,,,,,
1024,8/24/2020 15:00,60.174,,,,,
1025,8/24/2020 16:00,60.26,,,,,
1026,8/24/2020 17:00,60.561,,,,,
1027,8/24/2020 18:00,60.818,,,,,
1028,8/24/2020 19:00,60.818,,,,,
1029,8/24/2020 20:00,60.647,,,,,
1030,8/24/2020 21:00,60.39,,,,,
1031,8/24/2020 22:00,60.303,,,,,
1032,8/24/2020 23:00,60.26,,,,,
1033,8/25/2020 0:00,60.217,,,,,
1034,8/25/2020 1:00,60.26,,,,,
1035,8/25/2020 2:00,60.303,,,,,
1036,8/25/2020 3:00,60.174,,,,,
1037,8/25/2020 4:00,60.303,,,,,
1038,8/25/2020 5:00,60.26,,,,,
1039,8/25/2020 6:00,60.132,,,,,
1040,8/25/2020 7:00,59.788,,,,,
1041,8/25/2020 8:00,59.873,,,,,
1042,8/25/2020 9:00,59.185,,,,,
1043,8/25/2020 10:00,59.014,,,,,
1044,8/25/2020 11:00,59.014,,,,,
1045,8/25/2020 12:00,59.185,,,,,
1046,8/25/2020 13:00,59.315,,,,,
1047,8/25/2020 14:00,59.788,,,,,
1048,8/25/2020 15:00,59.959,,,,,
1049,8/25/2020 16:00,60.003,,,,,
1050,8/25/2020 17:00,60.089,,,,,
1051,8/25/2020 18:00,60.046,,,,,
1052,8/25/2020 19:00,60.217,,,,,
1053,8/25/2020 20:00,60.433,,,,,
1054,8/25/2020 21:00,60.303,,,,,
1055,8/25/2020 22:00,60.174,,,,,
1056,8/25/2020 23:00,60.132,,,,,
1057,8/26/2020 0:00,60.132,,,,,
1058,8/26/2020 1:00,59.873,,,,,
1059,8/26/2020 2:00,59.916,,,,,
1060,8/26/2020 3:00,60.26,,,,,
1061,8/26/2020 4:00,60.26,,,,,
1062,8/26/2020 5:00,60.046,,,,,
1063,8/26/2020 6:00,59.83,,,,,
1064,8/26/2020 7:00,59.959,,,,,
1065,8/26/2020 8:00,59.702,,,,,
1066,8/26/2020 9:00,59.572,,,,,
1067,8/26/2020 10:00,59.445,,,,,
1068,8/26/2020 11:00,59.745,,,,,
1069,8/26/2020 12:00,60.132,,,,,
1070,8/26/2020 13:00,59.959,,,,,
1071,8/26/2020 14:00,60.132,,,,,
1072,8/26/2020 15:00,60.132,,,,,
1073,8/26/2020 16:00,60.089,,,,,
1074,8/26/2020 17:00,60.132,,,,,
1075,8/26/2020 18:00,60.132,,,,,
1076,8/26/2020 19:00,60.132,,,,,
1077,8/26/2020 20:00,60.132,,,,,
1078,8/26/2020 21:00,60.132,,,,,
1079,8/26/2020 22:00,60.089,,,,,
1080,8/26/2020 23:00,60.132,,,,,
1081,8/27/2020 0:00,60.132,,,,,
1082,8/27/2020 1:00,60.132,,,,,
1083,8/27/2020 2:00,60.132,,,,,
1084,8/27/2020 3:00,60.132,,,,,
1085,8/27/2020 4:00,60.089,,,,,
1086,8/27/2020 5:00,60.003,,,,,
1087,8/27/2020 6:00,59.916,,,,,
1088,8/27/2020 7:00,59.83,,,,,
1089,8/27/2020 8:00,59.873,,,,,
1090,8/27/2020 9:00,59.83,,,,,
1091,8/27/2020 10:00,59.401,,,,,
1092,8/27/2020 11:00,59.315,,,,,
1093,8/27/2020 12:00,59.445,,,,,
1094,8/27/2020 13:00,59.529,,,,,
1095,8/27/2020 14:00,59.529,,,,,
1096,8/27/2020 15:00,59.486,,,,,
1097,8/27/2020 16:00,59.445,,,,,
1098,8/27/2020 17:00,59.445,,,,,
1099,8/27/2020 18:00,59.486,,,,,
1100,8/27/2020 19:00,59.486,,,,,
1101,8/27/2020 20:00,59.486,,,,,
1102,8/27/2020 21:00,59.529,,,,,
1103,8/27/2020 22:00,59.529,,,,,
1104,8/27/2020 23:00,59.572,,,,,
1105,8/28/2020 0:00,59.445,,,,,
1106,8/28/2020 1:00,59.358,,,,,
1107,8/28/2020 2:00,59.358,,,,,
1108,8/28/2020 3:00,59.358,,,,,
1109,8/28/2020 4:00,59.315,,,,,
1110,8/28/2020 5:00,59.272,,,,,
1111,8/28/2020 6:00,59.272,,,,,
1112,8/28/2020 7:00,59.014,,,,,
1113,8/28/2020 8:00,58.971,,,,,
1114,8/28/2020 9:00,59.014,,,,,
1115,8/28/2020 10:00,59.099,,,,,
1116,8/28/2020 11:00,58.842,,,,,
1117,8/28/2020 12:00,58.885,,,,,
1118,8/28/2020 13:00,59.056,,,,,
1119,8/28/2020 14:00,59.272,,,,,
1120,8/28/2020 15:00,59.185,,,,,
1121,8/28/2020 16:00,59.272,,,,,
1122,8/28/2020 17:00,59.486,,,,,
1123,8/28/2020 18:00,59.529,,,,,
1124,8/28/2020 19:00,59.659,,,,,
1125,8/28/2020 20:00,59.616,,,,,
1126,8/28/2020 21:00,59.445,,,,,
1127,8/28/2020 22:00,59.315,,,,,
1128,8/28/2020 23:00,59.099,,,,,
1129,8/29/2020 0:00,59.014,,,,,
1130,8/29/2020 1:00,58.928,,,,,
1131,8/29/2020 2:00,59.315,,,,,
1132,8/29/2020 3:00,58.928,,,,,
1133,8/29/2020 4:00,59.056,,,,,
1134,8/29/2020 5:00,59.014,,,,,
1135,8/29/2020 6:00,59.014,,,,,
1136,8/29/2020 7:00,59.056,,,,,
1137,8/29/2020 8:00,58.928,,,,,
1138,8/29/2020 9:00,59.014,,,,,
1139,8/29/2020 10:00,58.755,,,,,
1140,8/29/2020 11:00,58.842,,,,,
1141,8/29/2020 12:00,58.928,,,,,
1142,8/29/2020 13:00,59.185,,,,,
1143,8/29/2020 14:00,59.315,,,,,
1144,8/29/2020 15:00,59.272,,,,,
1145,8/29/2020 16:00,59.529,,,,,
1146,8/29/2020 17:00,59.486,,,,,
1147,8/29/2020 18:00,59.401,,,,,
1148,8/29/2020 19:00,59.529,,,,,
1149,8/29/2020 20:00,59.401,,,,,
1150,8/29/2020 21:00,59.358,,,,,
1151,8/29/2020 22:00,59.358,,,,,
1152,8/29/2020 23:00,59.229,,,,,
1153,8/30/2020 0:00,59.229,,,,,
1154,8/30/2020 1:00,59.445,,,,,
1155,8/30/2020 2:00,59.229,,,,,
1156,8/30/2020 3:00,59.272,,,,,
1157,8/30/2020 4:00,59.185,,,,,
1158,8/30/2020 5:00,59.272,,,,,
1159,8/30/2020 6:00,59.358,,,,,
1160,8/30/2020 7:00,59.185,,,,,
1161,8/30/2020 8:00,58.971,,,,,
1162,8/30/2020 9:00,58.971,,,,,
1163,8/30/2020 10:00,58.798,,,,,
1164,8/30/2020 11:00,58.669,,,,,
1165,8/30/2020 12:00,58.669,,,,,
1166,8/30/2020 13:00,58.755,,,,,
1167,8/30/2020 14:00,58.928,,,,,
1168,8/30/2020 15:00,58.928,,,,,
1169,8/30/2020 16:00,59.099,,,,,
1170,8/30/2020 17:00,59.056,,,,,
1171,8/30/2020 18:00,58.928,,,,,
1172,8/30/2020 19:00,58.842,,,,,
1173,8/30/2020 20:00,58.798,,,,,
1174,8/30/2020 21:00,58.755,,,,,
1175,8/30/2020 22:00,58.712,,,,,
1176,8/30/2020 23:00,58.626,,,,,
1177,8/31/2020 0:00,58.411,,,,,
1178,8/31/2020 1:00,58.411,,,,,
1179,8/31/2020 2:00,58.582,,,,,
1180,8/31/2020 3:00,58.325,,,,,
1181,8/31/2020 4:00,58.109,,,,,
1182,8/31/2020 5:00,58.541,,,,,
1183,8/31/2020 6:00,58.626,,,,,
1184,8/31/2020 7:00,58.239,,,,,
1185,8/31/2020 8:00,58.368,,,,,
1186,8/31/2020 9:00,58.239,,,,,
1187,8/31/2020 10:00,58.239,,,,,
1188,8/31/2020 11:00,58.066,,,,,
1189,8/31/2020 12:00,58.109,,,,,
1190,8/31/2020 13:00,58.195,,,,,
1191,8/31/2020 14:00,58.325,,,,,
1192,8/31/2020 15:00,58.325,,,,,
1193,8/31/2020 16:00,58.368,,,,,
1194,8/31/2020 17:00,58.541,,,,,
1195,8/31/2020 18:00,58.582,,,,,
1196,8/31/2020 19:00,58.626,,,,,
1197,8/31/2020 20:00,58.541,,,,,
1198,8/31/2020 21:00,58.541,,,,,
1199,8/31/2020 22:00,58.498,,,,,
1200,8/31/2020 23:00,58.411,,,,,
1201,9/1/2020 0:00,58.325,,,,,
1202,9/1/2020 1:00,58.195,,,,,
1203,9/1/2020 2:00,58.066,,,,,
1204,9/1/2020 3:00,58.066,,,,,
1205,9/1/2020 4:00,58.152,,,,,
1206,9/1/2020 5:00,58.152,,,,,
1207,9/1/2020 6:00,58.152,,,,,
1208,9/1/2020 7:00,58.023,,,,,
1209,9/1/2020 8:00,57.979,,,,,
1210,9/1/2020 9:00,58.023,,,,,
1211,9/1/2020 10:00,57.722,,,,,
1212,9/1/2020 11:00,57.679,,,,,
1213,9/1/2020 12:00,57.636,,,,,
1214,9/1/2020 13:00,57.549,,,,,
1215,9/1/2020 14:00,57.333,,,,,
1216,9/1/2020 15:00,57.204,,,,,
1217,9/1/2020 16:00,56.901,,,,,
1218,9/1/2020 17:00,56.858,,,,,
1219,9/1/2020 18:00,56.772,,,,,
1220,9/1/2020 19:00,56.685,,,,,
1221,9/1/2020 20:00,56.599,,,,,
1222,9/1/2020 21:00,56.556,,,,,
1223,9/1/2020 22:00,56.469,,,,,
1224,9/1/2020 23:00,56.251,,,,,
1225,9/2/2020 0:00,56.035,,,,,
1226,9/2/2020 1:00,55.863,,,,,
1227,9/2/2020 2:00,55.733,,,,,
1228,9/2/2020 3:00,55.69,,,,,
1229,9/2/2020 4:00,55.342,,,,,
1230,9/2/2020 5:00,55.125,,,,,
1231,9/2/2020 6:00,55.081,,,,,
1232,9/2/2020 7:00,55.213,,,,,
1233,9/2/2020 8:00,55.299,,,,,
1234,9/2/2020 9:00,55.081,,,,,
1235,9/2/2020 10:00,54.865,,,,,
1236,9/2/2020 11:00,55.733,,,,,
1237,9/2/2020 12:00,55.647,,,,,
1238,9/2/2020 13:00,55.038,,,,,
1239,9/2/2020 14:00,54.561,,,,,
1240,9/2/2020 15:00,54.43,,,,,
1241,9/2/2020 16:00,54.516,,,,,
1242,9/2/2020 17:00,54.777,,,,,
1243,9/2/2020 18:00,54.865,,,,,
1244,9/2/2020 19:00,54.865,,,,,
1245,9/2/2020 20:00,54.865,,,,,
1246,9/2/2020 21:00,54.82,,,,,
1247,9/2/2020 22:00,54.865,,,,,
1248,9/2/2020 23:00,55.429,,,,,
1249,9/3/2020 0:00,54.648,,,,,
1250,9/3/2020 1:00,54.126,,,,,
1251,9/3/2020 2:00,53.82,,,,,
1252,9/3/2020 3:00,54.82,,,,,
1253,9/3/2020 4:00,54.82,,,,,
1254,9/3/2020 5:00,53.341,,,,,
1255,9/3/2020 6:00,53.82,,,,,
1256,9/3/2020 7:00,54.43,,,,,
1257,9/3/2020 8:00,53.515,,,,,
1258,9/3/2020 9:00,54.212,,,,,
1259,9/3/2020 10:00,54.43,,,,,
1260,9/3/2020 11:00,54.3,,,,,
1261,9/3/2020 12:00,53.908,,,,,
1262,9/3/2020 13:00,53.602,,,,,
1263,9/3/2020 14:00,53.994,,,,,
1264,9/3/2020 15:00,53.994,,,,,
1265,9/3/2020 16:00,54.648,,,,,
1266,9/3/2020 17:00,54.255,,,,,
1267,9/3/2020 18:00,54.255,,,,,
1268,9/3/2020 19:00,54.126,,,,,
1269,9/3/2020 20:00,54.212,,,,,
1270,9/3/2020 21:00,53.994,,,,,
1271,9/3/2020 22:00,54.343,,,,,
1272,9/3/2020 23:00,54.255,,,,,
1273,9/4/2020 0:00,54.037,,,,,
1274,9/4/2020 1:00,53.82,,,,,
1275,9/4/2020 2:00,53.951,,,,,
1276,9/4/2020 3:00,53.645,,,,,
1277,9/4/2020 4:00,53.645,,,,,
1278,9/4/2020 5:00,53.427,,,,,
1279,9/4/2020 6:00,53.427,,,,,
1280,9/4/2020 7:00,53.166,,,,,
1281,9/4/2020 8:00,52.817,,,,,
1282,9/4/2020 9:00,52.729,,,,,
1283,9/4/2020 10:00,52.686,,,,,
1284,9/4/2020 11:00,53.602,,,,,
1285,9/4/2020 12:00,53.472,,,,,
1286,9/4/2020 13:00,53.078,,,,,
1287,9/4/2020 14:00,52.86,,,,,
1288,9/4/2020 15:00,53.035,,,,,
1289,9/4/2020 16:00,53.078,,,,,
1290,9/4/2020 17:00,53.253,,,,,
1291,9/4/2020 18:00,53.384,,,,,
1292,9/4/2020 19:00,53.559,,,,,
1293,9/4/2020 20:00,53.645,,,,,
1294,9/4/2020 21:00,53.733,,,,,
1295,9/4/2020 22:00,53.82,,,,,
1296,9/4/2020 23:00,54.343,,,,,
1297,9/5/2020 0:00,53.865,,,,,
1298,9/5/2020 1:00,54.037,,,,,
1299,9/5/2020 2:00,54.387,,,,,
1300,9/5/2020 3:00,54.387,,,,,
1301,9/5/2020 4:00,54.648,,,,,
1302,9/5/2020 5:00,54.604,,,,,
1303,9/5/2020 6:00,54.561,,,,,
1304,9/5/2020 7:00,54.604,,,,,
1305,9/5/2020 8:00,54.561,,,,,
1306,9/5/2020 9:00,54.43,,,,,
1307,9/5/2020 10:00,52.947,,,,,
1308,9/5/2020 11:00,52.641,,,,,
1309,9/5/2020 12:00,52.072,,,,,
1310,9/5/2020 13:00,52.423,,,,,
1311,9/5/2020 14:00,52.423,,,,,
1312,9/5/2020 15:00,52.423,,,,,
1313,9/5/2020 16:00,52.378,,,,,
1314,9/5/2020 17:00,52.597,,,,,
1315,9/5/2020 18:00,55.038,,,,,
1316,9/5/2020 19:00,50.621,,,,,
1317,9/5/2020 20:00,50.047,,,,,
1318,9/5/2020 21:00,49.516,,,,,
1319,9/5/2020 22:00,48.137,,,,,
1320,9/5/2020 23:00,44.173,,,,,
1321,9/6/2020 0:00,42.202,,,,,
1322,9/6/2020 1:00,40.858,,,,,
1323,9/6/2020 2:00,39.36,,,,,
1324,9/6/2020 3:00,38.511,,,,,
1325,9/6/2020 4:00,38.084,,,,,
1326,9/6/2020 5:00,37.942,,,,,
1327,9/6/2020 6:00,38.557,,,,,
1328,9/6/2020 7:00,37.416,,,,,
1329,9/6/2020 8:00,37.656,,,,,
1330,9/6/2020 9:00,39.549,,,,,
1331,9/6/2020 10:00,43.075,,,,,
1332,9/6/2020 11:00,47.826,,,,,
1333,9/6/2020 12:00,52.378,,,,,
1334,9/6/2020 13:00,48.36,,,,,
1335,9/6/2020 14:00,48.094,,,,,
1336,9/6/2020 15:00,50.576,,,,,
1337,9/6/2020 16:00,50.356,,,,,
1338,9/6/2020 17:00,49.028,,,,,
1339,9/6/2020 18:00,47.871,,,,,
1340,9/6/2020 19:00,47.602,,,,,
1341,9/6/2020 20:00,47.289,,,,,
1342,9/6/2020 21:00,47.377,,,,,
1343,9/6/2020 22:00,47.512,,,,,
1344,9/6/2020 23:00,47.467,,,,,
1345,9/7/2020 0:00,47.826,,,,,
1346,9/7/2020 1:00,48.36,,,,,
1347,9/7/2020 2:00,48.493,,,,,
1348,9/7/2020 3:00,48.583,,,,,
1349,9/7/2020 4:00,48.805,,,,,
1350,9/7/2020 5:00,49.161,,,,,
1351,9/7/2020 6:00,49.428,,,,,
1352,9/7/2020 7:00,49.649,,,,,
1353,9/7/2020 8:00,49.959,,,,,
1354,9/7/2020 9:00,49.737,,,,,
1355,9/7/2020 10:00,49.914,,,,,
1356,9/7/2020 11:00,50.002,,,,,
1357,9/7/2020 12:00,50.752,,,,,
1358,9/7/2020 13:00,52.554,,,,,
1359,9/7/2020 14:00,53.166,,,,,
1360,9/7/2020 15:00,55.429,,,,,
1361,9/7/2020 16:00,53.035,,,,,
1362,9/7/2020 17:00,53.253,,,,,
1363,9/7/2020 18:00,53.69,,,,,
1364,9/7/2020 19:00,54.734,,,,,
1365,9/7/2020 20:00,53.82,,,,,
1366,9/7/2020 21:00,53.121,,,,,
1367,9/7/2020 22:00,52.641,,,,,
1368,9/7/2020 23:00,52.817,,,,,
1369,9/8/2020 0:00,52.992,,,,,
1370,9/8/2020 1:00,53.121,,,,,
1371,9/8/2020 2:00,53.078,,,,,
1372,9/8/2020 3:00,52.466,,,,,
1373,9/8/2020 4:00,52.072,,,,,
1374,9/8/2020 5:00,51.633,,,,,
1375,9/8/2020 6:00,50.752,,,,,
1376,9/8/2020 7:00,50.4,,,,,
1377,9/8/2020 8:00,50.311,,,,,
1378,9/8/2020 9:00,50.311,,,,,
1379,9/8/2020 10:00,50.752,,,,,
1380,9/8/2020 11:00,51.458,,,,,
1381,9/8/2020 12:00,53.298,,,,,
1382,9/8/2020 13:00,57.29,,,,,
1383,9/8/2020 14:00,58.755,,,,,
1384,9/8/2020 15:00,59.745,,,,,
1385,9/8/2020 16:00,68.871,,,,,
1386,9/8/2020 17:00,67.413,,,,,
1387,9/8/2020 18:00,65.701,,,,,
1388,9/8/2020 19:00,65.829,,,,,
1389,9/8/2020 20:00,66,,,,,
1390,9/8/2020 21:00,66.258,,,,,
1391,9/8/2020 22:00,66.429,,,,,
1392,9/8/2020 23:00,66.472,,,,,
1393,9/9/2020 0:00,66.6,,,,,
1394,9/9/2020 1:00,66.814,,,,,
1395,9/9/2020 2:00,67.114,,,,,
1396,9/9/2020 3:00,67.242,,,,,
1397,9/9/2020 4:00,67.242,,,,,
1398,9/9/2020 5:00,67.329,,,,,
1399,9/9/2020 6:00,67.372,,,,,
1400,9/9/2020 7:00,67.413,,,,,
1401,9/9/2020 8:00,67.456,,,,,
1402,9/9/2020 9:00,67.671,,,,,
1403,9/9/2020 10:00,68.27,,,,,
1404,9/9/2020 10:27,,,Logged,Logged,,
1405,9/9/2020 10:28,,,,Logged,,
1406,9/9/2020 10:28,,,,,Logged,Logged
