tag.ID,power,array,rec,ymd.hms,unix
75,830,5,6,8/4/2020 12:05,1596571540
75,1557,5,4,8/5/2020 22:14,1596694475
75,1554,U,2,8/6/2020 16:46,1596761217
95,120,5,2,8/4/2020 18:12,1596593533
95,79,4,4,8/8/2020 17:49,1596937746
95,1177,4,1,8/11/2020 12:45,1597178757
95,650,5,5,8/12/2020 14:02,1597269729
110,1554,5,1,8/4/2021 15:39,1628120353
110,1518,U,1,8/7/2021 8:57,1628355439
115,848,5,2,8/4/2020 15:30,1596583818
115,1569,4,3,8/5/2020 17:53,1596678837
130,1164,5,1,8/4/2021 15:31,1628119891
130,1409,5,2,8/5/2021 15:22,1628205723
130,332,7,6,8/6/2021 17:13,1628298814
130,220,6,1,8/7/2021 2:07,1628330863
150,1385,5,1,8/4/2021 15:57,1628121446
150,1530,U,1,8/5/2021 20:25,1628223924
150,761,U,1,8/6/2021 15:20,1628292042
150,798,5,3,8/7/2021 23:58,1628409480
150,8,4,2,8/8/2021 9:12,1628442736
170,65,5,1,8/9/2021 14:50,1628549400
170,2,5,2,8/10/2021 13:48,1628632086
175,1528,4,1,8/8/2020 21:49,1596952185
195,1564,5,5,8/6/2020 17:10,1596762613
195,1514,U,2,8/7/2020 7:44,1596815075
210,43,5,3,8/9/2021 12:15,1628540119
210,1198,U,1,8/15/2021 14:47,1629067664
215,454,5,6,8/7/2020 16:53,1596848028
215,1471,U,2,8/8/2020 10:17,1596910634
235,54,4,6,8/6/2020 15:57,1596758262
250,1502,5,2,8/9/2021 7:04,1628521444
270,87,4,3,8/12/2021 21:55,1628834117
270,1076,U,1,8/13/2021 22:38,1628923118
275,1526,5,6,8/5/2020 23:22,1596698532
275,1554,U,1,8/6/2020 15:01,1596754873
310,78,4,3,8/9/2021 10:37,1628534243
310,1532,U,1,8/12/2021 6:48,1628779735
355,222,5,6,8/6/2020 9:32,1596735161
370,845,4,3,8/11/2021 0:52,1628671925
375,1497,5,5,8/7/2020 15:21,1596842466
375,1540,U,2,8/8/2020 8:16,1596903369
390,1430,5,1,8/9/2021 18:13,1628561607
390,1530,U,1,8/10/2021 11:56,1628625392
395,1237,5,6,8/5/2020 21:02,1596690175
395,1557,U,1,8/6/2020 15:35,1596756940
410,658,5,2,8/11/2021 9:13,1628702032
410,1536,4,3,8/14/2021 8:37,1628959061
415,100,5,5,8/6/2020 17:22,1596763332
415,1527,U,1,8/7/2020 22:21,1596867686
430,514,5,1,8/10/2021 2:44,1628592294
430,260,U,1,8/10/2021 14:02,1628632930
435,806,4,1,8/11/2020 21:03,1597208620
435,1549,S,1,8/12/2020 19:08,1597288114
450,72,5,1,8/9/2021 18:42,1628563331
450,428,U,1,8/10/2021 11:13,1628622810
455,1489,4,1,8/6/2020 11:26,1596742008
470,1514,5,1,8/9/2021 15:28,1628551727
470,71,5,3,8/10/2021 13:50,1628632231
470,474,U,1,8/15/2021 1:35,1629020100
475,808,4,5,8/9/2020 10:44,1596998695
475,1486,5,6,8/9/2020 21:18,1597036707
475,1551,U,1,8/10/2020 17:25,1597109157
490,870,5,1,8/9/2021 15:53,1628553186
490,1083,U,1,8/11/2021 13:54,1628718891
495,1533,4,2,8/6/2020 19:00,1596769250
495,1535,4,3,8/8/2020 14:39,1596926375
495,706,5,4,8/8/2020 23:02,1596956573
510,1550,5,1,8/9/2021 16:07,1628554046
510,805,5,1,8/10/2021 9:13,1628615598
510,1516,U,1,8/12/2021 20:30,1628829009
515,403,4,1,8/7/2020 8:54,1596819259
515,257,4,1,8/12/2020 21:28,1597296481
515,86,5,5,8/13/2020 9:28,1597339726
515,1547,U,2,8/13/2020 17:11,1597367462
530,350,5,1,8/9/2021 16:08,1628554129
535,1539,E,2,8/9/2020 23:52,1597045965
550,1535,5,3,8/9/2021 19:28,1628566126
555,1547,5,6,8/7/2020 19:57,1596859075
555,1549,U,2,8/8/2020 9:42,1596908548
570,680,5,1,8/9/2021 16:36,1628555799
570,1113,U,1,8/10/2021 19:25,1628652323
575,1509,5,6,8/8/2020 14:12,1596924730
575,1556,U,2,8/9/2020 6:40,1596984011
590,58,5,3,8/10/2021 11:19,1628623149
590,1487,U,1,8/13/2021 23:09,1628924951
610,1545,5,1,8/10/2021 11:22,1628623378
610,587,U,1,8/11/2021 7:21,1628695261
615,1537,4,4,8/6/2020 18:40,1596768053
615,1462,4,2,8/8/2020 1:26,1596878799
615,1450,5,6,8/8/2020 11:12,1596913968
615,1499,U,1,8/8/2020 18:39,1596940770
630,99,5,3,8/10/2021 12:17,1628626644
630,61,5,1,8/11/2021 4:01,1628683293
630,1492,U,1,8/11/2021 23:12,1628752354
635,1516,4,2,8/8/2020 16:45,1596933914
650,1548,5,1,8/10/2021 13:20,1628630459
650,332,U,1,8/11/2021 5:53,1628690023
655,1390,4,2,8/7/2020 9:25,1596821144
655,1560,4,3,8/8/2020 20:17,1596946659
655,965,5,6,8/9/2020 14:38,1597012724
670,387,5,6,8/10/2021 14:38,1628635096
670,1131,U,1,8/11/2021 13:20,1628716839
675,1499,5,6,8/6/2020 22:53,1596783196
675,1553,U,2,8/7/2020 9:24,1596821077
690,1378,U,1,8/11/2021 15:41,1628725265
695,1536,4,4,8/6/2020 23:55,1596786936
695,78,4,4,8/7/2020 16:37,1596847074
710,1364,U,1,8/14/2021 21:40,1629006050
715,712,5,5,8/7/2020 14:29,1596839391
715,1555,U,2,8/7/2020 22:24,1596867869
730,759,5,1,8/12/2021 13:28,1628803689
735,130,5,5,8/6/2020 19:19,1596770341
735,1536,U,2,8/7/2020 6:10,1596809418
750,378,5,1,8/12/2021 10:25,1628792717
750,1521,U,1,8/13/2021 13:03,1628888594
750,68,5,6,9/1/2021 5:11,1630501860
755,1536,5,3,8/7/2020 2:35,1596796504
755,1497,U,2,8/7/2020 13:45,1596836740
770,1544,5,2,8/12/2021 10:30,1628793004
770,90,5,6,8/12/2021 22:12,1628835169
770,50,5,1,8/13/2021 9:44,1628876649
770,355,U,1,8/14/2021 19:41,1628998866
790,785,5,4,8/14/2021 2:45,1628937955
815,89,5,5,8/3/2020 15:35,1596497706
815,1080,5,4,8/4/2020 11:43,1596570190
815,1519,U,2,8/7/2020 2:00,1596794449
835,116,5,5,8/3/2020 15:02,1596495778
835,1513,U,1,8/6/2020 15:54,1596758075
870,11,U,1,8/21/2021 10:05,1629569100
875,1553,4,1,8/7/2020 18:23,1596853439
875,1542,5,6,8/8/2020 19:45,1596944703
890,877,6,3,8/18/2021 16:19,1629332379
890,867,U,1,8/19/2021 23:14,1629443647
895,1269,5,6,8/7/2020 19:33,1596857600
895,87,5,5,8/8/2020 17:37,1596937047
895,1258,5,1,8/9/2020 8:00,1596988813
895,563,4,6,8/12/2020 16:23,1597278182
895,1544,S,1,8/15/2020 5:43,1597499017
915,131,4,1,8/8/2020 7:07,1596899254
930,927,U,1,8/22/2021 9:18,1629652721
930,135,4,4,8/28/2021 15:43,1630194209
930,75,2,5,8/30/2021 3:24,1630322678
935,1552,5,1,8/7/2020 20:43,1596861837
935,1540,U,2,8/8/2020 13:31,1596922288
955,1604,E,2,8/13/2020 13:10,1597353017
995,463,5,6,8/7/2020 17:06,1596848785
995,1554,U,2,8/7/2020 23:38,1596872330
1010,108,5,1,8/17/2021 13:46,1629236779
1010,115,7,1,8/18/2021 13:09,1629320995
1010,68,5,4,8/21/2021 7:26,1629559597
1010,56,6,5,8/21/2021 17:59,1629597541
1010,402,7,1,8/21/2021 23:24,1629617087
1015,1264,5,2,8/7/2020 23:44,1596872671
1015,1216,U,2,8/8/2020 18:35,1596940552
1035,1525,E,2,8/12/2020 17:18,1597281537
1035,394,E,1,8/16/2020 18:28,1597631290
1035,97,5,6,8/17/2020 10:42,1597689772
1035,1555,U,2,8/17/2020 17:10,1597713012
1050,186,5,1,8/18/2021 2:27,1629282421
1055,1563,4,3,8/8/2020 0:50,1596876624
1055,1559,4,2,8/8/2020 15:01,1596927715
1055,1511,U,2,8/9/2020 9:18,1596993529
1070,15,U,1,8/22/2021 6:28,1629642519
1075,48,5,1,8/7/2020 21:31,1596864709
1090,1117,U,1,8/24/2021 1:16,1629796573
1095,247,5,6,8/7/2020 17:57,1596851831
1095,1546,U,1,8/8/2020 9:24,1596907473
1110,1297,U,1,8/23/2021 21:51,1629784308
1115,1511,4,3,8/8/2020 5:11,1596892273
1115,78,4,4,8/9/2020 9:11,1596993113
1130,266,6,1,8/23/2021 17:01,1629766863
1130,112,7,1,8/24/2021 11:05,1629831924
1135,1572,5,5,8/8/2020 13:50,1596923408
1135,1558,U,2,8/8/2020 22:07,1596953230
1155,1298,4,1,8/8/2020 16:50,1596934202
1155,1532,5,6,8/9/2020 17:36,1597023381
1155,1533,U,1,8/9/2020 23:26,1597044402
1170,381,5,1,8/23/2021 9:02,1629738120
1175,1550,E,1,8/9/2020 20:53,1597035203
1175,1523,E,1,8/11/2020 6:35,1597156500
1175,288,4,2,8/12/2020 23:19,1597303156
1175,1536,S,1,8/15/2020 18:25,1597544739
1195,1412,4,1,8/12/2020 13:31,1597267899
1195,199,5,6,8/14/2020 10:34,1597430065
1195,1522,U,1,8/14/2020 16:17,1597450632
1210,70,5,6,8/24/2021 4:14,1629807243
1215,1541,E,2,8/8/2020 19:49,1596944960
1230,327,5,1,8/23/2021 19:06,1629774412
1230,61,5,3,8/24/2021 8:57,1629824243
1235,149,5,6,8/8/2020 11:33,1596915229
1235,1547,U,2,8/8/2020 20:33,1596947594
1250,87,4,3,8/24/2021 8:36,1629823015
1255,1101,4,3,8/8/2020 4:57,1596891438
1255,88,4,4,8/10/2020 18:07,1597111656
1255,1560,U,2,8/11/2020 21:07,1597208853
1270,1016,5,4,8/23/2021 18:02,1629770528
1275,1572,5,5,8/8/2020 17:16,1596935817
1275,320,6,1,8/9/2020 18:39,1597027143
1275,1541,7,1,8/10/2020 8:14,1597076093
1275,1414,U,1,8/15/2020 10:51,1597517489
1290,69,4,4,8/24/2021 13:15,1629839753
1290,15,4,2,8/26/2021 16:42,1630024975
1295,1414,4,1,8/12/2020 9:59,1597255197
1310,1551,5,4,8/23/2021 18:13,1629771234
1310,870,U,1,8/24/2021 10:42,1629830566
1315,185,5,1,8/7/2020 22:44,1596869057
1315,1568,4,1,8/8/2020 16:07,1596931627
1315,1544,4,3,8/9/2020 19:55,1597031727
1315,1319,5,4,8/10/2020 14:39,1597099180
1315,1546,U,2,8/10/2020 22:49,1597128589
1335,1532,S,2,8/16/2020 6:51,1597589461
1350,1505,5,1,8/23/2021 23:06,1629788792
1350,1118,U,1,8/24/2021 21:28,1629869291
1370,1397,5,1,8/23/2021 17:23,1629768211
1370,1471,U,1,8/24/2021 12:16,1629836178
1375,1406,4,2,8/8/2020 1:48,1596880094
1375,66,3,3,8/8/2020 16:35,1596933351
1375,254,2,1,8/9/2020 1:31,1596965477
1375,856,2,2,8/10/2020 10:11,1597083107
1375,65,3,3,8/10/2020 17:42,1597110155
1375,442,3,1,8/15/2020 9:27,1597512472
1375,1455,K,2,8/20/2020 11:41,1597952490
1390,83,5,1,8/23/2021 21:35,1629783328
1390,1471,U,1,8/24/2021 12:08,1629835721
1395,1563,4,1,8/8/2020 18:28,1596940093
1410,15,4,2,8/24/2021 11:35,1629833707
1410,84,4,3,8/25/2021 16:29,1629937747
1410,1546,5,3,8/25/2021 23:18,1629962292
1430,1264,5,1,8/23/2021 17:41,1629769306
1430,64,5,3,8/24/2021 13:30,1629840613
1430,89,4,3,8/24/2021 21:38,1629869884
1430,1402,3,5,8/25/2021 19:42,1629949366
1435,455,5,6,8/7/2020 19:48,1596858482
1435,1542,6,4,8/8/2020 15:08,1596928103
1435,78,7,1,8/9/2020 11:23,1597000992
1450,539,5,1,8/23/2021 23:55,1629791724
1450,1504,U,1,8/24/2021 21:03,1629867828
1455,92,5,2,8/13/2020 0:11,1597306286
1455,1538,U,1,8/13/2020 13:11,1597353070
1470,66,5,3,8/24/2021 16:33,1629851581
1470,302,U,1,8/25/2021 11:02,1629918147
1475,1569,5,5,8/12/2020 8:42,1597250526
1495,879,5,6,8/10/2020 21:32,1597123927
1495,1603,U,2,8/12/2020 22:47,1597301244
1510,811,5,1,8/23/2021 23:58,1629791930
1510,38,U,1,8/24/2021 12:55,1629838515
1515,1428,5,4,8/11/2020 1:21,1597137707
1515,1552,U,2,8/11/2020 11:06,1597172780
1530,308,5,1,8/23/2021 23:23,1629789839
1535,74,5,2,8/11/2020 7:01,1597158100
1535,1548,U,2,8/11/2020 15:06,1597187163
1555,804,4,1,8/12/2020 22:37,1597300632
1570,224,5,1,8/24/2021 1:30,1629797456
1570,98,6,3,8/24/2021 20:58,1629867508
1570,69,6,5,8/25/2021 17:01,1629939708
1575,845,E,1,8/16/2020 18:21,1597630865
1610,1217,5,3,8/24/2021 19:36,1629862601
1615,546,5,6,8/11/2020 11:59,1597175955
1615,1556,U,1,8/11/2020 19:56,1597204607
1630,213,5,1,8/24/2021 1:43,1629798226
1630,1463,U,1,8/24/2021 22:49,1629874183
1655,1544,4,4,8/13/2020 9:57,1597341469
1655,102,3,1,8/14/2020 3:45,1597405536
1675,700,4,2,8/12/2020 5:12,1597237935
1675,70,S,1,8/15/2020 6:45,1597502707
1695,1405,4,1,8/12/2020 10:10,1597255811
1695,1543,S,1,8/15/2020 9:13,1597511581
1695,1538,S,2,8/18/2020 7:14,1597763678
1695,1056,4,1,8/18/2020 21:48,1597816102
1695,97,5,5,8/19/2020 5:10,1597842650
1695,981,U,2,8/19/2020 13:24,1597872297
1710,64,5,3,8/24/2021 7:26,1629818817
1715,1626,5,3,8/12/2020 15:21,1597274478
1730,120,5,1,8/24/2021 1:15,1629796517
1730,1482,U,1,8/24/2021 22:13,1629872003
1735,1504,5,6,8/12/2020 10:37,1597257439
1735,104,5,2,8/13/2020 17:38,1597369139
1735,603,U,1,8/14/2020 18:57,1597460232
1755,1483,5,6,8/12/2020 10:59,1597258747
1755,52,U,1,8/15/2020 6:46,1597502806
1770,303,5,1,8/24/2021 1:34,1629797667
1770,796,U,1,8/24/2021 16:04,1629849858
1775,1454,5,6,8/12/2020 10:58,1597258714
1775,1555,U,2,8/18/2020 10:19,1597774795
1790,404,4,3,8/24/2021 14:53,1629845586
1795,1134,5,6,8/12/2020 10:56,1597258601
1795,1550,U,2,8/13/2020 11:20,1597346437
1815,1549,5,2,8/12/2020 11:55,1597262152
1815,1546,E,1,8/16/2020 19:49,1597636160
1830,71,4,6,8/24/2021 12:12,1629835946
1830,94,4,3,8/25/2021 17:26,1629941195
1830,66,5,3,8/26/2021 0:08,1629965327
1835,1034,5,5,8/12/2020 11:06,1597259163
1835,193,6,1,8/13/2020 7:08,1597331284
1835,102,7,1,8/14/2020 3:36,1597404996
1855,1543,5,6,8/12/2020 19:11,1597288277
1855,1508,U,1,8/13/2020 2:13,1597313618
1870,1295,U,1,8/24/2021 8:47,1629823644
1875,1495,5,6,8/12/2020 11:16,1597259773
1875,1553,U,2,8/13/2020 21:47,1597384065
1895,1523,5,6,8/14/2020 15:37,1597448240
1895,122,5,2,8/18/2020 17:56,1597802173
1895,74,5,2,9/2/2020 7:26,1599060417
1895,73,5,2,9/2/2020 16:24,1599092674
1895,81,5,2,9/4/2020 7:04,1599231864
1915,1491,5,2,8/12/2020 13:59,1597269542
1915,1320,5,6,8/14/2020 16:50,1597452631
1915,1543,E,1,8/18/2020 23:22,1597821762
1930,1204,4,2,8/25/2021 14:41,1629931287
1935,237,5,6,8/12/2020 11:41,1597261274
1935,92,5,5,8/15/2020 12:36,1597523774
1955,714,5,6,8/12/2020 11:37,1597261038
1955,1563,5,4,8/13/2020 3:01,1597316483
1955,1546,E,1,8/19/2020 16:35,1597883716
1975,1522,5,5,8/12/2020 11:46,1597261610
1975,1262,5,4,8/14/2020 2:39,1597401558
1975,1510,U,2,8/15/2020 7:27,1597505237
1990,87,4,3,8/26/2021 5:09,1629983376
1990,30,4,2,8/27/2021 6:37,1630075057
1995,1543,5,4,8/12/2020 12:33,1597264410
1995,1509,U,2,8/13/2020 8:21,1597335665
2015,1561,5,5,8/12/2020 11:45,1597261523
2015,1533,U,1,8/13/2020 11:52,1597348371
2030,63,5,3,8/24/2021 16:23,1629850984
2035,1560,5,2,8/12/2020 13:01,1597266077
2035,48,5,1,8/13/2020 14:23,1597357432
2035,239,5,1,8/14/2020 7:51,1597420285
2035,1186,6,3,8/15/2020 15:01,1597532470
2035,61,7,1,8/15/2020 23:26,1597562798
2055,91,5,5,8/12/2020 11:56,1597262188
2055,293,6,2,8/13/2020 19:48,1597376900
2055,54,7,1,8/14/2020 12:47,1597438073
2075,1548,5,5,8/12/2020 12:20,1597263620
2090,73,5,4,8/24/2021 15:47,1629848845
2090,52,U,1,8/25/2021 13:22,1629926574
2095,325,5,6,8/12/2020 12:06,1597262818
2095,1366,5,6,8/13/2020 8:07,1597334863
2110,38,5,3,8/24/2021 15:53,1629849199
2115,221,5,6,8/12/2020 12:08,1597262904
2115,1539,U,2,8/13/2020 0:37,1597307850
2130,64,5,3,8/24/2021 16:42,1629852132
2135,1385,5,6,8/12/2020 12:09,1597262986
2135,1558,5,5,8/13/2020 12:21,1597350098
2135,63,U,1,8/14/2020 10:27,1597429652
2150,94,5,3,8/24/2021 17:04,1629853442
2155,834,5,6,8/12/2020 12:12,1597263145
2155,1518,U,2,8/13/2020 7:46,1597333578
2175,824,5,6,8/12/2020 12:13,1597263229
2175,161,6,2,8/13/2020 10:01,1597341705
2175,60,7,1,8/14/2020 6:41,1597416095
2175,53,7,1,8/14/2020 17:53,1597456437
2175,1579,G,1,8/15/2020 6:38,1597502286
2190,67,5,3,8/24/2021 17:19,1629854347
2195,852,5,2,8/12/2020 14:33,1597271587
2195,1517,4,1,8/14/2020 5:52,1597413136
2195,63,1,2,8/17/2020 9:44,1597686291
2215,1323,5,6,8/12/2020 12:16,1597263366
2215,1555,E,1,8/17/2020 18:48,1597718895
2235,1517,5,3,8/12/2020 12:52,1597265561
2235,1543,U,1,8/13/2020 18:13,1597371199
2250,59,5,3,8/25/2021 8:33,1629909183
2255,1543,5,3,8/12/2020 13:18,1597267137
2255,1028,5,6,8/14/2020 19:58,1597463937
2255,1506,4,1,8/15/2020 7:39,1597505958
2270,97,5,3,8/25/2021 22:03,1629957811
2275,1452,5,6,8/12/2020 12:33,1597264417
2295,599,5,6,8/12/2020 12:29,1597264158
2295,94,5,2,8/13/2020 0:00,1597305654
2295,85,4,4,8/13/2020 14:32,1597357940
2295,1587,S,1,8/22/2020 0:19,1598084380
2315,206,5,6,8/12/2020 12:31,1597264268
2330,1379,U,1,8/25/2021 11:09,1629918580
2335,1186,5,4,8/12/2020 13:23,1597267385
2335,114,5,2,8/14/2020 5:27,1597411625
2335,95,5,1,8/15/2020 6:15,1597500919
2335,639,5,5,8/16/2020 13:37,1597613855
2335,1541,5,6,8/17/2020 7:23,1597677831
2335,1545,E,1,8/21/2020 19:34,1598067288
2355,106,5,5,8/12/2020 12:50,1597265411
2355,1540,4,4,8/17/2020 16:10,1597709433
2355,1377,5,6,8/18/2020 0:02,1597737761
2355,1500,U,2,8/18/2020 12:17,1597781841
2375,406,5,6,8/12/2020 12:52,1597265561
2375,1416,U,2,8/13/2020 15:44,1597362294
2390,94,6,3,8/25/2021 0:18,1629879480
2390,108,7,3,8/25/2021 14:00,1629928809
2390,119,7,4,8/26/2021 22:05,1630044310
2390,103,6,3,8/28/2021 1:25,1630142734
2390,310,6,3,8/29/2021 6:18,1630246690
2395,1091,5,5,8/12/2020 13:17,1597267027
2395,101,U,1,8/14/2020 3:55,1597406146
2415,90,5,5,8/17/2020 13:48,1597700899
2415,170,4,2,8/24/2020 17:03,1598317422
2415,1530,S,2,8/30/2020 6:58,1598799496
2435,876,5,6,8/17/2020 13:58,1597701512
2435,1546,5,5,8/18/2020 13:18,1597785498
2455,424,5,6,8/17/2020 14:07,1597702061
2455,141,6,2,8/18/2020 18:52,1597805573
2455,872,7,2,8/19/2020 2:33,1597833238
2475,1554,5,3,8/17/2020 15:31,1597707079
2475,694,5,6,8/18/2020 5:08,1597756138
2495,1104,5,6,8/17/2020 14:10,1597702253
2495,1534,U,2,8/19/2020 7:05,1597849520
2515,1540,5,6,8/17/2020 14:24,1597703062
2515,1595,U,2,8/18/2020 20:50,1597812607
2535,1573,5,5,8/17/2020 14:20,1597702842
2535,141,6,2,8/18/2020 14:27,1597789626
2535,65,7,1,8/19/2020 8:03,1597852989
2555,1241,5,6,8/17/2020 14:17,1597702666
2555,1433,U,1,8/19/2020 16:33,1597883593
2575,331,5,6,8/17/2020 14:30,1597703437
2575,511,U,1,8/18/2020 9:14,1597770871
2595,90,5,5,8/17/2020 14:27,1597703226
2615,1564,5,5,8/17/2020 15:25,1597706712
2615,1553,U,1,8/19/2020 10:01,1597860082
2635,1588,5,6,8/17/2020 21:01,1597726883
2635,286,5,6,8/22/2020 4:44,1598100277
2635,526,6,1,8/23/2020 3:09,1598180965
2655,1260,5,6,8/17/2020 14:35,1597703704
2675,1216,5,6,8/17/2020 15:03,1597705385
2675,198,4,1,8/26/2020 10:27,1598466420
2695,455,5,6,8/17/2020 14:59,1597705146
2695,1516,U,2,8/18/2020 18:15,1597803302
2695,13,5,6,8/25/2020 22:12,1598422371
2715,502,5,6,8/17/2020 15:05,1597705558
2715,1468,U,2,8/18/2020 13:04,1597784673
2735,335,5,6,8/17/2020 15:05,1597705535
2735,1542,U,2,8/18/2020 9:41,1597772505
2755,385,5,5,8/17/2020 15:20,1597706414
2775,1028,5,6,8/17/2020 15:24,1597706698
2775,1000,U,1,8/27/2020 21:31,1598592691
2795,1515,5,4,8/17/2020 15:54,1597708449
2795,1495,U,2,8/18/2020 8:24,1597767887
2815,246,5,6,8/17/2020 15:35,1597707328
2815,1520,U,2,8/18/2020 6:44,1597761852
2835,553,5,6,8/18/2020 11:19,1597778383
2835,1308,6,1,8/19/2020 16:36,1597883818
2835,130,7,1,8/20/2020 0:51,1597913500
2855,1491,5,6,8/18/2020 14:00,1597788046
2855,1552,U,2,8/19/2020 15:24,1597879489
2875,346,5,6,8/18/2020 11:28,1597778895
2895,1039,5,6,8/18/2020 11:28,1597778907
2895,792,6,2,8/19/2020 14:54,1597877652
2895,394,7,1,8/19/2020 21:37,1597901858
2915,1495,5,2,8/18/2020 11:54,1597780441
2915,1552,5,5,8/20/2020 7:19,1597936778
2915,1534,4,2,8/20/2020 12:27,1597955258
2915,190,3,6,8/21/2020 1:17,1598001476
2915,836,4,2,8/23/2020 12:41,1598215273
2915,631,5,5,8/23/2020 20:28,1598243326
2915,1555,U,2,8/24/2020 12:58,1598302731
2935,1572,5,3,8/18/2020 11:44,1597779876
2935,1557,U,2,8/18/2020 22:54,1597820045
2955,1569,5,5,8/18/2020 11:45,1597779949
2955,94,5,5,8/18/2020 22:47,1597819633
2955,1180,U,1,8/19/2020 14:55,1597877759
2975,1542,5,3,8/18/2020 13:11,1597785096
2975,98,5,5,8/22/2020 14:52,1598136753
2975,1562,U,2,8/22/2020 20:46,1598157978
2995,1177,5,6,8/18/2020 11:37,1597779450
2995,1478,E,1,8/21/2020 20:47,1598071663
3015,624,5,6,8/18/2020 12:18,1597781925
3035,1571,5,5,8/18/2020 12:19,1597781999
3055,1334,5,5,8/18/2020 12:12,1597781564
3075,1556,5,4,8/18/2020 12:31,1597782660
3075,1545,U,2,8/19/2020 21:00,1597899601
3095,932,5,6,8/18/2020 12:04,1597781064
3115,1522,5,6,8/18/2020 12:06,1597781186
3115,729,5,6,8/19/2020 6:48,1597848527
3115,1548,E,1,8/22/2020 21:44,1598161444
3135,1561,5,5,8/18/2020 12:29,1597782596
3135,45,5,1,9/1/2020 22:07,1599026859
3135,79,5,2,9/2/2020 18:41,1599100862
3155,1537,5,3,8/18/2020 13:43,1597786991
3155,85,5,5,8/20/2020 3:26,1597922788
3175,535,5,6,8/18/2020 12:20,1597782058
3175,1548,U,2,8/19/2020 18:21,1597890070
3195,1559,5,3,8/18/2020 12:56,1597784176
3195,85,5,5,8/19/2020 0:43,1597826584
3195,128,5,5,8/19/2020 18:03,1597889004
3195,86,5,5,8/21/2020 2:56,1598007418
3195,89,5,5,8/22/2020 3:23,1598095437
3215,1578,5,2,8/24/2020 20:04,1598328285
3215,1574,5,5,8/25/2020 11:19,1598383163
3215,1551,U,1,8/25/2020 21:12,1598418742
3235,988,5,5,8/24/2020 11:17,1598296667
3255,1549,5,5,8/24/2020 11:45,1598298319
3275,1583,5,5,8/24/2020 11:38,1598297906
3295,1569,5,5,8/24/2020 11:55,1598298901
3315,814,5,6,8/24/2020 11:30,1598297414
3315,76,5,2,9/2/2020 21:53,1599112403
3315,78,5,2,9/3/2020 20:44,1599194648
3335,78,5,5,8/24/2020 12:28,1598300926
3335,1553,U,2,8/24/2020 22:51,1598338274
3355,1047,5,4,8/24/2020 21:43,1598334218
3355,664,5,5,8/28/2020 16:03,1598659438
3375,617,5,6,8/24/2020 13:24,1598304252
3375,946,5,5,8/25/2020 9:36,1598377012
3375,189,6,2,8/25/2020 21:47,1598420871
3375,328,5,5,8/26/2020 5:33,1598448812
3375,534,4,1,8/27/2020 9:30,1598549424
3375,147,6,2,8/28/2020 8:05,1598630724
3375,124,7,6,8/28/2020 12:37,1598647070
3395,86,5,5,8/24/2020 13:38,1598305138
3395,1535,U,2,8/24/2020 22:15,1598336115
3415,882,5,6,8/24/2020 14:45,1598309109
3415,45,5,1,8/30/2020 15:51,1598831486
3415,46,5,1,8/31/2020 1:25,1598865905
3415,33,5,1,9/1/2020 5:12,1598965956
3415,50,5,1,9/1/2020 23:21,1599031273
3415,90,5,2,9/3/2020 17:20,1599182423
3435,1166,5,6,8/24/2020 14:43,1598309012
3435,1412,5,3,8/25/2020 18:58,1598410690
3455,1409,5,6,8/25/2020 21:06,1598418393
3475,359,5,6,8/24/2020 14:44,1598309052
3475,1545,U,2,8/25/2020 19:30,1598412607
3495,705,5,6,8/24/2020 14:48,1598309302
3495,1514,U,2,8/25/2020 12:05,1598385914
3515,844,5,1,8/24/2020 16:29,1598315379
3515,89,5,5,8/25/2020 10:39,1598380781
3515,1548,U,2,8/25/2020 18:56,1598410582
3535,402,5,6,8/25/2020 14:02,1598392937
3535,1557,U,2,8/26/2020 10:30,1598466644
3555,1045,5,6,8/25/2020 15:29,1598398186
3555,1289,5,6,8/26/2020 23:05,1598511959
3575,1532,5,6,8/26/2020 8:53,1598460837
3575,948,4,1,8/27/2020 2:22,1598523755
3595,1302,5,6,8/25/2020 14:13,1598393582
3595,1548,U,2,8/25/2020 22:59,1598425190
3615,365,5,6,8/25/2020 14:25,1598394304
3615,1548,U,2,8/26/2020 22:05,1598508339
3635,1550,5,3,8/25/2020 18:55,1598410545
3635,1552,U,2,8/26/2020 17:19,1598491189
3655,90,5,6,8/25/2020 15:03,1598396635
3655,801,5,2,8/26/2020 11:18,1598469518
3655,1514,U,2,8/26/2020 21:05,1598504749
3675,1518,5,6,8/25/2020 14:52,1598395964
3675,96,5,1,9/3/2020 13:04,1599167067
3695,1540,5,2,8/25/2020 17:32,1598405577
3695,636,5,6,8/26/2020 7:03,1598454189
3695,1561,U,2,8/26/2020 16:19,1598487597
3715,1161,5,6,8/25/2020 15:43,1598399028
3715,1534,E,1,9/3/2020 22:51,1599202271
3735,1445,5,6,8/25/2020 15:46,1598399213
3755,1376,5,6,8/25/2020 16:01,1598400087
3755,101,5,5,8/27/2020 7:52,1598543556
3775,1477,5,6,8/25/2020 16:02,1598400131
3775,55,4,2,8/26/2020 9:19,1598462365
3775,1524,5,1,8/28/2020 10:50,1598640618
3775,1257,5,6,8/29/2020 22:16,1598768161
3795,1568,5,4,8/25/2020 17:23,1598404987
3795,1523,U,2,8/27/2020 9:13,1598548395
3815,519,5,6,8/25/2020 16:19,1598401178
3835,1521,5,5,8/25/2020 16:26,1598401564
3855,1537,5,5,8/25/2020 16:34,1598402089
3855,1549,U,2,8/26/2020 14:55,1598482551
3875,1486,5,6,8/25/2020 16:26,1598401593
3875,194,5,6,8/26/2020 8:18,1598458699
3895,1549,5,6,8/25/2020 16:39,1598402374
3895,46,5,1,8/26/2020 11:40,1598470822
3895,1529,U,2,8/27/2020 9:11,1598548295
3915,1546,5,6,8/25/2020 16:25,1598401553
3915,1541,U,2,8/26/2020 18:02,1598493720
3935,404,5,5,8/25/2020 16:42,1598402539
3935,1543,U,2,8/26/2020 10:43,1598467396
3955,1202,5,5,8/25/2020 16:46,1598402772
3975,1639,5,6,8/25/2020 16:41,1598402509
3975,628,5,6,8/26/2020 14:33,1598481187
3975,1554,U,2,8/26/2020 22:29,1598509786
3995,1518,5,6,8/25/2020 16:43,1598402611
3995,354,6,2,8/26/2020 12:15,1598472917
3995,1556,7,5,8/26/2020 17:55,1598493348
4015,801,4,6,8/1/2020 15:58,1596326306
4015,56,4,6,8/2/2020 21:55,1596434142
4015,92,5,5,8/3/2020 13:42,1596490921
4015,1515,U,2,8/5/2020 19:03,1596682985
4035,148,4,1,8/3/2020 5:00,1596459648
4035,1533,5,2,8/3/2020 16:37,1596501440
4035,1563,U,2,8/4/2020 7:09,1596553759
4055,1539,T,2,8/2/2020 3:18,1596367122
4075,1545,S,1,8/5/2020 2:17,1596622678
4110,81,4,3,8/3/2021 10:57,1628017077
4110,1459,5,1,8/3/2021 18:27,1628044051
4115,1555,4,1,8/1/2020 16:08,1596326912
4115,1410,5,4,8/1/2020 22:18,1596349116
4130,88,4,3,8/3/2021 9:01,1628010090
4130,262,5,1,8/3/2021 15:24,1628033088
4135,1524,E,2,8/10/2020 18:58,1597114712
4135,1545,E,1,8/11/2020 19:35,1597203337
4135,115,5,5,8/12/2020 17:05,1597280747
4135,1558,U,1,8/13/2020 14:22,1597357353
4150,111,4,3,8/3/2021 18:38,1628044706
4155,1505,4,6,8/2/2020 15:52,1596412328
4155,103,5,5,8/5/2020 16:14,1596672847
4155,1539,U,2,8/6/2020 9:14,1596734093
4175,568,4,6,8/11/2020 18:14,1597198463
4175,77,5,2,8/15/2020 10:32,1597516347
4175,74,6,5,8/16/2020 23:19,1597648748
4175,871,7,3,8/17/2020 14:43,1597704212
4190,131,4,3,8/3/2021 22:01,1628056895
4190,1533,T,2,8/5/2021 14:32,1628202768
4195,1380,4,3,8/9/2020 0:57,1596963455
4195,1521,5,6,8/13/2020 16:36,1597365363
4215,1531,S,1,8/11/2020 10:39,1597171150
4235,949,3,1,8/8/2020 9:00,1596906046
4235,545,2,1,8/9/2020 8:10,1596989419
4235,211,3,6,8/9/2020 17:18,1597022319
4235,1426,4,1,8/10/2020 11:56,1597089375
4235,77,5,2,8/10/2020 18:38,1597113491
4235,153,6,2,8/11/2020 8:06,1597161996
4235,840,7,1,8/11/2020 16:23,1597191786
4250,94,4,3,8/4/2021 3:46,1628077614
4250,650,5,1,8/4/2021 14:56,1628117792
4250,1528,U,1,8/5/2021 9:52,1628185949
4255,147,6,2,8/7/2020 17:31,1596850272
4255,1541,7,2,8/8/2020 8:16,1596903419
4255,1585,U,1,8/12/2020 18:09,1597284567
4270,55,5,3,8/5/2021 22:48,1628232520
4270,1267,U,1,8/6/2021 15:33,1628292784
4275,1551,5,5,8/7/2020 10:33,1596825222
4275,1549,U,2,8/7/2020 23:28,1596871725
4290,203,4,3,8/3/2021 16:48,1628038127
4295,631,4,5,8/8/2020 3:19,1596885582
4295,1406,5,6,8/8/2020 14:18,1596925133
4295,1538,U,1,8/8/2020 20:38,1596947889
4315,1190,4,1,8/7/2020 19:55,1596858901
4315,1555,U,1,8/8/2020 12:44,1596919469
4330,1549,4,3,8/4/2021 6:57,1628089025
4330,86,4,3,8/18/2021 11:44,1629315898
4330,1503,S,2,8/19/2021 16:45,1629420357
4335,1385,3,6,8/7/2020 19:27,1596857271
4335,1494,4,3,8/9/2020 7:06,1596985571
4335,1565,5,2,8/9/2020 17:37,1597023465
4335,1548,U,2,8/10/2020 6:09,1597068574
4350,43,4,6,8/4/2021 7:09,1628089793
4350,1541,S,1,8/5/2021 14:04,1628201053
4350,1501,S,2,8/16/2021 19:03,1629169404
4350,1499,3,2,8/17/2021 21:02,1629262925
4350,154,3,2,8/18/2021 6:33,1629297197
4355,122,3,1,8/8/2020 8:48,1596905319
4355,833,4,4,8/9/2020 18:42,1597027362
4355,462,6,2,8/10/2020 14:13,1597097631
4355,201,7,1,8/10/2020 21:59,1597125578
4370,88,4,3,8/4/2021 7:17,1628090271
4375,1531,4,4,8/9/2020 18:39,1597027153
4375,628,5,6,8/10/2020 7:37,1597073845
4375,1551,U,2,8/10/2020 23:35,1597131334
4395,1207,4,2,8/8/2020 9:14,1596906866
4395,100,5,5,8/8/2020 22:39,1596955184
4415,1418,4,1,8/10/2020 2:01,1597053675
4415,1547,E,1,8/16/2020 6:34,1597588490
4435,878,4,6,8/9/2020 7:50,1596988207
4435,1128,5,6,8/12/2020 11:03,1597258988
4435,1532,U,2,8/12/2020 20:01,1597291306
4450,109,4,3,8/8/2021 17:21,1628472089
4455,1462,4,1,8/8/2020 16:31,1596933060
4470,21,4,2,8/10/2021 18:09,1628647788
4470,63,5,1,8/11/2021 4:21,1628684506
4470,1488,U,1,8/11/2021 20:54,1628744068
4475,795,4,3,8/9/2020 16:27,1597019258
4475,660,5,6,8/9/2020 21:50,1597038638
4475,1561,U,2,8/10/2020 11:11,1597086698
4490,78,4,3,8/9/2021 15:04,1628550294
4495,650,4,3,8/7/2020 23:13,1596870836
4495,1547,E,1,8/11/2020 0:44,1597135458
4510,1527,S,1,8/10/2021 16:25,1628641528
4515,1248,4,1,8/10/2020 17:05,1597107956
4515,1142,5,6,8/10/2020 23:35,1597131346
4515,1433,U,1,8/11/2020 14:49,1597186197
4530,1545,T,1,8/10/2021 13:34,1628631286
4535,1340,4,1,8/12/2020 11:07,1597259235
4535,300,5,6,8/12/2020 21:14,1597295686
4535,622,5,6,8/13/2020 9:16,1597338961
4535,1628,U,1,8/15/2020 8:29,1597508966
4550,681,4,2,8/10/2021 19:14,1628651681
4550,534,5,2,8/11/2021 6:32,1628692338
4550,1295,U,1,8/12/2021 22:47,1628837231
4555,1540,S,1,8/14/2020 6:54,1597416860
4555,1550,S,1,8/25/2020 1:29,1598347758
4555,1554,4,1,8/25/2020 17:35,1598405750
4555,1487,5,6,8/26/2020 12:31,1598473889
4555,1523,U,2,8/26/2020 20:17,1598501858
4570,170,3,2,8/10/2021 23:44,1628667865
4570,80,4,3,8/12/2021 22:08,1628834899
4570,350,5,4,8/14/2021 7:48,1628956120
4570,64,5,1,8/14/2021 20:09,1629000561
4575,1455,4,2,8/12/2020 12:43,1597264992
4575,1499,5,6,8/12/2020 18:33,1597286016
4575,1301,5,5,8/13/2020 8:35,1597336525
4575,1549,U,2,8/13/2020 22:46,1597387600
4590,431,S,1,8/16/2021 10:36,1629138961
4595,1067,4,2,8/13/2020 5:23,1597324989
4595,790,U,1,8/14/2020 14:26,1597444002
4610,1553,S,1,8/15/2021 15:24,1629069855
4615,260,4,1,8/10/2020 12:23,1597091005
4615,90,5,5,8/12/2020 8:43,1597250633
4615,1556,U,2,8/13/2020 6:51,1597330302
4630,61,1,5,8/12/2021 15:54,1628812447
4635,84,4,1,8/10/2020 12:39,1597091961
4635,53,4,6,8/11/2020 8:11,1597162297
4635,1539,S,2,8/12/2020 15:37,1597275442
4650,1534,S,1,8/15/2021 19:13,1629083587
4655,182,4,1,8/10/2020 14:06,1597097173
4655,56,4,6,8/11/2020 22:01,1597212100
4655,1376,4,6,8/12/2020 23:14,1597302890
4655,146,5,6,8/13/2020 6:30,1597329026
4655,1549,U,2,8/13/2020 13:58,1597355919
4670,46,3,5,8/11/2021 10:21,1628706109
4670,124,4,3,8/14/2021 2:19,1628936371
4675,1583,4,1,8/10/2020 12:48,1597092510
4675,1547,4,1,8/13/2020 20:01,1597377696
4675,1555,E,1,8/17/2020 22:01,1597730478
4690,527,3,2,8/12/2021 0:20,1628756444
4690,356,3,2,8/12/2021 9:45,1628790359
4690,1503,2,1,8/14/2021 4:23,1628943810
4695,361,4,1,8/10/2020 23:19,1597130399
4710,77,4,3,8/12/2021 13:06,1628802381
4710,1519,U,1,8/15/2021 8:44,1629045867
4715,60,4,4,8/11/2020 3:54,1597146855
4715,50,4,6,8/11/2020 15:48,1597189716
4715,1574,5,5,8/12/2020 10:40,1597257615
4735,1403,4,1,8/12/2020 9:52,1597254742
4735,1543,E,1,8/12/2020 23:07,1597302455
4750,528,3,2,8/11/2021 9:09,1628701775
4750,48,3,5,8/13/2021 22:57,1628924255
4750,902,S,1,8/15/2021 23:07,1629097640
4755,978,4,1,8/11/2020 16:21,1597191712
4755,1246,5,6,8/11/2020 23:14,1597216453
4755,1462,U,2,8/12/2020 10:11,1597255861
4770,87,4,3,8/19/2021 17:17,1629422259
4775,1081,4,3,8/12/2020 11:20,1597260052
4775,1545,E,1,8/12/2020 22:40,1597300823
4795,1481,4,2,8/10/2020 20:07,1597118875
4795,962,5,6,8/11/2020 8:12,1597162355
4795,1555,U,2,8/11/2020 20:36,1597207000
4810,1447,S,1,8/21/2021 8:15,1629562541
4815,1538,4,2,8/12/2020 11:56,1597262160
4815,1473,5,6,8/12/2020 18:41,1597286502
4815,1552,U,1,8/13/2020 2:13,1597313614
4830,1443,4,3,8/17/2021 20:26,1629260775
4850,133,4,3,8/19/2021 19:39,1629430772
4850,920,5,1,8/20/2021 12:27,1629491234
4850,1381,U,1,8/22/2021 14:54,1629672869
4855,1510,4,1,8/10/2020 17:50,1597110604
4855,929,5,6,8/11/2020 0:21,1597134085
4855,300,6,2,8/11/2020 20:10,1597205415
4855,107,G,1,8/12/2020 9:04,1597251849
4875,928,4,4,8/10/2020 19:15,1597115700
4875,454,5,6,8/11/2020 10:55,1597172145
4875,1351,U,2,8/11/2020 18:44,1597200255
4895,84,4,4,8/12/2020 5:41,1597239682
4895,1379,5,6,8/12/2020 16:34,1597278873
4895,1453,U,2,8/13/2020 0:07,1597306059
4910,122,4,3,8/23/2021 19:17,1629775073
4910,66,5,3,8/24/2021 22:22,1629872558
4910,65,5,3,8/25/2021 8:24,1629908650
4915,1522,4,3,8/11/2020 19:15,1597202106
4935,1497,4,4,8/14/2020 12:33,1597437191
4935,1201,5,6,8/14/2020 22:59,1597474796
4955,1435,4,5,8/11/2020 14:00,1597183247
4955,1572,5,5,8/16/2020 11:37,1597606636
4955,1551,U,2,8/18/2020 9:24,1597771482
4970,89,4,3,8/23/2021 16:28,1629764930
4975,1155,4,1,8/13/2020 18:29,1597372181
4990,88,4,3,8/23/2021 14:00,1629756003
4995,400,4,6,8/14/2020 14:38,1597444729
4995,1544,E,1,8/16/2020 16:03,1597622604
4995,1537,E,1,8/17/2020 12:12,1597695153
4995,555,5,6,8/17/2020 23:30,1597735813
4995,1549,U,2,8/18/2020 12:18,1597781938
5010,108,4,3,8/24/2021 22:38,1629873495
5015,1210,4,1,8/11/2020 18:01,1597197682
5030,98,4,3,8/23/2021 15:51,1629762666
5030,469,5,1,8/24/2021 1:37,1629797830
5030,1082,U,1,8/24/2021 16:59,1629853171
5035,1540,4,1,8/13/2020 20:09,1597378175
5035,88,5,5,8/14/2020 10:00,1597428035
5035,1548,U,2,8/14/2020 16:54,1597452845
5055,89,3,1,8/13/2020 15:24,1597361071
5055,89,2,6,8/13/2020 21:44,1597383845
5055,1551,I,2,8/15/2020 11:22,1597519379
5070,266,4,2,8/24/2021 20:24,1629865452
5075,82,4,4,8/13/2020 15:41,1597362084
5075,369,5,6,8/13/2020 21:18,1597382292
5075,1433,U,2,8/14/2020 11:42,1597434154
5095,1429,4,5,8/11/2020 18:41,1597200083
5095,1030,5,6,8/12/2020 20:34,1597293257
5095,144,6,2,8/14/2020 9:13,1597425227
5095,1497,7,1,8/14/2020 15:36,1597448160
5110,239,4,3,8/24/2021 9:02,1629824562
5110,144,7,3,8/25/2021 13:07,1629925667
5115,1151,4,2,8/13/2020 17:32,1597368762
5115,207,5,6,8/16/2020 11:54,1597607644
5130,95,4,3,8/24/2021 15:47,1629848846
5130,65,5,3,8/24/2021 22:14,1629872040
5135,1509,4,1,8/13/2020 11:06,1597345570
5135,1519,5,6,8/13/2020 16:24,1597364674
5150,18,1,2,8/26/2021 1:36,1629970587
5170,93,4,3,8/23/2021 15:08,1629760126
5170,69,5,3,8/24/2021 18:03,1629857008
5170,64,5,3,8/25/2021 12:04,1629921877
5175,1526,4,1,8/12/2020 20:49,1597294194
5175,213,5,6,8/13/2020 8:36,1597336595
5175,1136,U,1,8/13/2020 16:10,1597363805
5190,135,4,3,8/23/2021 20:25,1629779147
5195,1535,4,1,8/11/2020 19:49,1597204161
5195,224,5,6,8/12/2020 9:06,1597252008
5195,1242,7,1,8/14/2020 15:46,1597448803
5195,86,G,1,8/15/2020 11:28,1597519691
5210,132,4,3,8/23/2021 15:01,1629759710
5210,102,6,3,8/24/2021 20:25,1629865508
5210,100,7,3,8/25/2021 10:06,1629914773
5215,337,4,6,8/11/2020 20:28,1597206504
5215,552,5,6,8/12/2020 14:30,1597271405
5215,1551,U,2,8/12/2020 21:51,1597297898
5230,87,4,3,8/24/2021 9:21,1629825715
5230,63,5,3,8/25/2021 18:18,1629944320
5235,563,4,2,8/12/2020 8:06,1597248396
5235,95,5,5,8/12/2020 15:14,1597274086
5235,1515,U,1,8/13/2020 8:08,1597334921
5255,1275,4,6,8/11/2020 22:59,1597215571
5255,437,5,6,8/12/2020 11:26,1597260390
5270,90,4,3,8/23/2021 16:41,1629765708
5270,1437,U,1,8/25/2021 13:20,1629926438
5275,1543,S,2,8/14/2020 16:29,1597451399
5275,1531,S,2,8/22/2020 8:03,1598112206
5275,1542,T,2,8/23/2020 20:26,1598243219
5290,95,4,3,8/23/2021 21:48,1629784115
5295,1544,4,3,8/12/2020 10:58,1597258685
5295,1540,E,2,8/18/2020 12:24,1597782240
5310,91,4,3,8/24/2021 9:25,1629825951
5310,66,5,3,8/24/2021 17:12,1629853939
5310,50,U,1,8/25/2021 3:13,1629889988
5315,1456,4,1,8/13/2020 3:05,1597316747
5315,126,5,5,8/13/2020 11:16,1597346173
5330,109,4,3,8/23/2021 23:06,1629788797
5335,1028,4,1,8/13/2020 11:34,1597347282
5335,91,5,5,8/13/2020 17:36,1597369015
5335,92,5,5,8/14/2020 2:40,1597401642
5350,85,4,3,8/25/2021 18:02,1629943366
5350,90,4,3,8/26/2021 22:37,1630046238
5355,1544,4,1,8/13/2020 7:08,1597331332
5355,66,3,1,8/14/2020 6:59,1597417165
5370,1424,4,3,8/24/2021 11:58,1629835097
5375,1519,T,2,8/17/2020 0:39,1597653581
5390,82,4,3,8/24/2021 13:20,1629840014
5395,1044,4,2,8/13/2020 20:28,1597379338
5410,627,4,2,8/23/2021 20:51,1629780667
5410,66,5,3,8/24/2021 15:06,1629846412
5415,401,4,1,8/12/2020 8:03,1597248238
5415,370,5,5,8/12/2020 16:49,1597279799
5415,183,6,2,8/13/2020 3:51,1597319506
5415,55,7,1,8/13/2020 14:40,1597358404
5430,88,4,3,8/24/2021 10:19,1629829191
5435,1231,4,2,8/12/2020 11:40,1597261224
5435,1523,5,6,8/13/2020 7:42,1597333349
5435,1407,5,6,8/14/2020 19:58,1597463928
5435,870,4,6,8/15/2020 12:44,1597524250
5450,569,4,3,8/24/2021 14:51,1629845494
5470,89,4,3,8/23/2021 17:55,1629770140
5470,67,5,3,8/24/2021 8:10,1629821424
5470,96,U,1,8/24/2021 19:53,1629863606
5475,221,4,1,8/13/2020 10:02,1597341737
5475,1414,5,6,8/13/2020 16:40,1597365657
5475,142,6,2,8/14/2020 12:09,1597435745
5475,1550,7,1,8/14/2020 19:57,1597463823
5490,263,4,4,8/23/2021 22:51,1629787905
5495,1346,4,2,8/12/2020 17:53,1597283607
5495,1533,4,1,8/14/2020 8:25,1597422359
5495,719,5,6,8/14/2020 14:58,1597445894
5495,424,6,1,8/15/2020 0:55,1597481736
5495,62,7,1,8/15/2020 15:17,1597533471
5510,496,4,4,8/24/2021 10:04,1629828270
5510,64,5,3,8/24/2021 17:22,1629854571
5515,645,4,1,8/13/2020 16:18,1597364310
5515,559,5,6,8/13/2020 22:49,1597387782
5515,1555,U,2,8/14/2020 15:07,1597446469
5530,1507,4,2,8/23/2021 18:39,1629772742
5535,1132,4,2,8/14/2020 20:06,1597464398
5535,1365,U,2,8/15/2020 18:16,1597544175
5555,255,4,1,8/12/2020 15:31,1597275070
5555,136,5,6,8/13/2020 14:20,1597357252
5555,1554,U,2,8/13/2020 20:54,1597380869
5575,1085,4,1,8/13/2020 18:01,1597370498
5575,102,5,5,8/14/2020 9:00,1597424425
5575,1550,U,2,8/14/2020 21:04,1597467896
5595,475,4,1,8/13/2020 19:06,1597374415
5595,210,5,6,8/14/2020 12:56,1597438587
5615,1548,S,1,8/15/2020 23:08,1597561714
5655,1201,4,1,8/12/2020 20:34,1597293247
5655,118,5,6,8/13/2020 10:11,1597342312
5655,187,6,2,8/13/2020 20:11,1597378311
5655,1780,G,1,8/15/2020 15:31,1597534313
5675,86,5,5,8/20/2020 10:01,1597946485
5675,1257,6,1,8/20/2020 22:02,1597989779
5675,260,7,1,8/21/2020 14:13,1598047980
5695,431,4,1,8/12/2020 22:19,1597299554
5695,1470,4,1,8/14/2020 0:59,1597395566
5715,128,4,4,8/13/2020 8:39,1597336788
5715,934,5,6,8/13/2020 17:06,1597367188
5715,140,6,2,8/14/2020 20:26,1597465600
5715,454,G,1,8/16/2020 6:15,1597587318
5715,63,7,1,8/16/2020 18:50,1597632617
5735,1533,4,1,8/12/2020 19:53,1597290820
5735,144,5,6,8/13/2020 4:34,1597322042
5755,1549,S,1,8/19/2020 19:18,1597893512
5775,1439,4,1,8/13/2020 17:01,1597366873
5795,1356,4,1,8/12/2020 23:11,1597302717
5795,586,5,6,8/13/2020 12:33,1597350795
5795,1544,U,2,8/13/2020 20:43,1597380187
5815,1211,4,1,8/12/2020 21:07,1597295249
5815,93,5,5,8/13/2020 12:21,1597350079
5815,1559,U,2,8/13/2020 20:09,1597378158
5835,68,3,1,8/14/2020 7:40,1597419620
5835,1228,2,3,8/14/2020 16:00,1597449652
5835,1571,N,2,8/17/2020 7:02,1597676548
5855,1061,4,1,8/14/2020 13:49,1597441760
5855,1364,5,6,8/14/2020 20:06,1597464398
5855,140,6,2,8/15/2020 13:24,1597526660
5855,1551,7,1,8/15/2020 20:57,1597553871
5855,1423,4,2,8/27/2020 10:53,1598554396
5875,1463,4,1,8/12/2020 20:24,1597292691
5875,503,5,5,8/13/2020 13:18,1597353513
5875,8,6,1,8/14/2020 19:22,1597461773
5875,54,7,1,8/15/2020 10:03,1597514599
5895,207,4,1,8/14/2020 13:24,1597440299
5895,1448,5,6,8/14/2020 18:55,1597460145
5915,145,4,4,8/12/2020 18:18,1597285093
5915,1540,4,1,8/14/2020 23:38,1597477108
5915,96,5,5,8/15/2020 8:11,1597507864
5915,1559,U,2,8/15/2020 14:46,1597531574
5935,1266,4,1,8/12/2020 18:00,1597284027
5955,1499,4,1,8/12/2020 17:10,1597281048
5955,189,5,6,8/13/2020 6:56,1597330617
5955,1540,U,1,8/13/2020 15:29,1597361397
5975,113,4,4,8/12/2020 19:08,1597288116
5995,202,4,1,8/12/2020 17:59,1597283950
5995,404,5,6,8/13/2020 11:54,1597348450
5995,149,6,2,8/14/2020 3:44,1597405463
5995,59,7,1,8/14/2020 14:11,1597443067
6015,1543,S,1,8/15/2020 10:55,1597517723
6055,1389,4,1,8/12/2020 20:27,1597292865
6055,463,5,6,8/13/2020 11:02,1597345339
6055,1486,U,2,8/13/2020 18:36,1597372574
6075,1529,S,2,8/16/2020 8:48,1597596501
6095,111,4,3,8/13/2020 8:01,1597334483
6095,536,5,6,8/13/2020 14:58,1597359483
6095,1550,U,2,8/14/2020 6:50,1597416644
6115,1239,4,5,8/12/2020 19:40,1597290024
6115,452,5,6,8/13/2020 10:01,1597341709
6115,1535,U,2,8/13/2020 18:11,1597371094
6135,1390,4,6,8/12/2020 20:26,1597292804
6135,1595,E,1,8/17/2020 21:45,1597729517
6155,1540,4,1,8/13/2020 8:07,1597334854
6175,871,4,1,8/14/2020 8:53,1597423999
6175,555,5,6,8/22/2020 14:48,1598136519
6235,639,4,1,8/15/2020 12:01,1597521677
6255,108,4,4,8/16/2020 9:39,1597599590
6275,1545,S,1,8/16/2020 6:21,1597587714
6295,1371,4,1,8/14/2020 23:41,1597477302
6295,96,5,5,8/15/2020 16:52,1597539167
6315,1545,S,1,8/15/2020 13:51,1597528280
6335,370,4,1,8/13/2020 19:40,1597376447
6335,98,5,5,8/14/2020 8:39,1597423170
6335,353,5,6,8/15/2020 2:10,1597486230
6335,123,6,2,8/15/2020 18:04,1597543452
6335,447,6,2,8/16/2020 5:12,1597583555
6335,67,7,1,8/16/2020 9:35,1597599335
6355,1313,4,1,8/14/2020 8:01,1597420868
6375,62,3,1,8/14/2020 14:48,1597445321
6375,74,2,6,8/14/2020 20:38,1597466311
6375,1534,N,2,8/15/2020 8:33,1597509213
6395,1343,T,2,8/15/2020 7:59,1597507165
6415,63,3,3,8/19/2020 21:43,1597902198
6415,319,2,1,8/20/2020 12:48,1597956501
6415,63,3,3,8/20/2020 21:00,1597986011
6415,718,4,1,8/21/2020 20:13,1598069637
6415,166,5,6,8/22/2020 11:50,1598125857
6415,143,6,2,8/22/2020 22:11,1598163111
6415,1554,7,1,8/23/2020 11:48,1598212130
6475,1614,S,1,8/22/2020 5:27,1598102858
6515,747,4,1,8/17/2020 21:27,1597728425
6535,1544,S,2,8/21/2020 1:22,1598001759
6555,1747,S,1,8/22/2020 7:15,1598109340
6575,774,4,2,8/18/2020 18:14,1597803273
6575,1035,5,6,8/19/2020 3:47,1597837678
6575,1546,U,2,8/20/2020 17:17,1597972669
6595,1549,S,1,8/21/2020 20:41,1598071272
6615,464,3,3,8/19/2020 2:21,1597832519
6615,284,4,1,8/19/2020 17:16,1597886219
6635,1576,6,4,8/20/2020 2:08,1597918099
6635,1300,7,2,8/20/2020 12:16,1597954575
6655,1554,T,1,8/19/2020 12:05,1597867518
6675,1588,S,1,8/18/2020 21:52,1597816356
6695,1546,S,1,8/19/2020 8:09,1597853367
6715,1536,S,2,8/21/2020 15:51,1598053867
6755,1469,4,1,8/19/2020 10:16,1597861004
6755,84,5,5,8/20/2020 15:06,1597964812
6755,1562,U,2,8/20/2020 21:35,1597988145
6775,1358,3,3,8/20/2020 7:02,1597935736
6775,345,3,3,8/22/2020 19:35,1598153750
6795,1462,4,1,8/19/2020 3:01,1597834862
6795,1548,E,1,8/20/2020 5:40,1597930839
6815,1535,4,2,8/19/2020 21:03,1597899814
6815,85,5,5,8/20/2020 18:11,1597975913
6815,1562,U,2,8/21/2020 17:42,1598060533
6835,1526,4,1,8/23/2020 12:18,1598213926
6835,55,5,6,8/23/2020 21:44,1598247885
6835,87,5,5,8/24/2020 15:17,1598311069
6835,1217,5,5,8/25/2020 9:44,1598377492
6835,999,4,2,8/27/2020 9:39,1598549980
6835,85,5,5,8/27/2020 13:40,1598564458
6835,1318,5,6,8/28/2020 16:58,1598662715
6835,888,6,2,8/29/2020 14:44,1598741089
6875,1672,S,1,8/23/2020 23:23,1598253811
6895,1501,T,2,8/23/2020 3:43,1598182986
6895,1529,S,2,8/24/2020 20:00,1598328024
6935,1545,S,2,8/22/2020 10:05,1598119532
6955,104,4,1,8/21/2020 17:27,1598059635
6955,203,5,6,8/22/2020 11:24,1598124276
6955,1538,U,1,8/23/2020 21:10,1598245858
6975,40,T,2,8/24/2020 21:52,1598334742
6995,201,4,1,8/22/2020 10:31,1598121088
6995,250,5,6,8/22/2020 16:37,1598143049
6995,1563,U,2,8/23/2020 2:46,1598179611
7015,1216,4,2,8/22/2020 0:28,1598084880
7015,1453,5,6,8/22/2020 17:46,1598147169
7015,97,5,5,8/23/2020 9:51,1598205060
7015,1545,U,1,8/23/2020 20:43,1598244223
7035,1538,S,2,8/21/2020 12:40,1598042451
7035,1547,S,2,8/28/2020 17:10,1598663448
7035,1535,T,2,8/28/2020 23:28,1598686091
7055,89,4,2,8/21/2020 21:14,1598073266
7055,118,5,6,8/22/2020 12:25,1598127917
7055,541,6,1,8/23/2020 0:52,1598172757
7055,1002,7,5,8/23/2020 12:30,1598214613
7075,1547,S,1,8/24/2020 17:42,1598319775
7115,1545,S,2,8/21/2020 19:40,1598067640
7135,124,4,4,8/21/2020 17:11,1598058675
7135,238,5,6,8/22/2020 10:29,1598120978
7135,1529,U,2,8/22/2020 15:59,1598140797
7155,1550,S,1,8/21/2020 23:00,1598079648
7175,1544,S,2,8/22/2020 17:48,1598147304
7195,1557,S,1,8/23/2020 6:26,1598192804
7215,80,4,4,8/26/2020 8:33,1598459618
7215,308,5,6,8/26/2020 14:29,1598480956
7215,1557,U,2,8/26/2020 22:38,1598510318
7235,1441,4,1,8/25/2020 14:53,1598395995
7235,1542,E,1,8/28/2020 23:41,1598686895
7255,956,4,3,8/27/2020 10:38,1598553484
7275,123,4,1,8/25/2020 16:04,1598400292
7275,484,5,6,8/26/2020 11:13,1598469194
7295,1552,S,1,8/28/2020 21:48,1598680119
7315,1553,4,2,8/26/2020 0:40,1598431250
7335,796,4,1,8/25/2020 16:56,1598403399
7335,367,5,6,8/26/2020 4:19,1598444391
7355,1542,S,2,8/28/2020 20:17,1598674642
7375,537,4,1,8/25/2020 11:12,1598382731
7375,119,5,6,8/25/2020 19:17,1598411830
7395,82,4,4,8/25/2020 17:08,1598404097
7395,180,5,6,8/26/2020 1:45,1598435101
7395,1563,U,2,8/26/2020 14:47,1598482027
7415,1567,4,1,8/26/2020 15:27,1598484451
7415,1526,E,1,9/3/2020 8:55,1599152147
7435,1568,4,1,8/25/2020 21:00,1598418031
7435,1526,5,5,8/26/2020 5:40,1598449210
7475,1498,4,1,8/25/2020 16:25,1598401521
7475,373,5,6,8/26/2020 7:52,1598457143
7475,1545,U,2,8/26/2020 19:21,1598498467
7495,82,4,1,8/26/2020 10:12,1598465554
7495,229,4,1,8/26/2020 21:36,1598506603
7515,77,4,4,8/25/2020 21:07,1598418455
7535,510,4,1,8/25/2020 21:26,1598419611
7555,1567,4,1,8/26/2020 0:43,1598431395
7575,761,4,2,8/25/2020 19:40,1598413230
7615,136,3,1,8/29/2020 10:08,1598724514
7615,979,2,3,8/30/2020 18:54,1598842467
7615,255,3,6,8/31/2020 13:25,1598909117
7615,1580,S,1,9/3/2020 10:44,1599158663
7635,56,4,2,8/27/2020 13:45,1598564710
7635,13,5,6,8/27/2020 19:18,1598584687
7655,89,4,2,8/25/2020 18:47,1598410028
7655,729,4,1,8/27/2020 10:09,1598551757
7675,63,3,3,8/27/2020 19:31,1598585510
7695,1488,4,1,8/26/2020 6:36,1598452619
7695,91,5,5,8/26/2020 13:42,1598478157
7695,415,6,2,8/27/2020 0:26,1598516777
7695,1437,7,2,8/27/2020 14:17,1598566651
7715,489,4,1,8/25/2020 17:52,1598406722
7715,425,5,6,8/26/2020 0:02,1598428925
7795,1183,4,1,8/25/2020 18:33,1598409239
7815,1532,S,2,8/28/2020 9:09,1598634590
7835,365,4,1,8/25/2020 21:10,1598418656
7835,445,5,6,8/26/2020 11:13,1598469217
7835,1541,U,2,8/26/2020 18:33,1598495632
7855,172,4,2,8/26/2020 4:19,1598444354
7855,1516,5,6,8/26/2020 14:39,1598481564
7875,1297,4,2,8/27/2020 11:09,1598555354
7895,1551,4,4,8/27/2020 9:30,1598549452
7895,183,7,3,8/27/2020 22:36,1598596593
7935,1542,S,2,8/27/2020 22:55,1598597729
7955,80,4,4,8/27/2020 18:50,1598583033
7955,247,5,6,8/28/2020 13:21,1598649719
7955,972,U,1,8/28/2020 21:38,1598679490
7975,1541,S,1,8/27/2020 17:44,1598579092
7995,62,4,3,8/27/2020 8:19,1598545156
7995,491,5,6,8/27/2020 18:38,1598582311
8035,1315,U,1,7/2/2021 22:55,1625295337
8055,1466,5,1,7/2/2021 18:36,1625279804
8055,1422,U,1,7/3/2021 7:18,1625325535
8075,100,5,1,7/3/2021 16:58,1625360283
8075,1008,U,1,7/6/2021 14:38,1625611128
8095,177,5,6,7/3/2021 21:03,1625374999
8095,1534,U,1,7/13/2021 1:24,1626168261
8115,0,5,2,7/3/2021 12:57,1625345831
8115,1365,4,4,7/4/2021 10:57,1625425045
8115,60,3,2,7/4/2021 23:13,1625469214
8115,63,3,2,7/5/2021 19:10,1625541013
8135,1526,7,1,7/6/2021 14:35,1625610946
8135,1486,6,2,7/12/2021 6:46,1626101172
8135,531,5,1,7/12/2021 17:46,1626140780
8135,89,4,3,7/13/2021 1:40,1626169236
8135,1568,S,1,7/14/2021 7:22,1626276178
8155,249,5,3,7/6/2021 14:12,1625609570
8175,1413,U,1,7/8/2021 23:40,1625816401
8195,1550,5,1,7/5/2021 22:13,1625552027
8195,254,5,1,7/6/2021 11:29,1625599754
8195,226,5,6,7/6/2021 22:16,1625638607
8195,1360,U,1,7/9/2021 9:27,1625851655
8215,60,5,3,7/5/2021 22:05,1625551558
8215,9,4,2,7/6/2021 3:58,1625572703
8215,464,4,4,7/6/2021 21:52,1625637133
8215,70,5,1,7/7/2021 9:19,1625678371
8215,1071,U,1,7/8/2021 16:54,1625792054
8235,117,6,2,7/10/2021 23:24,1625988254
8235,1266,5,1,7/11/2021 15:52,1626047531
8235,125,4,3,7/12/2021 3:23,1626089035
8235,1530,T,2,7/17/2021 1:26,1626513968
8255,1443,5,1,7/6/2021 10:36,1625596590
8255,12,4,2,7/6/2021 14:33,1625610785
8255,85,4,3,7/11/2021 10:59,1626029943
8255,73,5,1,7/11/2021 16:42,1626050537
8255,1384,U,1,7/12/2021 1:00,1626080439
8295,1235,U,1,7/6/2021 15:54,1625615690
8315,801,5,4,7/5/2021 18:27,1625538473
8315,255,4,3,7/6/2021 2:43,1625568207
8315,1549,S,1,7/8/2021 21:56,1625810163
8335,1551,5,1,7/9/2021 12:21,1625862115
8335,1519,U,1,7/10/2021 22:20,1625984421
8355,436,5,1,7/9/2021 13:05,1625864720
8355,1412,U,1,7/11/2021 3:29,1626002984
8375,777,5,1,7/9/2021 13:18,1625865496
8375,80,4,3,7/10/2021 8:49,1625935786
8375,84,4,3,7/10/2021 20:11,1625976715
8375,938,5,1,7/11/2021 7:07,1626016061
8375,1425,U,1,7/13/2021 21:36,1626240979
8395,1548,5,1,7/9/2021 14:14,1625868840
8395,1340,U,1,7/10/2021 4:04,1625918689
8415,300,5,1,7/9/2021 14:28,1625869716
8415,67,5,6,7/20/2021 15:23,1626823402
8415,126,5,6,7/21/2021 15:30,1626910259
8415,63,5,6,8/4/2021 20:15,1628136953
8435,1542,5,1,7/9/2021 14:52,1625871122
8435,1487,U,1,7/11/2021 20:47,1626065268
8455,1305,5,1,7/9/2021 14:51,1625871084
8455,73,5,1,7/10/2021 15:28,1625959691
8475,1545,5,1,7/10/2021 19:10,1625973037
8475,83,4,3,7/11/2021 15:39,1626046778
8475,1561,S,1,7/19/2021 21:21,1626758484
8495,541,5,1,7/9/2021 15:28,1625873281
8495,1487,U,1,7/14/2021 21:31,1626327090
8515,1462,U,1,7/13/2021 23:06,1626246390
8535,1511,4,4,7/12/2021 1:49,1626083350
8535,1565,S,1,7/14/2021 23:46,1626335168
8555,493,5,2,7/11/2021 15:12,1626045142
8555,1415,U,1,7/12/2021 5:26,1626096403
8575,72,5,6,7/11/2021 15:04,1626044698
8575,124,4,3,7/12/2021 6:50,1626101419
8575,88,4,3,7/13/2021 6:39,1626187197
8575,331,5,1,7/13/2021 18:08,1626228504
8595,1386,U,1,7/13/2021 16:45,1626223551
8615,64,3,2,7/13/2021 17:35,1626226558
8615,0,2,2,7/14/2021 1:51,1626256309
8655,1577,S,1,7/14/2021 0:16,1626250569
8675,1233,U,1,7/14/2021 13:09,1626296950
8675,1461,U,1,8/7/2021 19:29,1628393378
8675,62,5,6,8/8/2021 16:24,1628468667
8695,86,4,3,7/13/2021 9:54,1626198853
8695,1560,S,1,7/16/2021 0:44,1626425084
8715,883,5,1,7/12/2021 21:52,1626155538
8715,1446,U,1,7/13/2021 8:34,1626194071
8735,1241,5,1,7/13/2021 19:57,1626235055
8735,399,4,2,8/1/2021 15:28,1627860538
8755,635,5,1,7/12/2021 19:28,1626146909
8755,964,U,1,7/14/2021 1:01,1626253265
8775,94,4,3,7/12/2021 20:46,1626151566
8775,1518,T,2,7/19/2021 3:59,1626695954
8795,764,5,1,7/12/2021 20:27,1626150477
8795,37,U,1,7/14/2021 20:55,1626324900
8835,91,4,3,7/13/2021 16:10,1626221427
8835,1531,5,1,7/14/2021 4:26,1626265591
8855,769,4,2,7/13/2021 11:35,1626204923
8855,64,3,2,7/14/2021 7:10,1626275432
8855,1362,2,1,7/14/2021 11:54,1626292456
8875,127,4,3,7/13/2021 11:49,1626205760
8875,798,5,4,7/14/2021 1:26,1626254775
8875,77,U,1,7/14/2021 17:00,1626310820
8895,1327,4,3,7/13/2021 11:59,1626206351
8895,1552,S,1,7/27/2021 14:48,1627426124
8915,92,4,3,7/13/2021 14:32,1626215558
8915,109,2,4,7/14/2021 21:30,1626327050
8935,212,4,3,7/13/2021 12:11,1626207096
8955,1543,4,4,7/13/2021 12:40,1626208818
8955,1419,5,1,7/14/2021 4:26,1626265610
8955,589,5,1,7/14/2021 17:13,1626311628
8955,1539,U,1,7/15/2021 2:00,1626343229
8975,1343,4,2,7/13/2021 12:29,1626208187
8975,83,4,3,7/14/2021 10:31,1626287505
8975,5,5,2,7/14/2021 19:12,1626318736
8975,1120,U,1,7/15/2021 21:05,1626411949
8995,348,4,2,7/13/2021 20:47,1626238045
8995,1415,5,1,7/14/2021 1:48,1626256120
8995,708,U,1,7/14/2021 12:42,1626295366
9015,1353,5,1,7/13/2021 21:58,1626242287
9015,1280,U,1,7/14/2021 7:24,1626276268
9035,626,5,1,7/13/2021 23:42,1626248550
9035,41,U,1,7/14/2021 18:17,1626315438
9055,1108,U,1,7/20/2021 8:49,1626799789
9075,171,5,1,7/15/2021 10:36,1626374209
9075,1534,U,1,7/15/2021 21:05,1626411913
9095,1032,5,1,7/13/2021 19:39,1626233979
9095,1541,U,1,7/14/2021 20:13,1626322393
9115,1560,S,1,7/15/2021 16:30,1626395431
9135,991,5,1,7/13/2021 23:25,1626247550
9135,40,U,1,7/14/2021 10:41,1626288111
9155,828,5,1,7/13/2021 23:38,1626248315
9155,921,U,1,7/20/2021 9:22,1626801776
9175,1452,5,1,7/13/2021 22:04,1626242671
9175,1303,U,1,7/14/2021 7:14,1626275693
9175,1441,U,1,8/11/2021 7:26,1628695581
9175,70,5,1,8/11/2021 19:48,1628740124
9175,30,4,2,8/12/2021 7:25,1628781940
9175,125,4,3,8/12/2021 19:20,1628824821
9195,29,4,4,7/14/2021 16:07,1626307650
9195,86,4,3,7/15/2021 11:59,1626379162
9195,520,U,1,7/17/2021 18:19,1626574776
9215,86,5,6,7/13/2021 20:42,1626237767
9215,51,5,3,7/14/2021 13:56,1626299768
9215,82,4,3,7/14/2021 18:53,1626317588
9215,1558,S,1,7/19/2021 21:58,1626760705
9235,1383,5,1,7/13/2021 20:36,1626237394
9235,777,U,1,7/14/2021 21:28,1626326914
9255,1238,U,1,7/21/2021 11:09,1626894574
9275,1027,5,6,7/19/2021 13:07,1626728820
9275,75,4,3,7/19/2021 19:33,1626752015
9275,240,4,2,7/20/2021 19:13,1626837233
9275,1390,5,2,7/21/2021 2:47,1626864439
9275,1130,U,1,7/21/2021 23:11,1626937876
9295,65,5,1,7/18/2021 13:20,1626643223
9295,960,U,1,7/20/2021 9:56,1626803783
9315,1123,5,1,7/18/2021 13:19,1626643152
9315,877,U,1,7/25/2021 14:29,1627252161
9335,1227,5,2,7/18/2021 16:52,1626655941
9335,1187,5,1,7/19/2021 16:09,1626739754
9335,1525,U,1,7/27/2021 23:58,1627459108
9355,661,5,1,7/18/2021 21:33,1626672787
9355,101,5,1,7/22/2021 1:19,1626945545
9375,957,5,1,7/19/2021 20:47,1626756435
9375,74,5,1,7/20/2021 10:49,1626806955
9395,1563,5,1,7/18/2021 16:46,1626655611
9395,46,U,1,7/20/2021 21:37,1626845864
9415,1516,5,2,7/18/2021 15:20,1626650446
9415,725,5,1,7/19/2021 19:22,1626751354
9415,1530,U,1,7/27/2021 13:32,1627421558
9435,467,5,1,7/18/2021 14:16,1626646610
9435,1551,5,1,7/20/2021 8:26,1626798416
9435,340,U,1,7/27/2021 19:54,1627444495
9455,225,5,4,7/18/2021 20:41,1626669705
9455,327,U,1,7/20/2021 6:59,1626793183
9475,689,5,1,7/18/2021 14:22,1626646977
9475,39,U,1,7/19/2021 13:51,1626731488
9495,1555,5,1,7/18/2021 17:00,1626656454
9495,77,4,3,7/19/2021 1:16,1626686186
9495,1558,S,1,7/20/2021 11:56,1626811011
9535,151,4,6,7/19/2021 13:40,1626730815
9535,1440,4,4,8/2/2021 0:29,1627892992
9555,547,4,4,7/19/2021 13:34,1626730468
9555,78,4,3,7/21/2021 1:50,1626861050
9575,1203,4,3,7/19/2021 12:11,1626725482
9575,1554,S,1,7/21/2021 23:58,1626940687
9595,1532,5,2,7/20/2021 16:44,1626828275
9595,1547,5,1,7/21/2021 6:15,1626876935
9595,452,5,1,7/21/2021 16:38,1626914323
9615,198,5,3,7/19/2021 23:07,1626764834
9615,58,5,1,7/20/2021 11:41,1626810096
9615,899,U,1,7/20/2021 22:42,1626849720
9655,1537,5,3,7/21/2021 17:03,1626915835
9675,38,U,1,7/22/2021 18:10,1627006235
9695,41,U,1,7/24/2021 7:46,1627141564
9715,1536,U,1,7/23/2021 0:16,1627028174
9735,41,U,1,7/23/2021 14:55,1627080954
9755,547,5,3,7/22/2021 22:11,1627020696
9755,159,4,4,7/23/2021 4:56,1627044976
9755,718,3,2,7/24/2021 0:10,1627114217
9755,1475,Y,2,7/24/2021 22:12,1627193546
9775,389,5,1,8/2/2021 21:44,1627969440
9775,122,5,1,8/5/2021 10:48,1628189306
9935,1156,5,2,8/10/2021 6:26,1628605561
9935,1516,U,1,8/10/2021 16:43,1628642598
9975,1491,U,1,8/10/2021 23:49,1628668183
9995,52,U,1,8/25/2021 13:25,1629926728
10015,1531,S,1,7/27/2021 20:01,1627444909
10035,1527,5,2,7/21/2021 12:25,1626899109
10035,85,5,4,7/23/2021 6:03,1627049030
10035,60,5,3,7/24/2021 22:13,1627193603
10035,61,5,3,7/25/2021 17:14,1627262058
10035,63,5,1,7/31/2021 18:37,1627785456
10035,0,5,2,8/3/2021 9:34,1628012050
10035,99,5,1,8/4/2021 6:10,1628086203
10035,0,5,2,8/5/2021 10:05,1628186708
10055,1139,5,1,7/20/2021 9:51,1626803473
10075,1515,U,1,7/25/2021 20:41,1627274477
10095,1528,U,1,8/18/2021 18:19,1629339579
10115,274,5,1,8/23/2021 21:25,1629782728
10135,95,6,3,8/24/2021 15:55,1629849317
10135,164,5,3,8/26/2021 14:34,1630017274
10155,1511,U,1,8/19/2021 8:37,1629391055
10155,772,5,4,8/30/2021 15:51,1630367469
10155,69,5,6,8/31/2021 7:55,1630425331
10175,627,5,4,8/23/2021 17:55,1629770152
10175,1202,U,1,8/24/2021 14:31,1629844311
10175,50,U,1,8/25/2021 9:10,1629911404
10175,1525,G,1,8/26/2021 5:48,1629985737
10175,102,7,4,8/27/2021 7:22,1630077720
10195,1528,6,5,8/24/2021 11:09,1629832164
10195,96,7,4,8/24/2021 19:18,1629861486
10195,759,7,3,8/25/2021 6:42,1629902540
10195,91,6,6,8/25/2021 12:25,1629923103
10195,1519,6,5,8/25/2021 21:59,1629957543
10215,109,6,3,8/24/2021 9:32,1629826355
10215,220,7,1,8/24/2021 16:22,1629850958
10235,1248,5,3,8/22/2021 14:14,1629670489
10255,1503,U,1,8/23/2021 16:34,1629765253
10255,839,5,4,9/4/2021 8:15,1630772120
10295,237,4,3,8/25/2021 3:18,1629890334
10295,1278,5,6,8/25/2021 8:23,1629908637
10295,139,6,3,8/26/2021 0:13,1629965589
10295,275,5,3,8/26/2021 16:34,1630024459
10295,16,4,6,8/27/2021 3:29,1630063793
10315,1462,1,2,8/27/2021 16:41,1630111295
10315,20,2,1,8/29/2021 1:21,1630228903
10415,62,6,5,8/26/2021 8:12,1629994362
10435,103,6,3,8/25/2021 11:30,1629919808
10435,67,7,1,8/25/2021 16:57,1629939430
10475,68,5,3,8/24/2021 15:08,1629846507
10475,96,6,3,8/25/2021 0:03,1629878590
10475,458,7,3,8/25/2021 8:54,1629910482
10475,1487,6,4,8/25/2021 18:43,1629945837
10475,76,5,6,8/26/2021 3:24,1629977089
10475,20,4,6,8/26/2021 7:40,1629992439
10495,117,6,6,8/25/2021 6:07,1629900436
10515,102,7,4,9/1/2021 17:58,1630547885
10515,103,7,4,9/2/2021 5:38,1630589885
12015,73,7,1,7/6/2021 11:37,1625600234
12035,66,3,2,7/1/2021 6:51,1625151086
12035,1562,2,1,7/1/2021 13:57,1625176668
12035,1513,1,5,7/7/2021 8:49,1625676556
12035,457,2,1,7/9/2021 18:57,1625885857
12035,65,3,2,7/10/2021 5:33,1625924034
12035,1574,S,1,7/12/2021 19:56,1626148580
12055,70,5,1,7/2/2021 19:12,1625281961
12055,1418,U,1,7/3/2021 20:12,1625371938
12095,85,4,3,7/2/2021 11:54,1625255647
12095,80,5,1,7/2/2021 21:02,1625288553
12095,1305,U,1,7/6/2021 22:37,1625639871
12115,50,3,5,7/3/2021 9:44,1625334265
12135,1548,B,2,7/13/2021 0:14,1626164052
12155,1556,S,1,7/6/2021 14:22,1625610146
12175,67,3,2,7/2/2021 2:04,1625220298
12175,1384,2,2,7/2/2021 9:35,1625247301
12175,43,2,1,7/6/2021 16:20,1625617222
12175,82,3,2,7/6/2021 23:31,1625643113
12195,1559,S,1,7/11/2021 0:09,1625990946
12235,20,4,6,7/2/2021 20:31,1625286670
12235,1537,5,2,7/3/2021 12:03,1625342627
12235,63,5,3,7/4/2021 4:59,1625403559
12235,80,4,3,7/4/2021 10:43,1625424236
12235,1555,S,1,7/7/2021 0:05,1625645113
12255,67,3,2,7/3/2021 1:58,1625306325
12255,72,7,1,7/6/2021 15:08,1625612884
12275,774,3,2,7/2/2021 11:12,1625253157
12275,403,2,1,7/2/2021 17:50,1625277031
12275,1312,Y,1,7/9/2021 14:52,1625871154
12295,12,4,2,7/3/2021 11:08,1625339301
12295,767,5,2,7/4/2021 3:38,1625398722
12295,1286,U,1,7/11/2021 15:34,1626046454
12315,1158,Y,2,7/4/2021 8:54,1625417670
12315,140,Y,2,7/6/2021 3:57,1625572630
12315,64,Y,1,7/8/2021 17:13,1625793234
12315,1570,Y,1,7/9/2021 15:52,1625874729
12315,1084,1,3,7/11/2021 15:01,1626044464
12315,1531,Y,1,7/13/2021 13:17,1626211065
12315,397,Y,2,7/13/2021 23:12,1626246755
12315,1538,B,2,7/16/2021 22:37,1626503832
12355,10,4,2,7/3/2021 6:00,1625320835
12355,106,5,1,7/3/2021 20:17,1625372229
12355,1523,5,1,7/9/2021 0:24,1625819083
12355,1537,U,1,7/11/2021 3:53,1626004391
12375,1575,S,1,7/12/2021 17:23,1626139431
12395,82,4,3,7/7/2021 6:14,1625667290
12395,70,5,1,7/7/2021 14:11,1625695874
12395,1516,U,1,7/7/2021 22:59,1625727594
12415,1520,S,1,7/10/2021 19:01,1625972511
12435,176,4,2,7/6/2021 10:30,1625596249
12435,1516,5,1,7/6/2021 18:00,1625623243
12435,1367,U,1,7/8/2021 1:03,1625735009
12475,1441,4,4,7/11/2021 15:10,1626045018
12475,1534,5,1,7/11/2021 22:03,1626069785
12475,1530,U,1,7/13/2021 4:49,1626180588
12495,13,4,2,7/6/2021 15:39,1625614796
12495,97,5,1,7/6/2021 23:16,1625642183
12495,1527,U,1,7/8/2021 15:30,1625787045
12515,82,4,3,7/5/2021 20:55,1625547328
12555,1453,3,5,7/5/2021 23:41,1625557301
12555,1481,I,1,7/11/2021 14:26,1626042403
12575,1553,S,2,7/13/2021 1:49,1626169760
12595,310,5,1,7/7/2021 0:12,1625645566
12595,1528,U,1,7/10/2021 15:49,1625960990
12615,64,3,2,7/6/2021 0:43,1625561029
12615,1496,2,5,7/6/2021 6:51,1625583110
12615,1561,Y,2,7/8/2021 9:20,1625764828
12635,10,4,2,7/6/2021 12:14,1625602448
12635,92,5,1,7/6/2021 19:52,1625629946
12635,1485,U,1,7/9/2021 7:08,1625843323
12655,62,3,2,7/6/2021 12:23,1625603016
12675,61,3,2,7/6/2021 13:41,1625607681
12675,1522,T,2,7/11/2021 3:03,1626001420
12695,60,3,2,7/5/2021 23:24,1625556269
12695,69,2,5,7/6/2021 5:02,1625576551
12695,26,1,2,7/6/2021 19:38,1625629093
12695,1550,B,2,7/12/2021 22:54,1626159291
12715,9,4,2,7/6/2021 4:18,1625573880
12715,114,5,3,7/6/2021 14:12,1625609569
12715,1478,U,1,7/7/2021 2:02,1625652131
12735,1155,4,4,7/6/2021 15:28,1625614088
12735,78,5,4,7/6/2021 21:26,1625635586
12735,724,6,3,7/8/2021 3:39,1625744371
12735,63,5,1,7/8/2021 11:31,1625772668
12775,1449,4,4,7/7/2021 5:40,1625665216
12775,660,4,6,7/8/2021 16:42,1625791353
12775,834,4,2,7/9/2021 15:38,1625873899
12775,1456,5,6,7/10/2021 6:53,1625928834
12775,1298,U,1,7/11/2021 11:24,1626031446
12815,134,4,2,7/6/2021 16:14,1625616873
12815,724,5,4,7/6/2021 22:42,1625640123
12815,1386,U,1,7/8/2021 6:01,1625752882
12835,14,4,2,7/6/2021 19:19,1625627951
12835,72,5,1,7/7/2021 3:24,1625657087
12835,1154,U,1,7/7/2021 23:40,1625730016
12855,88,4,3,7/11/2021 4:52,1626007946
12855,175,5,1,7/11/2021 12:26,1626035161
12855,1538,U,1,7/12/2021 2:16,1626084987
12875,92,4,3,7/10/2021 10:43,1625942628
12875,10,4,2,7/14/2021 1:11,1626253878
12875,1558,S,1,7/16/2021 0:38,1626424705
12895,1572,S,1,7/14/2021 1:09,1626253759
12915,67,4,3,7/10/2021 16:45,1625964320
12915,766,5,1,7/10/2021 22:15,1625984108
12915,1430,U,1,7/11/2021 5:46,1626011198
12935,1538,S,1,7/17/2021 19:45,1626579948
12955,120,4,3,7/11/2021 17:20,1626052831
12955,1540,5,1,7/12/2021 15:23,1626132225
12955,892,U,1,7/25/2021 23:52,1627285968
12975,87,4,3,7/10/2021 19:06,1625972801
12975,848,5,1,7/11/2021 2:58,1626001122
12975,317,6,1,7/11/2021 18:17,1626056246
12975,64,7,1,7/12/2021 3:46,1626090367
12975,60,5,1,7/15/2021 0:32,1626337974
12975,1676,Y,2,7/18/2021 14:08,1626646130
12995,1552,S,1,7/14/2021 0:15,1626250536
13015,1570,S,1,7/13/2021 1:54,1626170056
13035,1626,S,1,7/14/2021 4:37,1626266258
13055,1564,S,1,7/19/2021 1:06,1626685594
13075,1580,S,1,7/13/2021 18:34,1626230096
13115,1553,S,1,7/20/2021 1:05,1626771922
13135,1572,S,1,7/13/2021 1:44,1626169460
13135,1567,S,2,7/14/2021 0:27,1626251232
13135,1521,S,2,7/31/2021 21:13,1627794819
13135,1464,S,2,8/1/2021 9:15,1627838108
13135,1504,S,2,8/1/2021 18:28,1627871303
13135,1554,T,1,8/2/2021 8:06,1627920416
13135,1564,T,1,8/5/2021 19:39,1628221172
13135,1559,T,2,8/7/2021 20:30,1628397050
13135,724,S,1,8/8/2021 13:31,1628458275
13155,1550,S,1,7/14/2021 7:26,1626276375
13175,91,4,3,7/12/2021 19:22,1626146545
13195,102,4,3,7/12/2021 14:44,1626129842
13215,188,4,3,7/12/2021 3:06,1626088000
13215,223,5,1,7/12/2021 11:41,1626118863
13215,1420,U,1,7/12/2021 22:13,1626156835
13235,82,4,3,7/12/2021 15:47,1626133628
13235,1552,5,1,7/13/2021 5:12,1626181936
13235,1405,U,1,7/14/2021 0:43,1626252192
13235,490,U,1,7/15/2021 9:41,1626370912
13235,1483,U,1,7/19/2021 20:29,1626755345
13235,300,U,1,7/29/2021 4:48,1627562880
13235,57,5,1,7/29/2021 13:45,1627595133
13255,1565,S,1,7/13/2021 5:00,1626181233
13275,86,4,3,7/13/2021 0:06,1626163596
13275,98,5,1,7/13/2021 16:03,1626221011
13275,1456,U,1,7/14/2021 5:34,1626269671
13295,1562,S,1,7/16/2021 0:47,1626425246
13315,1595,S,1,7/14/2021 1:39,1626255543
13335,85,4,3,7/13/2021 23:11,1626246696
13335,72,5,1,7/14/2021 8:24,1626279863
13335,1183,U,1,7/14/2021 18:39,1626316763
13355,886,4,4,7/11/2021 0:38,1625992696
13355,60,5,1,7/11/2021 17:33,1626053585
13355,1418,U,1,7/14/2021 21:28,1626326928
13375,84,4,3,7/11/2021 19:42,1626061377
13375,1551,5,1,7/12/2021 9:14,1626110089
13375,1457,U,1,7/14/2021 9:49,1626284941
13395,83,4,3,7/10/2021 19:39,1625974797
13395,502,5,1,7/11/2021 11:41,1626032482
13395,1482,U,1,7/19/2021 11:17,1626722236
13435,15,4,6,7/12/2021 2:11,1626084706
13455,1541,S,1,7/13/2021 0:30,1626165041
13475,503,2,1,7/12/2021 17:10,1626138613
13475,20,1,2,7/13/2021 19:36,1626233800
13475,1034,5,1,7/19/2021 1:03,1626685385
13475,61,3,2,7/19/2021 19:03,1626750232
13475,932,2,1,7/20/2021 2:16,1626776172
13475,17,1,2,7/21/2021 6:57,1626879451
13495,129,4,3,7/11/2021 11:36,1626032187
13515,95,4,3,7/11/2021 23:21,1626074481
13515,1533,5,1,7/12/2021 13:56,1626126988
13515,185,U,1,7/16/2021 22:20,1626502800
13535,1568,S,1,7/13/2021 1:16,1626167817
13555,84,4,3,7/12/2021 18:55,1626144949
13575,1542,T,2,7/14/2021 5:38,1626269937
13595,81,4,3,7/11/2021 20:09,1626062943
13595,1078,5,1,7/12/2021 3:25,1626089123
13595,82,6,1,7/12/2021 18:07,1626142070
13595,467,G,1,7/13/2021 9:17,1626196659
13635,1451,S,1,7/15/2021 0:36,1626338202
13655,129,4,3,7/12/2021 7:53,1626105184
13655,166,5,4,7/12/2021 19:03,1626145428
13655,1531,U,1,7/14/2021 2:33,1626258839
13655,1498,U,1,7/16/2021 8:26,1626452775
13655,1330,U,1,7/19/2021 21:48,1626760098
13655,253,U,1,8/6/2021 10:27,1628274450
13655,402,6,6,8/7/2021 11:14,1628363696
13655,110,7,1,8/7/2021 20:19,1628396380
13675,1554,S,1,7/18/2021 1:03,1626598984
13695,506,4,2,7/12/2021 2:14,1626084846
13695,64,5,6,7/12/2021 14:53,1626130410
13695,70,6,2,7/13/2021 23:14,1626246895
13695,266,7,1,7/14/2021 16:55,1626310546
13695,93,7,3,7/16/2021 12:40,1626468003
13695,538,6,1,7/16/2021 19:11,1626491462
13695,426,6,1,7/17/2021 15:49,1626565783
13695,277,7,1,7/18/2021 8:58,1626627487
13715,1574,S,1,7/14/2021 2:13,1626257604
13735,1561,S,1,7/20/2021 12:43,1626813789
13755,86,4,3,7/12/2021 14:11,1626127884
13755,689,5,1,7/12/2021 21:43,1626155023
13755,1310,U,1,7/14/2021 0:16,1626250613
13775,85,4,3,7/11/2021 22:35,1626071720
13775,977,5,1,7/12/2021 15:35,1626132901
13775,1439,U,1,7/13/2021 22:22,1626243724
13795,1556,S,1,7/18/2021 0:06,1626595571
13795,1552,S,2,7/20/2021 22:12,1626847979
13795,1531,S,2,7/28/2021 15:20,1627514432
13795,1436,5,1,7/31/2021 10:49,1627757386
13835,129,4,4,7/15/2021 5:37,1626356248
13835,58,5,3,7/15/2021 17:17,1626398251
13835,1522,U,1,7/17/2021 22:21,1626589289
13855,66,3,2,7/13/2021 6:10,1626185440
13855,1203,Y,2,7/14/2021 12:57,1626296242
13875,312,3,2,7/13/2021 5:02,1626181330
13875,1549,S,2,7/19/2021 23:29,1626766165
13895,1538,S,1,7/24/2021 18:59,1627181948
13915,92,4,3,7/12/2021 22:48,1626158896
13915,81,4,3,7/13/2021 11:28,1626204480
13915,1820,S,2,7/15/2021 0:30,1626337810
13935,84,4,3,7/13/2021 18:54,1626231274
13935,505,5,1,7/14/2021 16:37,1626309459
13935,1438,U,1,7/18/2021 8:28,1626625724
13955,1571,S,1,7/20/2021 18:48,1626835710
13975,99,3,2,7/13/2021 9:56,1626198970
13975,289,2,1,7/13/2021 17:11,1626225066
13975,1387,Y,1,7/15/2021 11:59,1626379184
13995,1546,S,1,7/14/2021 8:29,1626280198
14015,92,4,3,7/13/2021 7:28,1626190132
14015,1245,5,1,7/14/2021 20:35,1626323709
14015,1453,U,1,7/16/2021 10:13,1626459212
14035,114,4,3,7/13/2021 0:21,1626164505
14035,1552,5,1,7/13/2021 11:32,1626204720
14055,536,4,6,7/13/2021 8:21,1626193297
14055,1480,5,2,7/14/2021 4:09,1626264598
14055,1528,U,1,7/18/2021 15:13,1626650029
14075,274,4,2,7/13/2021 15:43,1626219828
14075,1546,5,1,7/14/2021 4:35,1626266134
14075,1527,U,1,7/21/2021 11:31,1626895895
14115,1562,S,1,7/15/2021 23:50,1626421804
14155,63,3,2,7/14/2021 18:10,1626315041
14155,1532,2,1,7/15/2021 0:23,1626337412
14175,1572,S,1,7/19/2021 19:36,1626752201
14195,84,4,3,7/13/2021 21:06,1626239187
14195,1178,5,1,7/14/2021 11:57,1626292627
14195,1423,U,1,7/14/2021 21:33,1626327216
14235,82,4,3,7/13/2021 16:51,1626223887
14235,68,2,5,7/14/2021 17:42,1626313376
14255,1486,2,1,7/15/2021 2:04,1626343454
14255,82,2,1,7/15/2021 18:37,1626403045
14255,32,1,5,7/16/2021 2:28,1626431313
14255,1001,2,1,7/16/2021 15:03,1626476608
14255,73,3,2,7/16/2021 20:53,1626497616
14255,60,3,2,7/18/2021 6:55,1626620145
14255,1541,2,1,7/18/2021 14:34,1626647667
14275,67,4,3,7/13/2021 22:09,1626242947
14275,66,5,3,7/14/2021 11:57,1626292679
14275,1197,U,1,7/16/2021 17:19,1626484775
14315,1165,2,5,7/15/2021 10:20,1626373240
14355,1569,S,1,7/19/2021 22:46,1626763568
14375,98,4,3,7/19/2021 0:49,1626684559
14375,1741,S,2,7/29/2021 6:57,1627570677
14395,1551,S,1,7/23/2021 20:46,1627101977
14415,1383,4,6,7/19/2021 17:29,1626744555
14415,68,5,1,7/20/2021 8:46,1626799611
14415,1200,U,1,7/20/2021 17:34,1626831249
14455,88,4,3,7/19/2021 14:46,1626734812
14455,1512,5,1,7/20/2021 12:27,1626812861
14455,61,5,1,7/21/2021 6:21,1626877262
14455,87,4,3,7/21/2021 17:03,1626915797
14455,87,4,3,7/22/2021 11:19,1626981555
14455,95,5,1,7/27/2021 15:13,1627427617
14455,500,5,1,7/28/2021 5:16,1627478199
14455,13,4,2,7/29/2021 22:29,1627626588
14455,1491,S,2,8/3/2021 2:06,1627985168
14475,1559,S,1,7/25/2021 18:43,1627267381
14475,1533,S,2,7/27/2021 8:56,1627404964
14475,1534,S,2,7/28/2021 2:50,1627469407
14475,1561,T,1,7/30/2021 18:28,1627698514
14495,1557,S,1,7/20/2021 21:16,1626844591
14515,62,3,2,7/20/2021 14:49,1626821393
14515,61,3,2,7/21/2021 8:09,1626883798
14515,1535,S,1,7/27/2021 20:23,1627446211
14535,107,4,2,7/20/2021 11:52,1626810739
14555,77,4,3,7/19/2021 18:08,1626746888
14575,8,4,2,7/21/2021 8:25,1626884703
14575,1476,5,1,7/21/2021 15:12,1626909147
14575,957,U,1,7/22/2021 12:02,1626984135
14595,88,4,3,7/19/2021 23:31,1626766300
14595,1453,5,2,7/20/2021 10:45,1626806736
14595,1547,U,1,7/21/2021 16:12,1626912779
14615,1529,S,2,7/28/2021 7:02,1627484573
14635,194,4,2,7/20/2021 14:33,1626820386
14635,1553,5,1,7/20/2021 23:19,1626851983
14655,60,3,2,7/22/2021 10:07,1626977244
14655,1453,2,2,7/22/2021 18:03,1627005790
14675,93,4,3,7/22/2021 21:57,1627019849
14675,1555,S,1,7/27/2021 21:04,1627448643
14695,82,4,3,8/3/2021 0:24,1627979047
14695,632,5,1,8/3/2021 12:50,1628023823
14695,1274,U,1,8/4/2021 2:24,1628072641
14715,1638,S,1,8/4/2021 21:58,1628143080
14735,1511,4,6,8/3/2021 14:49,1628030992
14735,573,5,3,8/4/2021 12:05,1628107511
14735,911,U,1,8/5/2021 9:51,1628185894
14755,822,4,3,8/5/2021 18:47,1628218020
14755,1484,5,4,8/6/2021 1:10,1628241038
14755,1505,U,1,8/6/2021 10:06,1628273184
14775,1538,S,1,8/4/2021 8:38,1628095083
14775,1458,S,2,8/21/2021 1:13,1629537198
14775,72,3,2,8/21/2021 21:40,1629610841
14775,1025,2,1,8/22/2021 10:01,1629655260
14815,21,4,6,8/3/2021 16:10,1628035806
14815,560,S,1,8/7/2021 14:13,1628374436
14835,1547,S,1,8/9/2021 0:04,1628496299
14875,1233,4,3,8/3/2021 21:40,1628055603
14875,593,5,6,8/4/2021 4:24,1628079883
14915,387,4,3,8/4/2021 10:17,1628101065
14915,576,4,3,8/5/2021 9:45,1628185548
14915,1520,5,3,8/5/2021 16:54,1628211274
14915,1517,U,1,8/6/2021 9:19,1628270384
14955,1550,S,1,8/15/2021 7:28,1629041331
14975,1558,S,1,8/15/2021 22:49,1629096584
14995,1551,S,1,8/16/2021 10:16,1629137769
15015,368,3,2,8/11/2021 2:10,1628676640
15015,18,4,6,8/12/2021 10:06,1628791612
15015,114,5,1,8/12/2021 16:21,1628814103
15015,790,U,1,8/13/2021 6:58,1628866700
15035,1493,S,1,8/15/2021 0:19,1629015576
15055,76,4,3,8/12/2021 15:16,1628810188
15075,13,4,2,8/11/2021 12:09,1628712579
15075,78,5,1,8/11/2021 19:26,1628738797
15075,1530,U,1,8/12/2021 20:02,1628827368
15095,18,4,2,8/14/2021 3:38,1628941088
15095,343,5,2,8/14/2021 11:41,1628970098
15095,0,5,2,8/14/2021 22:54,1629010460
15095,1412,U,1,8/15/2021 8:55,1629046524
15195,140,4,3,8/24/2021 0:30,1629793837
15215,132,4,3,8/24/2021 12:50,1629838246
15235,736,4,4,8/23/2021 20:00,1629777659
15235,92,U,1,8/25/2021 5:10,1629897008
15291,733,U,1,7/6/2021 14:46,1625611574
15292,1534,U,1,7/16/2021 12:09,1626466195
15314,273,5,1,7/2/2021 12:59,1625259565
15314,657,5,1,7/3/2021 7:56,1625327766
15314,1494,U,1,7/7/2021 22:06,1625724401
15329,1550,5,1,7/9/2021 12:43,1625863436
15329,1230,U,1,7/10/2021 6:38,1625927930
15349,769,4,3,7/13/2021 6:08,1626185329
15349,84,4,3,7/14/2021 5:21,1626268893
15349,79,5,1,7/14/2021 11:56,1626292574
15450,1174,5,2,7/5/2021 17:16,1625534203
15450,130,7,4,7/7/2021 17:00,1625706012
15478,602,5,1,7/2/2021 22:35,1625294148
15481,192,5,3,7/2/2021 16:12,1625271125
15481,47,U,1,7/5/2021 0:53,1625475189
15508,1015,5,1,7/3/2021 13:27,1625347644
15508,1562,5,1,7/4/2021 11:25,1625426719
15508,1525,U,1,7/6/2021 5:15,1625577310
15542,1211,5,3,7/5/2021 17:32,1625535178
15542,163,U,1,7/7/2021 3:24,1625657089
15546,1561,S,1,7/17/2021 0:18,1626509936
