mcode,capture.date,stat.week,tag.group,card.no,fish.no,swim.dir,time.in,sex,length,time.out,species,notes,age,lat,long,mesh.size,secchi.dis,secchi.re,air.temp,water.temp,wind.sp,wind.dir,cloud.cov
7875,8/26/2020,35,2,28,1,S,9:50,F,594,9:59,coho,,3,64.20171,-160.95265,8-Jul,1.4,1.3,52,60,1,SE,50
7895,8/26/2020,35,2,28,2,S,9:50,F,536,10:00,coho,,3,64.20171,-160.95265,8-Jul,1.4,1.3,52,60,1,SE,50
7915,8/26/2020,35,2,28,3,N,10:39,F,535,10:44,coho,,2.1,64.20171,-160.95265,8-Jul,1.4,1.3,52,60,1,SE,50
7935,8/26/2020,35,2,28,4,S,11:48,F,541,11:51,coho,,3,64.2718,-161.04591,8-Jul,1.5,1.25,50,60,1,E,50
7955,8/26/2020,35,2,28,5,S,12:03,F,563,12:08,coho,,2.1,64.2718,-161.04591,8-Jul,1.5,1.25,50,60,1,E,50
7975,8/26/2020,35,2,28,6,S,12:17,M,508,12:24,coho,"Reabsorbed scales, spawning colors",3.1,64.2718,-161.04591,8-Jul,1.5,1.25,50,60,1,E,50
7995,8/26/2020,35,2,28,7,S,12:38,F,613,12:46,coho,,1.1,64.2718,-161.04591,8-Jul,1.5,1.25,50,60,1,E,50
3535,8/25/2020,35,1,25,1,S,13:52,F,550,13:58,coho,,2.1,63.95455,-160.85202,8-May,1.25,1,63,57,5,S,50
3555,8/25/2020,35,1,25,2,S,13:54,M,522,13:59,coho,,1.1,63.95455,-160.85202,8-May,1.25,1,63,57,5,S,50
3575,8/25/2020,35,1,25,3,N,13:56,M,516,14:02,coho,,2.1,63.95455,-160.85202,8-May,1.25,1,63,57,5,S,50
3595,8/25/2020,35,1,25,4,S,14:07,M,584,14:10,coho,,1.1,63.95455,-160.85202,8-May,1.25,1,63,57,5,S,50
3615,8/25/2020,35,1,25,5,S,14:12,M,497,14:15,coho,,1.1,63.95455,-160.85202,8-May,1.25,1,63,57,5,S,50
3635,8/25/2020,35,1,25,6,N,14:21,M,574,14:25,sockeye,,7,64.02583,-160.88361,8-May,1.25,1,63,57,5,S,50
3655,8/25/2020,35,1,25,7,S,14:40,M,561,14:46,coho,,1.1,63.95455,-160.85202,8-May,1.25,1,63,57,5,S,50
3675,8/25/2020,35,1,25,8,S,14:42,F,555,14:46,coho,,1.1,63.95455,-160.85202,8-May,1.25,1,63,57,5,S,50
3695,8/25/2020,35,1,25,9,N,15:00,F,579,15:03,coho,,2.1,63.95455,-160.85202,8-May,1.25,1,63,57,5,S,50
3715,8/25/2020,35,1,25,10,S,15:38,M,522,15:41,coho,,1.1,63.95455,-160.85202,8-May,1.25,1,63,57,5,S,50
3735,8/25/2020,35,1,26,1,N,15:39,F,550,15:43,coho,,1.1,63.95455,-160.85202,8-May,1.25,1,63,57,5,S,50
3755,8/25/2020,35,1,26,2,N,15:51,M,558,15:58,coho,,1.1,63.95455,-160.85202,8-May,1.25,1,63,57,5,S,50
3775,8/25/2020,35,1,26,3,N,15:54,F,559,15:58,coho,,2.1,63.95455,-160.85202,8-May,1.25,1,63,57,5,S,50
3795,8/25/2020,35,1,26,4,S,15:55,F,533,15:58,coho,,2.1,63.95455,-160.85202,8-May,1.25,1,63,57,5,S,50
3815,8/25/2020,35,1,26,5,N,16:01,M,558,15:04,coho,3815 and 3915 were confused - not sure which ended up on which fish,2.1,63.95455,-160.85202,8-May,1.25,1,63,57,5,S,50
3835,8/25/2020,35,1,26,7,N,16:10,M,562,15:16,coho,,1.1,63.95455,-160.85202,8-May,1.25,1,63,57,5,S,50
3855,8/25/2020,35,1,26,8,S,16:18,M,558,15:22,coho,,4,63.95455,-160.85202,8-May,1.25,1,63,57,5,S,50
3875,8/25/2020,35,1,26,9,N,16:19,M,486,15:22,coho,,1.1,63.95455,-160.85202,8-May,1.25,1,63,57,5,S,50
3895,8/25/2020,35,1,26,10,N,16:29,M,552,16:37,coho,,1.1,63.95455,-160.85202,8-May,1.25,1,63,57,5,S,50
3915,8/25/2020,35,1,26,6,S,16:09,F,564,15:16,coho,3815 and 3915 were confused - not sure which ended up on which fish,3.1,63.95455,-160.85202,8-May,1.25,1,63,57,5,S,50
3935,8/25/2020,35,1,27,1,N,16:30,M,493,16:37,coho,,2.1,63.95455,-160.85202,8-May,1.25,1,63,57,5,S,50
3955,8/25/2020,35,1,27,2,N,16:32,F,536,16:38,coho,,2.1,63.95455,-160.85202,8-May,1.25,1,63,57,5,S,50
3975,8/25/2020,35,1,27,3,S,16:33,M,564,16:39,coho,,1.1,63.95455,-160.85202,8-May,1.25,1,63,57,5,S,50
3995,8/25/2020,35,1,27,4,N,16:35,M,569,16:41,coho,,2.1,63.95455,-160.85202,8-May,1.25,1,63,57,5,S,50
7435,8/25/2020,35,2,25,1,S,9:30,F,571,9:34,coho,,3,64.18224,-160.95758,8-May,1.5,1,54,58,1,,100
7455,8/25/2020,35,2,25,2,S,9:52,M,543,9:59,sockeye,,7,64.18224,-160.95758,8-May,1.5,1,54,58,1,,100
7475,8/25/2020,35,2,25,3,S,10:02,F,575,10:07,coho,,3,64.18224,-160.95758,8-Jul,1.5,1,54,58,1,,100
7495,8/25/2020,35,2,25,4,S,10:09,F,564,10:18,coho,,1.1,64.18224,-160.95758,8-May,1.5,1,54,58,1,,100
7515,8/25/2020,35,2,25,5,S,10:12,F,536,10:20,coho,,1.1,64.18224,-160.95758,8-May,1.5,1,54,58,1,,100
7535,8/25/2020,35,2,25,6,N,10:13,F,624,10:21,coho,Big.,2.1,64.18224,-160.95758,8-May,1.5,1,54,58,1,,100
7555,8/25/2020,35,2,25,7,N,10:15,M,543,10:25,coho,Gash,2.1,64.18224,-160.95758,8-Jul,1.5,1,54,58,1,,100
7575,8/25/2020,35,2,25,8,N,10:30,F,538,10:40,coho,,1.1,64.18224,-160.95758,8-Jul,1.5,1,54,58,1,,100
7595,8/25/2020,35,2,25,9,S,10:35,M,575,10:42,coho,,1.1,64.18224,-160.95758,8-Jul,1.5,1,54,58,1,,100
7615,8/25/2020,35,2,25,10,S,10:35,F,575,10:44,coho,,3,64.18224,-160.95758,8-May,1.5,1,54,58,1,,100
7635,8/25/2020,35,2,26,1,S,10:35,F,537,10:46,coho,,1.1,64.18224,-160.95758,8-May,1.5,1,54,58,1,,100
7655,8/25/2020,35,2,26,2,S,10:36,F,509,10:50,coho,,2.1,64.18224,-160.95758,8-May,1.5,1,54,58,1,,100
7675,8/25/2020,35,2,26,3,S,10:36,M,556,10:53,coho,Previous 6 fish (8th-3rd) hit simultaneously. Reset only 5 5/8.,1.1,64.18224,-160.95758,8-May,1.5,1,54,58,1,,100
7695,8/25/2020,35,2,26,4,N,11:12,M,535,11:15,coho,,2.1,64.18224,-160.95758,8-May,1.5,1,54,58,1,,100
7715,8/25/2020,35,2,26,5,N,11:48,M,551,11:52,coho,,2.1,64.18224,-160.95758,8-May,1.5,1,54,58,1,,100
7735,8/25/2020,35,2,26,6,N,11:52,F,501,11:58,coho,,1.1,64.18224,-160.95758,8-May,1.5,1,54,58,1,,100
7755,8/25/2020,35,2,26,7,S,12:08,F,541,12:14,coho,,2.1,64.18224,-160.95758,8-May,1.5,1,54,58,1,,100
7775,8/25/2020,35,2,26,8,S,12:27,F,546,12:32,coho,,1.1,64.18224,-160.95758,8-May,1.5,1,54,58,1,,100
7795,8/25/2020,35,2,26,9,S,12:58,M,515,13:00,sockeye,,7,64.18224,-160.95758,8-May,1.5,1,54,58,1,,100
7815,8/25/2020,35,2,26,10,N,13:23,F,562,13:27,coho,,1.1,64.24375,-160.9934,8-Jul,1.1,0.8,58,60,1,,75
7835,8/25/2020,35,2,27,1,S,13:59,M,546,14:02,coho,,1.1,64.24375,-160.9934,8-Jul,1.1,0.8,58,60,1,,75
7855,8/25/2020,35,2,27,2,N,14:20,M,560,14:26,sockeye,,7,64.24375,-160.9934,8-Jul,1.1,0.8,58,60,1,,75
3215,8/24/2020,35,1,23,1,N,10:54,M,558,11:01,coho,,1.1,63.95417,-160.85283,8-May,0.5,0.3,58,57,5,S,90
3235,8/24/2020,35,1,23,2,N,10:56,M,530,11:01,coho,,3,63.95417,-160.85283,8-May,0.5,0.3,58,57,5,S,90
3255,8/24/2020,35,1,23,3,N,10:56,F,527,11:04,coho,,2.1,63.95417,-160.85283,8-May,0.5,0.3,58,57,5,S,90
3275,8/24/2020,35,1,23,4,N,11:12,M,494,11:16,coho,,1.1,63.95417,-160.85283,8-May,0.5,0.3,58,57,5,S,90
3295,8/24/2020,35,1,23,5,N,11:20,M,573,11:27,coho,,2.1,63.95417,-160.85283,8-May,0.5,0.3,58,57,5,S,90
3315,8/24/2020,35,1,23,6,N,11:23,F,588,11:28,coho,,2.1,63.95417,-160.85283,8-May,0.5,0.3,58,57,5,S,90
3335,8/24/2020,35,1,23,7,S,12:19,M,504,12:23,coho,,2.1,63.95417,-160.85283,8-May,0.5,0.3,58,57,5,S,90
3355,8/24/2020,35,1,23,8,N,13:10,M,551,13:15,coho,,1.1,63.95417,-160.85283,8-May,0.5,0.3,58,57,5,S,90
3375,8/24/2020,35,1,23,9,N,13:11,M,554,13:16,coho,,1.1,63.95417,-160.85283,8-May,0.5,0.3,58,57,5,S,90
3395,8/24/2020,35,1,23,10,S,13:28,F,512,13:31,coho,,3,63.95417,-160.85283,8-May,0.5,0.3,58,57,5,S,90
3415,8/24/2020,35,1,24,1,,14:29,F,525,14:39,coho,,2.1,63.95417,-160.85283,8-May,0.5,0.3,58,57,5,S,90
3435,8/24/2020,35,1,24,2,S,14:29,M,584,14:39,coho,,3,63.95417,-160.85283,8-May,0.5,0.3,58,57,5,S,90
3455,8/24/2020,35,1,24,3,N,14:30,M,503,14:39,coho,,3.1,63.95417,-160.85283,8-May,0.5,0.3,58,57,5,S,90
3475,8/24/2020,35,1,24,4,S,14:34,M,528,14:42,coho,,2.1,63.95417,-160.85283,8-May,0.5,0.3,58,57,5,S,90
3495,8/24/2020,35,1,24,5,S,14:34,M,546,14:45,coho,,3,63.95417,-160.85283,8-May,0.5,0.3,58,57,5,S,90
3515,8/24/2020,35,1,24,6,S,15:07,M,503,15:11,coho,,1.1,63.95417,-160.85283,8-May,0.5,0.3,58,57,5,S,90
7215,8/24/2020,35,2,23,1,N,14:23,M,654,14:26,coho,,2.1,64.30094,-161.10243,8-Jul,0.2,0.1,58,58,5,S,
7235,8/24/2020,35,2,23,2,N,14:50,M,555,14:54,coho,,3,64.30094,-161.10243,8-Jul,0.2,0.1,58,58,5,S,
7255,8/24/2020,35,2,23,3,N,15:07,F,546,15:09,coho,,2.1,64.30094,-161.10243,8-Jul,0.2,0.1,58,58,5,S,
7275,8/24/2020,35,2,23,4,S,16:00,F,517,16:04,coho,,2.1,64.30094,-161.10243,8-Jul,0.2,0.1,58,58,5,S,
7295,8/24/2020,35,2,23,5,S,16:32,M,544,16:39,coho,,1.1,64.27122,-161.04342,8-Jul,0.2,0.1,60,59,1,,50
7315,8/24/2020,35,2,23,6,S,16:58,F,558,17:02,coho,,1.1,64.27122,-161.04342,8-Jul,0.2,0.1,60,59,1,,50
7335,8/24/2020,35,2,23,7,S,17:10,F,564,17:15,coho,,1.1,64.27122,-161.04342,8-Jul,0.2,0.1,60,59,1,,50
7355,8/24/2020,35,2,23,8,S,18:03,F,509,18:11,coho,,1.1,64.31762,-161.13248,8-Jul,0.4,0.2,60,60,1,,25
7375,8/24/2020,35,2,23,9,S,18:05,M,514,18:13,coho,,2.1,64.31762,-161.13248,8-Jul,0.4,0.2,60,60,1,,25
7395,8/24/2020,35,2,23,10,S,18:35,F,534,18:40,coho,,2.1,64.31762,-161.13248,8-May,0.4,0.2,60,60,1,,25
7415,8/24/2020,35,2,24,1,N,18:50,M,564,18:56,coho,,2.1,64.31762,-161.13248,8-Jul,0.4,0.2,60,60,1,,25
6875,8/20/2020,34,2,21,1,S,9:27,M,486,9:33,coho,,1.1,64.31762,-161.13248,8-Jul,0.4,0.2,56,59,5,W,100
6895,8/20/2020,34,2,21,2,S,10:03,M,526,10:15,coho,Spawning colors,3,64.31762,-161.13248,8-Jul,0.4,0.2,56,59,5,W,100
6915,8/20/2020,34,2,21,3,N,10:37,F,545,10:43,coho,,3,64.31762,-161.13248,8-Jul,0.4,0.2,56,59,5,W,100
6935,8/20/2020,34,2,21,4,N,10:54,F,556,11:00,coho,,2.1,64.31762,-161.13248,8-Jul,0.4,0.2,56,59,5,W,100
6955,8/20/2020,34,2,21,5,S,10:55,M,509,11:00,coho,Small,1.1,64.31762,-161.13248,8-Jul,0.4,0.2,56,59,5,W,100
6975,8/20/2020,34,2,21,6,N,11:10,M,502,11:15,coho,,1.1,64.31762,-161.13248,8-Jul,0.4,0.2,56,59,5,W,100
6995,8/20/2020,34,2,21,7,N,11:32,M,529,11:36,coho,,2.1,64.31762,-161.13248,8-Jul,0.4,0.2,56,59,5,W,100
7015,8/20/2020,34,2,21,8,S,11:59,M,554,12:05,coho,,2.1,64.31762,-161.13248,8-Jul,0.4,0.2,56,59,5,W,100
7035,8/20/2020,34,2,21,9,S,12:23,M,525,12:26,coho,,3,64.31762,-161.13248,8-Jul,0.4,0.2,56,59,5,W,100
7055,8/20/2020,34,2,21,10,S,12:36,M,569,12:39,coho,Missing 1 scale,1.1,64.31762,-161.13248,8-Jul,0.4,0.2,56,59,5,W,100
7075,8/20/2020,34,2,22,1,N,12:46,F,573,12:49,coho,,3,64.31762,-161.13248,8-Jul,0.4,0.2,56,59,5,W,100
7095,8/20/2020,34,2,22,2,S,12:58,M,529,13:02,sockeye,GASH,7,64.31762,-161.13248,8-Jul,0.4,0.2,56,59,5,W,100
7115,8/20/2020,34,2,22,3,N,13:08,M,542,13:12,coho,,1.1,64.31762,-161.13248,8-Jul,0.4,0.2,56,59,5,W,100
7135,8/20/2020,34,2,22,4,N,13:09,M,534,13:15,coho,,1.1,64.31762,-161.13248,8-Jul,0.4,0.2,56,59,5,W,100
7155,8/20/2020,34,2,22,5,N,14:34,M,520,14:37,coho,,2.1,64.28782,-161.07748,8-Jul,0.5,0.3,56,60,1,,100
7175,8/20/2020,34,2,22,6,S,14:39,M,524,14:50,coho,,3.1,64.28782,-161.07748,8-Jul,0.5,0.3,56,60,1,,100
7195,8/20/2020,34,2,22,7,S,14:46,F,558,14:50,coho,Missing 1 scale,3,64.28782,-161.07748,8-Jul,0.5,0.3,56,60,1,,100
2835,8/18/2020,34,1,21,1,N,11:07,M,573,11:15,coho,,2.1,63.95477,-160.85222,8-May,1.9,1.6,62,58,2,SE,0
2855,8/18/2020,34,1,21,2,N,11:10,F,468,11:15,coho,,1.1,63.95477,-160.85222,8-May,1.9,1.6,62,58,2,SE,0
2875,8/18/2020,34,1,21,3,N,11:17,F,478,11:25,coho,,3.1,63.95477,-160.85222,8-May,1.9,1.6,62,58,2,SE,0
2895,8/18/2020,34,1,21,4,N,11:18,M,529,11:25,coho,,2.1,63.95477,-160.85222,8-May,1.9,1.6,62,58,2,SE,0
2915,8/18/2020,34,1,21,5,N,11:18,M,561,11:25,coho,,2.1,63.95477,-160.85222,8-May,1.9,1.6,62,58,2,SE,0
2935,8/18/2020,34,1,21,6,N,11:20,M,554,11:27,coho,,3.1,63.95477,-160.85222,8-May,1.9,1.6,62,58,2,SE,0
2955,8/18/2020,34,1,21,7,N,11:29,F,503,11:35,coho,,2.1,63.95477,-160.85222,8-May,1.9,1.6,62,58,2,SE,0
2975,8/18/2020,34,1,21,8,N,11:29,M,553,11:35,coho,,3,63.95477,-160.85222,8-May,1.9,1.6,62,58,2,SE,0
2995,8/18/2020,34,1,21,9,S,11:30,F,547,11:35,coho,,3,63.95477,-160.85222,8-May,1.9,1.6,62,58,2,SE,0
3015,8/18/2020,34,1,21,10,N,11:39,F,571,11:45,coho,,2.1,63.95477,-160.85222,8-May,1.9,1.6,62,58,2,SE,0
3035,8/18/2020,34,1,22,1,N,11:39,F,543,11:46,coho,,1.1,63.95477,-160.85222,8-May,1.9,1.6,62,58,2,SE,0
3055,8/18/2020,34,1,22,2,N,11:50,M,531,12:01,coho,,2.1,63.95477,-160.85222,8-May,1.9,1.6,62,58,2,SE,0
3075,8/18/2020,34,1,22,3,N,11:51,F,566,12:01,coho,,2.1,63.95477,-160.85222,8-May,1.9,1.6,62,58,2,SE,0
3095,8/18/2020,34,1,22,4,S,11:53,M,557,12:01,coho,,2.1,63.95477,-160.85222,8-May,1.9,1.6,62,58,2,SE,0
3115,8/18/2020,34,1,22,5,S,11:56,M,544,12:02,coho,,2.1,63.95477,-160.85222,8-May,1.9,1.6,62,58,2,SE,0
3135,8/18/2020,34,1,22,6,N,12:06,M,551,12:16,coho,,1.1,63.95477,-160.85222,8-May,1.9,1.6,62,58,2,SE,0
3155,8/18/2020,34,1,22,7,N,12:10,M,525,12:16,coho,,3,63.95477,-160.85222,8-May,1.9,1.6,62,58,2,SE,0
3175,8/18/2020,34,1,22,8,S,12:12,M,526,12:16,coho,,1.1,63.95477,-160.85222,8-May,1.9,1.6,62,58,2,SE,0
3195,8/18/2020,34,1,22,9,N,12:20,F,569,12:28,coho,,2.1,63.95477,-160.85222,8-May,1.9,1.6,62,58,2,SE,0
6755,8/18/2020,34,2,20,1,N,13:37,F,489,13:41,coho,,1.1,64.27301,-161.04781,8-May,2.5,2,64,60,,,
6775,8/18/2020,34,2,20,2,N,13:37,M,584,13:43,coho,Bite mark.,2.1,64.27301,-161.04781,8-May,2.5,2,64,60,,,
6795,8/18/2020,34,2,20,3,N,13:38,M,565,13:45,chinook,,7,64.27301,-161.04781,8-May,1,1,64,60,,,
6815,8/18/2020,34,2,20,4,N,14:59,M,552,15:03,coho,,2.1,64.27301,-161.04781,8-May,2.5,2,64,60,,,
6835,8/18/2020,34,2,20,5,N,14:59,F,573,15:05,coho,,1.1,64.27301,-161.04781,8-May,2.5,2,64,60,,,
6855,8/18/2020,34,2,20,6,N,15:14,F,574,15:20,coho,,3.1,64.27301,-161.04781,8-Jul,2.5,2,64,60,,,
2415,8/17/2020,34,1,18,1,S,13:37,M,510,13:43,coho,,1.1,63.95427,-160.8533,SN,1.3,1,72,58,15,SE,0
2435,8/17/2020,34,1,18,2,N,13:48,M,565,13:53,coho,,4,63.95427,-160.8533,SN,1.3,1,72,58,15,SE,0
2455,8/17/2020,34,1,18,3,N,13:57,M,567,14:06,coho,,2.1,63.95427,-160.8533,SN,1.3,1,72,58,15,SE,0
2475,8/17/2020,34,1,18,4,N,13:59,M,564,14:06,coho,,2.1,63.95427,-160.8533,SN,1.3,1,72,58,15,SE,0
2495,8/17/2020,34,1,18,5,N,13:59,F,528,14:09,coho,,3,63.95427,-160.8533,SN,1.3,1,72,58,15,SE,0
2515,8/17/2020,34,1,18,6,S,14:02,F,527,14:11,coho,,2.1,63.95427,-160.8533,SN,1.3,1,72,58,15,SE,0
2535,8/17/2020,34,1,18,7,N,14:02,M,594,14:13,coho,,2.1,63.95427,-160.8533,SN,1.3,1,72,58,15,SE,0
2555,8/17/2020,34,1,18,8,N,14:03,F,530,14:15,coho,,1.1,63.95427,-160.8533,SN,1.3,1,72,58,15,SE,0
2575,8/17/2020,34,1,18,9,N,14:18,F,548,14:25,coho,,3.1,63.95427,-160.8533,SN,1.3,1,72,58,15,SE,0
2595,8/17/2020,34,1,18,10,N,14:18,M,553,14:25,coho,,3.1,63.95427,-160.8533,SN,1.3,1,72,58,15,SE,0
2615,8/17/2020,34,1,19,1,N,14:20,F,563,14:28,coho,,3.1,63.95427,-160.8533,SN,1.3,1,72,58,15,SE,0
2635,8/17/2020,34,1,19,2,N,14:21,F,539,14:31,coho,,1.1,63.95427,-160.8533,SN,1.3,1,72,58,15,SE,0
2655,8/17/2020,34,1,19,3,N,14:21,F,561,14:33,coho,,1.1,63.95427,-160.8533,SN,1.3,1,72,58,15,SE,0
2675,8/17/2020,34,1,19,4,S,14:47,F,559,14:54,coho,,1.1,63.95427,-160.8533,SN,1.3,1,72,58,15,SE,0
2695,8/17/2020,34,1,19,5,S,14:52,M,491,14:54,coho,,2.1,63.95427,-160.8533,SN,1.3,1,72,58,15,SE,0
2715,8/17/2020,34,1,19,6,S,14:57,M,528,15:03,coho,,2.1,63.95427,-160.8533,SN,1.3,1,72,58,15,SE,0
2735,8/17/2020,34,1,19,7,N,14:58,M,539,15:04,coho,,2.1,63.95427,-160.8533,SN,1.3,1,72,58,15,SE,0
2755,8/17/2020,34,1,19,8,N,14:58,F,578,15:05,coho,,2.1,63.95427,-160.8533,SN,1.3,1,72,58,15,SE,0
2775,8/17/2020,34,1,19,9,S,15:15,M,549,15:19,coho,,1.1,63.95427,-160.8533,SN,1.3,1,72,58,15,SE,0
2795,8/17/2020,34,1,19,10,S,15:28,F,548,15:32,coho,,2.1,63.95427,-160.8533,SN,1.3,1,72,58,15,SE,0
2815,8/17/2020,34,1,20,1,N,15:29,F,539,15:34,coho,,2.1,63.95427,-160.8533,SN,1.3,1,72,58,15,SE,0
6415,8/17/2020,34,2,18,1,S,11:34,M,509,11:37,coho,,1.1,64.30146,-161.10429,8-May,1.25,1,69,58,12,S,0
6435,8/17/2020,34,2,18,2,N,11:39,M,571,11:45,coho,,2.1,64.30146,-161.10429,8-May,1.25,1,69,58,12,S,0
6455,8/17/2020,34,2,18,3,N,11:58,F,577,12:02,coho,,1.1,64.30146,-161.10429,8-May,1.25,1,69,58,12,S,0
6475,8/17/2020,34,2,18,4,N,12:13,F,587,12:16,coho,,3.1,64.30146,-161.10429,8-May,1.25,1,69,58,12,S,0
6495,8/17/2020,34,2,18,5,N,12:13,F,533,12:18,coho,,3,64.30146,-161.10429,8-May,1.25,1,69,58,12,S,0
6515,8/17/2020,34,2,18,6,S,13:06,M,545,13:09,coho,,2.1,64.30146,-161.10429,8-May,1.25,1,69,58,12,S,0
6535,8/17/2020,34,2,18,7,S,13:37,M,551,13:42,coho,Reset net,1.1,64.30146,-161.10429,8-Jul,1.25,1,69,58,1,,0
6555,8/17/2020,34,2,18,8,N,13:45,M,554,13:49,coho,,2.1,64.30146,-161.10429,8-Jul,1.25,1,69,58,1,,0
6575,8/17/2020,34,2,18,9,N,14:16,F,484,14:23,coho,,1.1,64.30146,-161.10429,8-Jul,1.25,1,69,58,1,,0
6595,8/17/2020,34,2,18,10,S,14:41,F,585,14:48,coho,,2.1,64.30146,-161.10429,8-Jul,1.25,1,69,58,1,,0
6615,8/17/2020,34,2,19,1,N,15:00,M,512,15:08,coho,,1.1,64.30146,-161.10429,8-Jul,1.25,1,69,58,1,,0
6635,8/17/2020,34,2,19,2,N,15:00,M,532,15:08,coho,,1.1,64.30146,-161.10429,8-Jul,1.25,1,69,58,1,,0
6655,8/17/2020,34,2,19,3,N,15:15,M,503,15:20,coho,,3,64.30146,-161.10429,8-Jul,1.25,1,69,58,1,,0
6675,8/17/2020,34,2,19,4,N,15:29,F,510,15:33,coho,,3,64.30146,-161.10429,8-Jul,1.25,1,69,58,1,,0
6695,8/17/2020,34,2,19,5,S,15:49,F,561,15:53,coho,,2.1,64.30146,-161.10429,8-Jul,1.25,1,69,58,1,,0
6715,8/17/2020,34,2,19,6,S,16:10,F,537,16:15,coho,,2.1,64.30146,-161.10429,8-Jul,1.25,1,69,58,1,,0
6735,8/17/2020,34,2,19,7,S,16:12,M,598,16:16,coho,Large.,1.1,64.30146,-161.10429,8-Jul,1.25,1,69,58,1,,0
6195,8/13/2020,33,2,16,1,N,9:11,M,520,9:15,coho,,4,64.29974,-161.10029,8-Jul,1,0.75,56,57,2,W,100
6215,8/13/2020,33,2,16,2,N,9:23,F,510,9:32,coho,,2.1,64.29974,-161.10029,8-May,1,0.75,56,57,2,W,100
6235,8/13/2020,33,2,16,3,N,9:23,F,560,9:32,coho,,1.1,64.29974,-161.10029,8-May,1,0.75,56,57,2,W,100
6255,8/13/2020,33,2,16,4,S,9:40,M,553,9:45,coho,Recapture going North.,3,64.29974,-161.10029,8-May,1,0.75,56,57,2,W,100
6275,8/13/2020,33,2,16,5,S,9:41,M,556,9:46,coho,,2.1,64.29974,-161.10029,8-May,1,0.75,56,57,2,W,100
6295,8/13/2020,33,2,16,6,N,9:54,F,535,10:00,coho,,2.1,64.29974,-161.10029,8-May,1,0.75,56,57,2,W,100
6315,8/13/2020,33,2,16,7,S,9:56,F,568,10:01,coho,,3,64.29974,-161.10029,8-Jul,1,0.75,56,57,2,W,100
6335,8/13/2020,33,2,16,8,S,10:39,M,581,10:43,coho,,2.1,64.29974,-161.10029,8-May,1,0.75,56,57,2,W,100
6355,8/13/2020,33,2,16,9,N,10:49,F,556,10:53,coho,,2.1,64.29974,-161.10029,8-Jul,1,0.75,56,57,2,W,100
6375,8/13/2020,33,2,16,10,S,10:57,F,557,10:59,coho,,2.1,64.29974,-161.10029,8-May,1,0.75,56,57,2,W,100
6395,8/13/2020,33,2,17,1,S,10:57,F,506,11:03,coho,,1.1,64.29974,-161.10029,8-May,1,0.75,56,57,2,W,100
1715,8/12/2020,33,1,14,1,N,10:20,F,499,10:32,coho,,3,63.95433,-160.85193,SN,0.6,0.5,,57,3,SW,20
1735,8/12/2020,33,1,14,2,N,10:26,F,555,10:32,coho,,1.1,63.95433,-160.85193,SN,0.6,0.5,,57,3,SW,20
1755,8/12/2020,33,1,14,3,S,10:40,F,485,10:53,coho,,3.1,63.95433,-160.85193,SN,0.6,0.5,,57,3,SW,20
1775,8/12/2020,33,1,14,4,N,10:43,M,508,10:53,coho,,1.1,63.95433,-160.85193,SN,0.6,0.5,,57,3,SW,20
1795,8/12/2020,33,1,14,5,N,10:45,M,486,10:53,coho,,2.1,63.95433,-160.85193,SN,0.6,0.5,,57,3,SW,20
1815,8/12/2020,33,1,14,6,S,10:48,F,554,10:54,coho,,3.1,63.95433,-160.85193,SN,0.6,0.5,,57,3,SW,20
1835,8/12/2020,33,1,14,7,N,10:50,M,478,10:57,coho,,3,63.95433,-160.85193,SN,0.6,0.5,,57,3,SW,20
1855,8/12/2020,33,1,14,8,N,10:51,M,536,10:59,coho,,2.1,63.95433,-160.85193,SN,0.6,0.5,,57,3,SW,20
1875,8/12/2020,33,1,14,9,N,11:02,M,530,11:13,coho,,2.1,63.95433,-160.85193,SN,0.6,0.5,,57,3,SW,20
1895,8/12/2020,33,1,14,10,N,11:05,F,516,11:13,coho,,2.1,63.95433,-160.85193,SN,0.6,0.5,,57,3,SW,20
1915,8/12/2020,33,1,15,1,N,11:07,M,524,11:13,coho,,4,63.95433,-160.85193,SN,0.6,0.5,,57,3,SW,20
1935,8/12/2020,33,1,15,2,N,11:17,M,518,11:30,coho,,2.1,63.95433,-160.85193,SN,0.6,0.5,,57,3,SW,20
1955,8/12/2020,33,1,15,3,S,11:17,F,526,11:30,coho,,1.1,63.95433,-160.85193,SN,0.6,0.5,,57,3,SW,20
1975,8/12/2020,33,1,15,4,S,11:23,M,518,11:30,coho,,2.1,63.95433,-160.85193,SN,0.6,0.5,,57,3,SW,20
1995,8/12/2020,33,1,15,5,N,11:25,M,553,11:33,coho,,4,63.95433,-160.85193,SN,0.6,0.5,,57,3,SW,20
2015,8/12/2020,33,1,15,6,S,11:27,M,519,11:36,coho,,1.1,63.95433,-160.85193,SN,0.6,0.5,,57,3,SW,20
2035,8/12/2020,33,1,15,7,S,11:29,M,578,11:38,sockeye,,7,64.02222,-160.88222,SN,0.6,0.5,,57,3,SW,20
2055,8/12/2020,33,1,15,8,S,11:45,M,543,11:52,coho,,2.1,63.95433,-160.85193,SN,0.6,0.5,,57,3,SW,20
2075,8/12/2020,33,1,15,9,S,11:47,F,545,11:51,coho,,2.1,63.95433,-160.85193,SN,0.6,0.5,,57,3,SW,20
2095,8/12/2020,33,1,15,10,N,11:48,M,545,11:55,coho,,2.1,63.95433,-160.85193,SN,0.6,0.5,,57,3,SW,20
2115,8/12/2020,33,1,16,2,N,11:48,M,502,12:02,coho,,2.1,63.95433,-160.85193,SN,0.6,0.5,,57,3,SW,20
2135,8/12/2020,33,1,16,1,N,11:50,F,491,12:02,coho,,2.1,63.95433,-160.85193,SN,0.6,0.5,,57,3,SW,20
2155,8/12/2020,33,1,16,3,N,11:50,M,561,12:03,coho,,3.1,63.95433,-160.85193,SN,0.6,0.5,,57,3,SW,20
2175,8/12/2020,33,1,16,4,N,11:56,M,499,12:05,coho,,2.1,63.95433,-160.85193,SN,0.6,0.5,,57,3,SW,20
2195,8/12/2020,33,1,16,5,S,11:58,F,575,12:07,coho,,3.1,63.95433,-160.85193,SN,0.6,0.5,,57,3,SW,20
2215,8/12/2020,33,1,16,6,N,11:58,M,555,12:10,coho,,3.1,63.95433,-160.85193,SN,0.6,0.5,,57,3,SW,20
2235,8/12/2020,33,1,16,7,S,11:59,F,503,12:13,coho,,3,63.95433,-160.85193,SN,0.6,0.5,,57,3,SW,20
2255,8/12/2020,33,1,16,8,N,12:16,M,564,12:24,chinook,,7,64.02222,-160.88222,SN,0.6,0.5,,57,3,SW,20
2275,8/12/2020,33,1,16,9,N,12:18,F,542,12:24,coho,,2.1,63.95433,-160.85193,SN,0.6,0.5,,57,3,SW,20
2295,8/12/2020,33,1,16,10,N,12:19,M,513,12:52,coho,,2.1,63.95433,-160.85193,SN,0.6,0.5,,57,4,N,15
2315,8/12/2020,33,1,17,1,S,12:19,F,518,12:28,coho,,2.1,63.95433,-160.85193,SN,0.6,0.5,,57,4,N,15
2335,8/12/2020,33,1,17,2,N,12:19,F,509,12:30,coho,,2.1,63.95433,-160.85193,SN,0.6,0.5,,57,4,N,15
2355,8/12/2020,33,1,17,3,N,12:35,F,568,12:42,coho,,2.1,63.95433,-160.85193,SN,0.6,0.5,,57,4,N,15
2375,8/12/2020,33,1,17,4,S,12:44,F,532,12:48,coho,,1.1,63.95433,-160.85193,SN,0.6,0.5,,57,4,N,15
2395,8/12/2020,33,1,17,5,N,12:46,M,495,12:50,coho,,2.1,63.95433,-160.85193,SN,0.6,0.5,,57,4,N,15
5475,8/12/2020,33,2,12,1,S,9:43,F,520,9:48,coho,GASH,2.1,64.18191,-160.9575,8-May,1.2,1,54,58,1,,75
5495,8/12/2020,33,2,12,2,N,10:08,M,554,10:16,coho,,2.1,64.18191,-160.9575,8-Jul,1.2,1,54,58,1,,75
5515,8/12/2020,33,2,12,3,N,10:09,F,565,10:18,coho,,2.1,64.18191,-160.9575,8-May,1.2,1,54,58,1,,75
5535,8/12/2020,33,2,12,4,S,10:10,M,525,10:15,coho,,2.1,64.18191,-160.9575,8-May,1.2,1,54,58,1,,75
5555,8/12/2020,33,2,12,6,N,10:25,M,579,10:30,coho,,2.1,64.18191,-160.9575,8-May,1.2,1,54,58,1,,75
5575,8/12/2020,33,2,12,7,N,10:26,M,554,10:31,coho,,2.1,64.18191,-160.9575,8-May,1.2,1,54,58,1,,75
5595,8/12/2020,33,2,12,8,S,10:27,F,585,10:32,coho,,2.1,64.18191,-160.9575,8-May,1.2,1,54,58,1,,75
5615,8/12/2020,33,2,12,9,S,10:37,F,481,10:42,coho,,2.1,64.18191,-160.9575,8-May,1.2,1,54,58,1,,75
5635,8/12/2020,33,2,12,10,S,10:38,F,566,10:42,coho,Large.,1.1,64.18191,-160.9575,8-May,1.2,1,54,58,1,,75
5655,8/12/2020,33,2,13,1,N,10:42,F,513,10:56,coho,Small.,2.1,64.18191,-160.9575,8-May,1.2,1,54,58,1,,75
5675,8/12/2020,33,2,13,2,S,11:03,F,561,11:10,coho,,2.1,64.18191,-160.9575,8-Jul,1.2,1,54,58,1,,75
5695,8/12/2020,33,2,13,3,S,11:05,M,544,11:10,coho,,2.1,64.18191,-160.9575,8-Jul,1.2,1,54,58,1,,75
5715,8/12/2020,33,2,13,4,S,11:15,F,517,11:27,coho,,2.1,64.18191,-160.9575,8-Jul,1.2,1,54,58,1,,75
5735,8/12/2020,33,2,13,5,N,11:19,M,494,11:27,coho,,2.1,64.18191,-160.9575,8-Jul,1.2,1,54,58,1,,75
5755,8/12/2020,33,2,13,6,S,11:52,F,554,11:57,coho,,3,64.18191,-160.9575,8-Jul,1.2,1,54,58,1,,75
5775,8/12/2020,33,2,13,7,N,12:10,M,464,12:26,coho,Small.,3.1,64.18191,-160.9575,8-May,1.2,1,54,58,1,,75
5795,8/12/2020,33,2,13,8,N,12:14,F,549,12:24,coho,,2.1,64.18191,-160.9575,8-Jul,1.2,1,54,58,1,,75
5815,8/12/2020,33,2,13,9,S,12:29,M,567,12:42,coho,,3,64.18191,-160.9575,8-Jul,1.2,1,54,58,1,,75
5835,8/12/2020,33,2,13,10,S,12:29,F,535,12:43,coho,,2.1,64.18191,-160.9575,8-Jul,1.2,1,54,58,1,,75
5855,8/12/2020,33,2,14,1,N,12:34,F,526,12:43,coho,,2.1,64.18191,-160.9575,8-Jul,1.2,1,54,58,1,,75
5875,8/12/2020,33,2,14,2,S,13:11,F,583,13:21,coho,,2.1,64.18191,-160.9575,8-Jul,1.2,1,54,58,1,,75
5895,8/12/2020,33,2,14,3,S,13:21,M,494,13:21,coho,Small.,3.1,64.18191,-160.9575,8-Jul,1.2,1,54,58,1,,75
5915,8/12/2020,33,2,14,4,S,13:30,F,555,13:35,coho,,1.1,64.18191,-160.9575,SN,1.2,1,54,58,1,,75
5935,8/12/2020,33,2,14,5,S,13:51,M,469,14:05,coho,,2.1,64.18191,-160.9575,SN,1.2,1,54,58,1,,75
5955,8/12/2020,33,2,14,6,S,13:53,M,520,14:05,coho,,2.1,64.18191,-160.9575,SN,1.2,1,54,58,1,,75
5975,8/12/2020,33,2,14,7,N,13:53,F,524,14:05,coho,,2.1,64.18191,-160.9575,SN,1.2,1,54,58,1,,75
5995,8/12/2020,33,2,14,8,S,13:56,F,549,14:05,coho,,2.1,64.18191,-160.9575,SN,1.2,1,54,58,1,,75
6015,8/12/2020,33,2,14,9,S,14:12,M,485,14:18,coho,Small.,1.1,64.18191,-160.9575,SN,1.2,1,54,58,1,,75
6035,8/12/2020,33,2,14,10,S,14:13,M,576,14:19,coho,,3.1,64.18191,-160.9575,SN,1.2,1,54,58,1,,75
6055,8/12/2020,33,2,15,1,S,14:13,M,544,14:18,coho,,2.1,64.18191,-160.9575,SN,1.2,1,54,61,1,,75
6075,8/12/2020,33,2,15,2,S,14:14,F,494,14:19,coho,Small.,1.1,64.18191,-160.9575,SN,1.2,1,54,61,1,,75
6095,8/12/2020,33,2,15,3,S,14:28,F,575,14:33,coho,,3,64.18191,-160.9575,8-Jul,1.2,1,54,61,1,,75
6115,8/12/2020,33,2,15,4,S,14:30,F,515,14:35,coho,,8,64.18191,-160.9575,8-Jul,1.2,1,54,61,1,,75
6135,8/12/2020,33,2,15,5,S,14:52,F,519,15:00,coho,,2.1,64.18191,-160.9575,8-Jul,1.2,1,54,61,1,,75
6155,8/12/2020,33,2,15,6,S,14:53,M,480,15:00,coho,Small.,3,64.18191,-160.9575,8-Jul,1.2,1,54,61,1,,75
6175,8/12/2020,33,2,15,7,N,15:05,M,559,15:10,coho,,2.1,64.18191,-160.9575,8-Jul,1.2,1,54,61,1,,75
1675,8/11/2020,33,1,13,1,S,13:22,M,565,13:28,coho,,3.1,64.01708,-160.91208,8-May,1.4,1,60,57,4,S,15
1695,8/11/2020,33,1,13,2,N,14:24,M,525,14:28,coho,,2.1,64.0753,-160.9474,8-May,1.5,1.1,62,58,8,W,8
4895,8/11/2020,33,2,9,1,N,9:27,M,561,9:42,coho,,2.1,64.18224,-160.95687,8-Jul,,,52,58,,,
4915,8/11/2020,33,2,9,2,S,9:30,F,548,9:42,sockeye,,7,64.18224,-160.95687,8-May,,,52,58,,,
4935,8/11/2020,33,2,9,3,S,9:30,M,550,9:42,coho,,2.1,64.18224,-160.95687,8-May,,,52,58,,,
4955,8/11/2020,33,2,9,4,S,9:31,M,569,9:42,coho,,2.1,64.18224,-160.95687,8-May,,,52,58,,,
4975,8/11/2020,33,2,9,5,S,9:40,M,537,9:56,chinook,,7,64.18224,-160.95687,8-May,,,52,58,,,
4995,8/11/2020,33,2,9,6,S,9:41,M,545,9:56,coho,,2.1,64.18224,-160.95687,8-May,,,52,58,,,
5015,8/11/2020,33,2,9,7,S,10:00,F,519,10:13,coho,,2.1,64.18224,-160.95687,8-Jul,,,52,58,,,
5035,8/11/2020,33,2,9,8,S,10:01,M,510,10:13,coho,,1.1,64.18224,-160.95687,8-May,,,52,58,,,
5055,8/11/2020,33,2,9,9,S,10:03,M,522,10:14,coho,,2.1,64.18224,-160.95687,8-May,,,52,58,,,
5075,8/11/2020,33,2,9,10,S,10:05,F,504,10:15,coho,,3,64.18224,-160.95687,8-May,,,52,58,,,
5095,8/11/2020,33,2,10,1,S,10:15,F,523,10:25,coho,,1.1,64.18224,-160.95687,8-Jul,,,52,58,,,
5115,8/11/2020,33,2,10,2,S,10:16,M,525,10:25,coho,,4,64.18224,-160.95687,8-Jul,,,52,58,,,
5135,8/11/2020,33,2,10,3,S,10:17,F,565,10:24,coho,,2.1,64.18224,-160.95687,8-Jul,,,52,58,,,
5155,8/11/2020,33,2,10,4,N,10:47,F,523,10:56,coho,,1.1,64.18224,-160.95687,8-May,,,52,58,,,
5175,8/11/2020,33,2,10,5,S,10:49,M,475,10:57,coho,,1.1,64.18224,-160.95687,8-Jul,,,52,58,,,
5195,8/11/2020,33,2,10,6,S,10:51,M,541,10:58,coho,NA,2.1,64.18224,-160.95687,8-Jul,,,52,58,,,
5215,8/11/2020,33,2,10,7,S,11:03,M,584,11:13,coho,,2.1,64.18224,-160.95687,8-Jul,,,52,58,,,
5235,8/11/2020,33,2,10,8,S,11:05,F,512,11:13,coho,,1.1,64.18224,-160.95687,8-Jul,,,52,58,,,
5255,8/11/2020,33,2,10,9,N,11:07,M,563,11:15,coho,,2.1,64.18224,-160.95687,8-Jul,,,52,58,,,
5275,8/11/2020,33,2,10,10,N,11:07,F,526,11:18,coho,,2.1,64.18224,-160.95687,8-May,,,52,58,,,
5295,8/11/2020,33,2,11,1,N,11:08,F,535,11:20,coho,,3,64.18224,-160.95687,8-May,,,52,58,,,
5315,8/11/2020,33,2,11,2,S,11:15,M,512,11:39,coho,,1.1,64.18224,-160.95687,8-May,,,52,58,,,
5335,8/11/2020,33,2,11,3,S,11:16,M,543,11:42,coho,Seal bite,2.1,64.18224,-160.95687,8-Jul,,,52,58,,,
5355,8/11/2020,33,2,11,4,S,13:40,F,520,13:44,coho,,2.1,64.24019,-160.98668,8-May,1,0.5,62,59,1,,0
5375,8/11/2020,33,2,11,5,N,13:58,F,542,14:05,coho,,2.1,64.24019,-160.98668,8-May,1,0.5,62,59,1,,0
5395,8/11/2020,33,2,11,6,S,14:43,F,535,14:44,coho, Abby tagged! (No scales),5,64.24019,-160.98668,8-Jul,1,0.5,62,59,1,,0
5415,8/11/2020,33,2,11,7,S,14:52,F,545,14:56,coho,,1.1,64.24019,-160.98668,8-Jul,1,0.5,62,59,1,,0
5435,8/11/2020,33,2,11,8,N,14:53,M,485,14:57,coho,,2.1,64.24019,-160.98668,8-Jul,1,0.5,62,59,1,,0
5455,8/11/2020,33,2,11,9,N,15:45,F,554,15:50,coho,,2.1,64.24019,-160.98668,8-May,1,0.5,62,59,1,,0
1455,8/10/2020,33,1,11,1,S,11:44,F,526,11:51,coho,,2.1,64.01728,-160.91138,8-May,1,0.7,59,56,5,SE,30
1475,8/10/2020,33,1,11,2,N,11:48,M,584,11:53,coho,,2.1,64.01728,-160.91138,8-May,1,0.7,59,56,5,SE,30
1495,8/10/2020,33,1,11,3,N,12:06,F,455,12:10,coho,,2.1,64.01728,-160.91138,8-May,1,0.7,59,56,5,SE,30
1515,8/10/2020,33,1,11,4,S,13:03,F,483,13:08,coho,,2.1,64.01728,-160.91138,8-May,1,0.7,59,56,5,SE,30
1535,8/10/2020,33,1,11,5,N,13:17,F,533,13:22,coho,,3.1,64.02448,-160.91692,8-May,1.3,1.1,,,7,SE,50
1555,8/10/2020,33,1,11,6,S,13:37,M,613,13:41,coho,,4,64.02448,-160.91692,8-May,1.3,1.1,,,7,SE,50
1575,8/10/2020,33,1,11,7,N,13:38,M,544,13:43,coho,,2.1,64.02448,-160.91692,8-May,1.3,1.1,,,7,SE,50
1595,8/10/2020,33,1,11,8,N,13:51,M,512,13:58,coho,,1.1,64.02448,-160.91692,8-May,1.3,1.1,,,7,SE,50
1615,8/10/2020,33,1,11,9,N,14:01,M,542,14:07,coho,,1.1,64.02448,-160.91692,8-May,1.3,1.1,,,7,SE,50
1635,8/10/2020,33,1,11,10,S,14:02,M,388,14:08,sockeye,,7,64.02448,-160.91692,8-May,1.3,1.1,,,7,SE,50
1655,8/10/2020,33,1,12,1,S,14:02,M,528,14:10,coho,,4,64.02448,-160.91692,8-May,1.3,1.1,,,7,SE,50
4535,8/10/2020,33,2,7,1,S,9:23,F,558,9:28,coho,,2.1,64.28699,-161.07575,8-May,0.9,0.6,51,58,1,,75
4555,8/10/2020,33,2,7,2,S,9:52,M,484,10:00,coho,bleeding,2.1,64.28699,-161.07575,8-May,0.9,0.6,51,58,1,,75
4575,8/10/2020,33,2,7,3,S,10:10,M,558,10:15,coho,,2.1,64.28699,-161.07575,8-May,0.9,0.6,51,58,1,,75
4595,8/10/2020,33,2,7,4,N,11:08,M,542,11:13,coho,,2.1,64.28699,-161.07575,8-May,0.9,0.6,51,58,1,,75
4615,8/10/2020,33,2,7,5,N,12:14,F,544,12:19,coho,,1.1,64.132,-160.95424,8-Jul,1.5,1.25,62,58,1,S,25
4635,8/10/2020,33,2,7,6,N,12:26,M,535,12:30,coho,,2.1,64.132,-160.95424,8-Jul,1.5,1.25,62,58,1,S,25
4655,8/10/2020,33,2,7,7,N,12:29,M,485,12:33,coho,,1.1,64.132,-160.95424,8-Jul,1.5,1.25,62,58,1,S,25
4675,8/10/2020,33,2,7,8,S,12:36,M,525,12:42,coho,,2.1,64.132,-160.95424,8-Jul,1.5,1.25,62,58,1,S,25
4695,8/10/2020,33,2,7,9,S,13:40,M,546,13:43,coho,,2.1,64.18195,-160.95771,SN,1.5,1.25,,58,1,,
4715,8/10/2020,33,2,7,10,S,13:42,F,533,13:49,coho,GASH,2.1,64.18195,-160.95771,SN,1.5,1.25,,58,1,,
4735,8/10/2020,33,2,8,1,S,14:00,M,554,14:03,coho,,3,64.18195,-160.95771,SN,1.5,1.25,,58,1,,
4755,8/10/2020,33,2,8,2,S,14:01,M,521,14:04,coho,,3,64.18195,-160.95771,SN,1.5,1.25,,58,1,,
4775,8/10/2020,33,2,8,3,N,14:02,M,579,14:06,coho,,2.1,64.18195,-160.95771,SN,1.5,1.25,,58,1,,
4795,8/10/2020,33,2,8,4,S,14:40,M,499,14:56,coho,,2.1,64.18195,-160.95771,8-Jul,1.5,1.25,,58,1,,
4815,8/10/2020,33,2,8,5,S,14:41,M,535,14:56,coho,,2.1,64.18195,-160.95771,8-Jul,1.5,1.25,,58,1,,
4835,8/10/2020,33,2,8,6,N,14:50,M,563,14:57,coho,,2.1,64.18195,-160.95771,8-Jul,1.5,1.25,,58,1,,
4855,8/10/2020,33,2,8,7,N,14:57,M,488,14:57,coho,,2.1,64.18195,-160.95771,8-Jul,1.5,1.25,,58,1,,
4875,8/10/2020,33,2,8,8,N,15:22,M,505,15:27,coho,,3,64.18195,-160.95771,8-Jul,1.5,1.25,,58,1,,
895,8/7/2020,32,1,8,1,S,10:11,F,533,10:26,coho,,1.1,64.0169,-160.91451,8-May,0.8,0.5,60,58,7,S,85
915,8/7/2020,32,1,8,2,N,10:12,F,576,10:26,coho,,2.1,64.0169,-160.91451,8-May,0.8,0.5,60,58,7,S,85
935,8/7/2020,32,1,8,3,N,10:15,M,405,10:28,coho,,2.1,64.0169,-160.91451,8-May,0.8,0.5,60,58,7,S,85
955,8/7/2020,32,1,8,4,N,10:17,F,505,10:31,coho,,1.1,64.0169,-160.91451,8-May,0.8,0.5,60,58,7,S,85
975,8/7/2020,32,1,8,5,N,10:50,M,599,10:55,coho,,2.1,64.0169,-160.91451,8-May,0.8,0.5,60,58,7,S,85
995,8/7/2020,32,1,8,6,N,11:02,M,501,11:05,coho,,2.1,64.0169,-160.91451,8-May,0.8,0.5,60,58,7,S,85
1015,8/7/2020,32,1,8,7,S,11:09,M,568,11:12,coho,,3.1,64.0169,-160.91451,8-May,0.8,0.5,60,58,7,S,85
1035,8/7/2020,32,1,8,8,N,11:10,M,612,11:17,coho,,1.1,64.0169,-160.91451,8-May,0.8,0.5,60,58,7,S,85
1055,8/7/2020,32,1,8,9,N,11:33,F,554,11:38,coho,,2.1,64.0169,-160.91451,8-May,0.8,0.5,60,58,7,S,85
1075,8/7/2020,32,1,8,10,N,11:45,F,509,11:52,coho,,3,64.0169,-160.91451,8-May,0.8,0.5,60,58,7,S,85
1095,8/7/2020,32,1,9,1,N,12:04,M,557,12:09,coho,,1.1,64.0169,-160.91451,8-May,0.8,0.5,60,58,7,S,85
1115,8/7/2020,32,1,9,2,S,12:33,M,534,12:38,coho,,2.1,64.0169,-160.91451,8-May,0.8,0.5,60,58,7,S,85
1135,8/7/2020,32,1,9,3,N,12:33,M,549,12:41,coho,,2.1,64.0169,-160.91451,8-May,0.8,0.5,60,58,7,S,85
1155,8/7/2020,32,1,9,4,S,12:43,M,506,12:52,coho,,1.1,64.0169,-160.91451,8-May,0.8,0.5,60,58,7,S,85
1175,8/7/2020,32,1,9,5,N,12:44,M,481,12:52,coho,,2.1,64.0169,-160.91451,8-May,0.8,0.5,60,58,7,S,85
1195,8/7/2020,32,1,9,6,N,12:45,M,536,12:53,coho,,2.1,64.0169,-160.91451,8-May,0.8,0.5,60,58,7,S,85
1215,8/7/2020,32,1,9,7,N,13:22,F,570,13:27,coho,,2.1,64.0169,-160.91451,8-May,0.8,0.5,60,58,7,S,85
1235,8/7/2020,32,1,9,8,N,13:57,M,580,14:01,coho,,4,64.0169,-160.91451,8-May,0.8,0.5,60,58,7,S,85
1255,8/7/2020,32,1,9,9,N,14:37,F,541,14:41,coho,,2.1,64.0169,-160.91451,8-May,0.8,0.5,60,58,7,S,85
1275,8/7/2020,32,1,9,10,S,14:57,M,499,15:07,coho,,2.1,64.0169,-160.91451,8-May,0.8,0.5,60,58,7,S,85
1295,8/7/2020,32,1,10,1,S,14:58,M,537,15:11,coho,,3,64.0169,-160.91451,8-May,0.8,0.5,60,58,7,S,85
1315,8/7/2020,32,1,10,2,S,14:58,M,542,15:14,coho,,2.1,64.0169,-160.91451,8-May,0.8,0.5,60,58,7,S,85
1335,8/7/2020,32,1,10,3,S,14:59,M,544,15:18,coho,,3.1,64.0169,-160.91451,8-May,0.8,0.5,60,58,7,S,85
1355,8/7/2020,32,1,10,4,S,14:59,F,523,15:21,coho,,1.1,64.0169,-160.91451,8-May,0.8,0.5,60,58,7,S,85
1375,8/7/2020,32,1,10,5,S,15:24,M,543,15:29,coho,,2.1,64.0169,-160.91451,8-May,0.8,0.5,60,58,7,S,85
1395,8/7/2020,32,1,10,6,S,15:24,M,485,15:30,coho,,2.1,64.0169,-160.91451,8-May,0.8,0.5,60,58,7,S,85
1415,8/7/2020,32,1,10,7,S,15:25,M,493,15:33,coho,,2.1,64.0169,-160.91451,8-May,0.8,0.5,60,58,7,S,85
1435,8/7/2020,32,1,10,8,N,16:00,M,517,16:08,coho,,1.1,64.0169,-160.91451,8-May,0.8,0.5,60,58,7,S,85
4355,8/7/2020,32,2,6,1,S,9:25,M,602,9:30,coho,,3,64.318,-161.13549,8-May,1.2,0.8,57,57,10,S,100
4375,8/7/2020,32,2,6,2,S,10:20,M,503,10:30,coho,,2.1,64.28751,-161.07744,SN,1.5,1.3,57,57,5,S,75
4395,8/7/2020,32,2,6,3,S,10:21,M,552,10:30,coho,,2.1,64.28751,-161.07744,SN,1.5,1.3,57,57,5,S,75
4415,8/7/2020,32,2,6,4,N,12:57,M,486,13:08,coho,Missing 1 scale,1.1,64.20131,-160.95188,SN,2.5,2,57,57,1,S,90
4435,8/7/2020,32,2,6,5,N,13:30,M,501,13:35,coho,,1.1,64.20131,-160.95188,SN,2.5,2,57,57,1,S,90
4455,8/7/2020,32,2,6,6,S,14:05,F,568,14:10,coho,,3,64.20131,-160.95188,8-Jul,2.5,2,57,57,1,S,90
4475,8/7/2020,32,2,6,7,S,14:05,M,549,14:10,coho,,3.1,64.20131,-160.95188,8-Jul,2.5,2,57,57,1,S,90
4495,8/7/2020,32,2,6,8,S,14:20,M,515,14:25,coho,,1.1,64.20131,-160.95188,8-Jul,2.5,2,57,57,1,S,90
4515,8/7/2020,32,2,6,9,S,15:05,M,511,15:15,coho,Needed rehab,3,64.20131,-160.95188,8-Jul,2.5,2,57,57,1,S,90
475,8/6/2020,32,1,6,1,S,12:00,F,519,12:03,coho,,1.1,64.03183,-160.92131,8-May,2.2,2.1,56,57,7,E,95
495,8/6/2020,32,1,6,2,N,12:20,M,517,12:26,coho,,2.1,64.01718,-160.91241,8-May,2.2,2.1,59,57,5,NW,60
515,8/6/2020,32,1,6,3,S,12:52,F,584,12:57,coho,,2.1,64.01718,-160.91241,8-May,2.2,2.1,59,57,5,NW,60
535,8/6/2020,32,1,6,4,N,13:09,M,515,13:14,coho,,1.1,64.01718,-160.91241,8-May,2.2,2.1,59,57,5,NW,60
555,8/6/2020,32,1,6,5,N,13:23,F,561,13:29,coho,,2.1,64.01718,-160.91241,8-May,2.2,2.1,59,57,5,NW,60
575,8/6/2020,32,1,6,6,N,13:34,M,515,13:38,coho,,1.1,64.01718,-160.91241,8-May,2.2,2.1,59,57,5,NW,60
595,8/6/2020,32,1,6,7,N,13:34,M,528,13:41,coho,,2.1,64.01718,-160.91241,8-May,2.2,2.1,59,57,5,NW,60
615,8/6/2020,32,1,6,8,N,13:34,M,519,13:44,coho,,2.1,64.01718,-160.91241,8-May,2.2,2.1,59,57,5,NW,60
635,8/6/2020,32,1,6,9,N,13:34,M,611,13:47,coho,,3,64.01718,-160.91241,8-May,2.2,2.1,59,57,5,NW,60
655,8/6/2020,32,1,6,10,N,13:34,F,536,13:49,coho,,2.1,64.01718,-160.91241,8-May,2.2,2.1,59,57,5,NW,60
675,8/6/2020,32,1,7,1,N,13:55,M,543,13:58,coho,,3.1,64.01718,-160.91241,8-May,2.2,2.1,59,57,5,NW,60
695,8/6/2020,32,1,7,2,N,14:12,F,547,14:16,coho,,3.1,64.01718,-160.91241,8-May,2.2,2.1,59,57,5,NW,60
715,8/6/2020,32,1,7,3,N,14:26,M,489,14:30,coho,,2.1,64.01718,-160.91241,8-May,2.2,2.1,59,57,5,NW,60
735,8/6/2020,32,1,7,4,N,14:41,M,543,14:45,coho,,2.1,64.01718,-160.91241,8-May,2.2,2.1,59,57,5,NW,60
755,8/6/2020,32,1,7,5,N,15:00,M,418,15:04,sockeye,,7,64.02528,-160.94028,8-May,2.2,2.1,59,57,5,NW,60
775,8/6/2020,32,1,7,6,N,15:11,M,564,15:15,coho,,2.1,64.01718,-160.91241,8-May,2.2,2.1,59,57,5,NW,60
795,8/6/2020,32,1,7,7,S,15:19,M,435,15:37,sockeye,,7,64.02528,-160.94028,8-May,2.2,2.1,59,57,5,NW,60
855,8/6/2020,32,1,7,8,N,15:30,F,551,15:38,coho,,2.1,64.01718,-160.91241,8-May,2.2,2.1,59,57,5,NW,60
875,8/6/2020,32,1,7,9,N,15:32,M,544,15:38,coho,,3,64.01718,-160.91241,8-May,2.2,2.1,59,57,5,NW,60
4295,8/6/2020,32,2,5,1,S,8:48,M,509,8:53,coho,,3.1,64.30087,-161.10278,8-May,1.5,1.25,54,56,5,SE,100
4315,8/6/2020,32,2,5,2,S,9:06,F,521,9:11,coho,,2.1,64.30087,-161.10278,8-May,1.5,1.25,54,56,5,SE,100
4335,8/6/2020,32,2,5,3,S,9:45,F,576,9:50,coho,,3,64.30087,-161.10278,8-May,1.5,1.25,54,56,5,SE,100
135,8/5/2020,32,1,4,1,S,12:37,M,512,12:41,coho,,1.1,65.85706,-160.78398,8-May,0.4,0.2,,,1,W,89
155,8/5/2020,32,1,4,2,N,14:18,F,529,14:26,coho,,2.1,64.01717,-160.91177,8-May,0.7,0.5,,,7,NW,75
175,8/5/2020,32,1,4,3,N,14:18,M,583,14:30,coho,,2.1,64.01717,-160.91177,8-May,0.7,0.5,,,7,NW,75
195,8/5/2020,32,1,4,4,N,14:33,M,524,14:38,coho,,2.1,64.01717,-160.91177,8-May,0.7,0.5,,,7,NW,75
215,8/5/2020,32,1,4,5,N,14:43,M,543,14:47,coho,,2.1,64.01717,-160.91177,8-May,0.7,0.5,,,7,NW,75
235,8/5/2020,32,1,4,6,S,15:12,M,505,15:16,coho,,2.1,64.01717,-160.91177,8-May,0.7,0.5,,,7,NW,75
255,8/5/2020,32,1,4,7,N,15:12,F,475,15:23,coho,,2.1,64.01717,-160.91177,8-May,0.7,0.5,,,7,NW,75
275,8/5/2020,32,1,4,8,N,15:15,M,515,15:28,coho,,2.1,64.01717,-160.91177,8-May,0.7,0.5,,,7,NW,75
295,8/5/2020,32,1,4,9,N,15:41,M,520,15:45,coho,,2.1,64.01717,-160.91177,8-May,0.7,0.5,,,7,NW,75
315,8/5/2020,32,1,4,10,N,15:45,M,524,15:53,coho,,1.1,64.01717,-160.91177,8-May,0.7,0.5,,,7,NW,75
335,8/5/2020,32,1,5,1,S,15:48,M,470,15:58,coho,,3,64.01717,-160.91177,8-May,0.7,0.5,,,7,NW,75
355,8/5/2020,32,1,5,2,N,15:48,M,464,16:06,coho,,2.1,64.01717,-160.91177,8-May,0.7,0.5,,,7,NW,75
375,8/5/2020,32,1,5,3,N,16:02,M,575,16:09,coho,,2.1,64.01717,-160.91177,8-May,0.7,0.5,,,7,NW,75
395,8/5/2020,32,1,5,4,S,16:03,M,498,16:12,coho,,1.1,64.01717,-160.91177,8-May,0.7,0.5,,,7,NW,75
415,8/5/2020,32,1,5,5,S,16:15,M,528,16:31,coho,,2.1,64.01717,-160.91177,8-May,0.7,0.5,,,7,NW,75
435,8/5/2020,32,1,5,6,N,16:17,M,499,16:27,coho,,2.1,64.01717,-160.91177,8-May,0.7,0.5,,,7,NW,75
455,8/5/2020,32,1,5,7,S,16:20,F,576,16:35,coho,,3,64.01717,-160.91177,8-May,0.7,0.5,,,7,NW,75
4175,8/5/2020,32,2,4,1,N,10:05,M,522,10:12,coho,,2.1,64.20107,-160.95113,8-Jul,1,0.75,51,54,,,85
4195,8/5/2020,32,2,4,2,S,10:30,F,554,10:35,coho,,2.1,64.20107,-160.95113,8-Jul,1,0.75,51,54,,,85
4215,8/5/2020,32,2,4,3,N,12:15,M,502,12:21,coho,,2.1,64.2434,-160.99139,8-Jul,1,0.75,58,53,5,N,75
4235,8/5/2020,32,2,4,4,N,12:33,M,564,12:37,coho,,2.1,64.2434,-160.99139,8-Jul,1,0.75,58,53,5,N,75
4255,8/5/2020,32,2,4,5,N,13:32,M,579,13:37,coho,,1.1,64.27306,-161.04833,SN,1,0.75,,58,,,90
4275,8/5/2020,32,2,4,6,S,14:55,F,505,15:00,coho,,2.1,64.18247,-160.95675,8-May,1.5,1.25,,59,,,50
75,8/4/2020,32,1,3,1,S,9:28,F,558,9:33,coho,,1.1,63.91225,-160.81984,8-May,0.4,0.3,58,58,2,S,87
95,8/4/2020,32,1,3,2,S,10:28,M,479,10:38,coho,,2.1,63.91225,-160.81984,8-May,0.4,0.3,58,58,2,S,87
115,8/4/2020,32,1,3,3,S,11:31,F,522,11:35,coho,,3,63.91225,-160.81984,8-May,0.4,0.3,58,58,2,S,87
815,8/3/2020,32,1,,1,S,14:25,F,543,14:30,coho,,3,63.95282,-160.85172,8-May,2.2,2.1,65,59,15,NW,60
835,8/3/2020,32,1,,2,S,14:48,M,585,14:51,coho,,3,63.95282,-160.85172,8-May,2.2,2.1,65,59,15,NW,60
4155,8/1/2020,32,2,3,2,S,12:24,F,549,12:30,coho,,2.1,64.27188,-161.04538,8-Jul,1,0.75,,57,20,NE,25
55,7/31/2020,31,1,2,1,S,10:01,M,499,10:07,coho,,2.1,63.82572,-160.76588,8-Jul,0.5,0.4,59,58,5,E,99
4015,7/31/2020,31,2,1,1,S,10:20,M,533,10:30,coho,Missing 1 scale,2.1,64.30035,-161.10313,8-Jul,0.5,0.25,,58,5,S,100
4035,7/31/2020,31,2,1,2,S,10:21,M,464,10:30,coho,Missing 1 scale,2.1,64.30035,-161.10313,8-Jul,0.5,0.25,,58,5,S,100
4055,7/31/2020,31,2,1,3,S,11:13,M,569,11:20,coho,,1.1,64.30035,-161.10313,8-Jul,0.5,0.25,,58,5,S,100
4075,7/31/2020,31,2,2,1,S,13:00,M,561,13:05,coho,,2.1,64.27227,-161.04572,8-Jul,0.5,0.25,,58,5,S,100
4095,7/31/2020,31,2,2,2,S,14:32,M,573,14:42,chinook,,7,64.31847,-161.1344,8-Jul,0.25,0.1,,57,5,SW,100
4115,7/31/2020,31,2,2,3,N,15:56,M,482,16:01,chinook,,7,64.31847,-161.1344,8-Jul,0.25,0.1,,57,5,SW,100
4135,7/31/2020,31,2,3,1,N,20:51,F,491,20:54,coho,,3,64.30087,-161.10278,8-Jul,1,0.7,,57,2,N,100
15,7/30/2020,31,1,1,1,S,13:01,M,540,13:12,coho,,3,63.97997,-160.88122,8-Jul,0.5,0.4,56,56,12,SE,100
35,7/30/2020,31,1,1,2,N,13:16,M,534,13:20,coho,,2.1,63.97997,-160.88122,8-Jul,0.5,0.4,56,56,12,SE,100
